사고번호,사고일시,요일,시군구,사고내용,사망자수,중상자수,경상자수,부상신고자수,사고유형,법규위반,노면상태,기상상태,도로형태,가해운전자 차종,가해운전자 성별,가해운전자 연령,가해운전자 상해정도,피해운전자 차종,피해운전자 성별,피해운전자 연령,피해운전자 상해정도
2020021600100350,2020년 2월 16일 17시,일요일,울산광역시 중구 학성동,경상사고,0,0,1,0,차대차 - 측면충돌,교차로운행방법위반,건조,맑음,교차로 - 교차로횡단보도내,자전거,남,8세,경상,승용,여,34세,상해없음
2020021600100351,2020년 2월 16일 17시,일요일,울산광역시 울주군 범서읍,경상사고,0,0,1,0,차대사람 - 기타,안전운전불이행,건조,맑음,교차로 - 교차로부근,승용,남,54세,상해없음,보행자,남,5세,경상
2020021700100028,2020년 2월 17일 05시,월요일,울산광역시 울주군 청량읍,중상사고,0,1,0,0,차대사람 - 기타,안전운전불이행,건조,맑음,교차로 - 교차로안,승용,남,56세,상해없음,보행자,남,44세,중상
2020021700100041,2020년 2월 17일 06시,월요일,울산광역시 중구 서동,경상사고,0,0,1,0,차대차 - 측면충돌,안전운전불이행,건조,맑음,교차로 - 교차로부근,승용,남,56세,상해없음,승용,여,28세,경상
2020021700100042,2020년 2월 17일 06시,월요일,울산광역시 남구 신정동,중상사고,0,1,0,0,차대차 - 측면충돌,안전운전불이행,건조,맑음,교차로 - 교차로안,승용,남,53세,상해없음,자전거,남,67세,중상
2020021700100069,2020년 2월 17일 07시,월요일,울산광역시 북구 염포동,경상사고,0,0,2,0,차대차 - 추돌,안전운전불이행,건조,맑음,교차로 - 교차로부근,이륜,남,44세,경상,이륜,남,38세,경상
2020021700100191,2020년 2월 17일 10시,월요일,울산광역시 남구 달동,경상사고,0,0,1,0,차대사람 - 횡단중,안전운전불이행,건조,맑음,교차로 - 교차로안,승용,여,34세,상해없음,보행자,여,56세,경상
2020021700100192,2020년 2월 17일 10시,월요일,울산광역시 동구 방어동,중상사고,0,1,0,0,차량단독 - 기타,안전운전불이행,건조,맑음,교차로 - 교차로부근,승합,남,53세,상해없음,,,,
2020021700100193,2020년 2월 17일 10시,월요일,울산광역시 울주군 범서읍,사망사고,1,1,0,0,차량단독 - 공작물충돌,안전운전불이행,건조,맑음,단일로 - 기타,화물,남,69세,사망,,,,
2020021700100301,2020년 2월 17일 13시,월요일,울산광역시 남구 신정동,경상사고,0,0,1,0,차대사람 - 횡단중,보행자보호의무위반,건조,맑음,단일로 - 기타,승용,남,62세,상해없음,보행자,여,27세,경상
2020021700100384,2020년 2월 17일 15시,월요일,울산광역시 북구 연암동,경상사고,0,0,2,0,차대차 - 측면충돌,교차로운행방법위반,건조,맑음,교차로 - 교차로안,승용,남,27세,상해없음,이륜,남,21세,경상
2020021700100385,2020년 2월 17일 15시,월요일,울산광역시 동구 전하동,중상사고,0,1,0,0,차대차 - 측면충돌,안전운전불이행,건조,맑음,교차로 - 교차로부근,승합,남,49세,상해없음,이륜,남,38세,중상
2020021700100386,2020년 2월 17일 15시,월요일,울산광역시 울주군 온양읍,경상사고,0,0,1,0,차대사람 - 횡단중,안전운전불이행,건조,맑음,교차로 - 교차로부근,승용,남,48세,상해없음,보행자,남,9세,경상
2020021700100459,2020년 2월 17일 17시,월요일,울산광역시 남구 달동,중상사고,0,1,0,0,차대차 - 측면충돌,중앙선침범,건조,맑음,단일로 - 기타,승용,남,77세,상해없음,이륜,남,47세,중상
2020021700100613,2020년 2월 17일 20시,월요일,울산광역시 북구 화봉동,경상사고,0,0,1,1,차대차 - 측면충돌,차로위반,건조,맑음,단일로 - 기타,승용,여,38세,부상신고,화물,남,36세,경상
2020021700100648,2020년 2월 17일 21시,월요일,울산광역시 남구 달동,중상사고,0,1,0,0,차대차 - 측면충돌,교차로운행방법위반,건조,맑음,교차로 - 교차로안,승용,남,40세,상해없음,이륜,남,24세,중상
2020021700100676,2020년 2월 17일 22시,월요일,울산광역시 남구 야음동,경상사고,0,0,1,0,차대차 - 측면충돌,신호위반,건조,맑음,교차로 - 교차로안,이륜,남,16세,상해없음,이륜,남,21세,경상
2020021700100697,2020년 2월 17일 23시,월요일,울산광역시 남구 신정동,중상사고,0,1,2,0,차대차 - 측면충돌,신호위반,건조,맑음,교차로 - 교차로안,승용,여,28세,경상,승용,남,57세,중상
2020021800100099,2020년 2월 18일 07시,화요일,울산광역시 울주군 온산읍,중상사고,0,1,0,0,차대사람 - 횡단중,안전운전불이행,건조,맑음,교차로 - 교차로안,승합,남,71세,상해없음,보행자,여,55세,중상
2020021800100175,2020년 2월 18일 09시,화요일,울산광역시 남구 달동,경상사고,0,0,1,0,차대차 - 측면충돌,안전거리미확보,건조,맑음,단일로 - 기타,승용,남,29세,상해없음,승용,남,28세,경상
2020021800100203,2020년 2월 18일 10시,화요일,울산광역시 동구 전하동,중상사고,0,1,0,0,차대차 - 측면충돌,기타,건조,맑음,교차로 - 교차로안,승용,남,48세,상해없음,자전거,남,50세,중상
2020021800100239,2020년 2월 18일 11시,화요일,울산광역시 남구 야음동,중상사고,0,1,0,0,차대사람 - 횡단중,안전운전불이행,건조,맑음,교차로 - 교차로횡단보도내,승용,여,56세,상해없음,보행자,남,64세,중상
2020021800100276,2020년 2월 18일 12시,화요일,울산광역시 남구 여천동,경상사고,0,0,1,0,차대사람 - 기타,안전운전불이행,건조,맑음,교차로 - 교차로안,화물,남,76세,상해없음,보행자,남,72세,경상
2020021800100578,2020년 2월 18일 18시,화요일,울산광역시 북구 호계동,경상사고,0,0,1,0,차대차 - 기타,안전운전불이행,건조,맑음,단일로 - 기타,화물,남,67세,상해없음,승용,여,52세,경상
2020021800100631,2020년 2월 18일 19시,화요일,울산광역시 북구 매곡동,중상사고,0,1,0,0,차대사람 - 길가장자리구역통행중,안전운전불이행,건조,맑음,교차로 - 교차로안,이륜,남,40세,상해없음,보행자,여,31세,중상
2020021800100632,2020년 2월 18일 19시,화요일,울산광역시 남구 삼산동,경상사고,0,0,1,0,차대차 - 기타,신호위반,건조,맑음,교차로 - 교차로안,승합,남,44세,상해없음,승용,남,40세,경상
2020021800100713,2020년 2월 18일 21시,화요일,울산광역시 동구 전하동,경상사고,0,0,4,0,차대차 - 측면충돌,중앙선침범,건조,맑음,교차로 - 교차로안,승용,남,66세,상해없음,승용,여,51세,경상
2020021800100769,2020년 2월 18일 23시,화요일,울산광역시 북구 호계동,경상사고,0,0,3,0,차대차 - 측면충돌,기타,건조,맑음,단일로 - 기타,승용,남,58세,경상,승용,남,38세,경상
2020021900100130,2020년 2월 19일 08시,수요일,울산광역시 남구 무거동,중상사고,0,1,0,0,차대차 - 추돌,안전운전불이행,건조,맑음,단일로 - 기타,승용,여,40세,상해없음,승용,남,49세,상해없음
2020021900100192,2020년 2월 19일 10시,수요일,울산광역시 울주군 온산읍,경상사고,0,0,1,0,차대사람 - 기타,안전운전불이행,건조,맑음,교차로 - 교차로안,화물,남,48세,상해없음,보행자,남,64세,경상
2020021900100233,2020년 2월 19일 11시,수요일,울산광역시 울주군 언양읍,경상사고,0,0,1,0,차대차 - 측면충돌,신호위반,건조,맑음,교차로 - 교차로안,이륜,남,29세,경상,승용,여,70세,상해없음
2020021900100269,2020년 2월 19일 12시,수요일,울산광역시 중구 성남동,경상사고,0,0,1,0,차대사람 - 횡단중,안전운전불이행,건조,맑음,단일로 - 기타,승용,여,61세,상해없음,보행자,남,75세,경상
2020021900100303,2020년 2월 19일 13시,수요일,울산광역시 중구 우정동,부상신고사고,0,0,0,1,차대차 - 측면충돌,직진우회전진행방해,건조,맑음,교차로 - 교차로안,이륜,남,22세,부상신고,승용,여,61세,상해없음
2020021900100436,2020년 2월 19일 16시,수요일,울산광역시 울주군 온산읍,중상사고,0,2,1,0,차량단독 - 공작물충돌,안전운전불이행,건조,맑음,단일로 - 기타,승용,남,19세,상해없음,,,,
2020021900100437,2020년 2월 19일 16시,수요일,울산광역시 울주군 두동면,중상사고,0,1,0,0,차대차 - 추돌,안전운전불이행,건조,맑음,교차로 - 교차로부근,화물,남,37세,중상,화물,남,44세,상해없음
2020021900100583,2020년 2월 19일 19시,수요일,울산광역시 남구 달동,중상사고,0,1,0,0,차대차 - 기타,중앙선침범,건조,맑음,단일로 - 기타,승용,여,29세,상해없음,이륜,남,39세,중상
2020021900100684,2020년 2월 19일 22시,수요일,울산광역시 중구 약사동,경상사고,0,0,1,0,차대차 - 후진중충돌,안전운전불이행,건조,맑음,교차로 - 교차로부근,승용,남,24세,상해없음,승용,남,47세,경상
2020022000100020,2020년 2월 20일 00시,목요일,울산광역시 북구 명촌동,중상사고,0,1,0,1,차대사람 - 보도통행중,기타,건조,맑음,단일로 - 기타,승용,남,48세,부상신고,보행자,남,41세,중상
2020022000100059,2020년 2월 20일 06시,목요일,울산광역시 울주군 청량읍,사망사고,1,0,0,0,차대차 - 기타,안전운전불이행,건조,맑음,단일로 - 기타,승용,남,65세,상해없음,승용,남,28세,사망
2020022000100128,2020년 2월 20일 08시,목요일,울산광역시 중구 약사동,경상사고,0,0,3,0,차대차 - 측면충돌,신호위반,건조,맑음,교차로 - 교차로안,승용,여,75세,경상,승합,남,53세,경상
2020022000100236,2020년 2월 20일 11시,목요일,울산광역시 울주군 웅촌면,경상사고,0,0,1,0,차대차 - 측면충돌,안전운전불이행,건조,맑음,기타 - 기타,승용,여,36세,상해없음,승용,여,62세,경상
2020022000100237,2020년 2월 20일 11시,목요일,울산광역시 울주군 온산읍,경상사고,0,0,1,0,차대차 - 측면충돌,교차로운행방법위반,건조,맑음,단일로 - 지하차도(도로)내,승용,여,31세,상해없음,승용,남,37세,경상
2020022000100275,2020년 2월 20일 12시,목요일,울산광역시 남구 신정동,중상사고,0,1,0,0,차대차 - 측면충돌,신호위반,건조,맑음,단일로 - 기타,승합,여,65세,상해없음,이륜,남,53세,중상
2020022000100276,2020년 2월 20일 12시,목요일,울산광역시 남구 신정동,중상사고,0,1,0,0,차대사람 - 횡단중,보행자보호의무위반,건조,맑음,교차로 - 교차로횡단보도내,화물,남,49세,상해없음,보행자,남,70세,중상
2020022000100310,2020년 2월 20일 13시,목요일,울산광역시 북구 진장동,경상사고,0,0,3,0,차대차 - 측면충돌,교차로운행방법위반,건조,맑음,단일로 - 기타,승용,여,58세,경상,승용,여,53세,경상
2020022000100472,2020년 2월 20일 17시,목요일,울산광역시 남구 삼산동,경상사고,0,0,1,0,차대차 - 기타,신호위반,건조,맑음,교차로 - 교차로안,승용,남,26세,상해없음,자전거,남,27세,경상
2020022000100473,2020년 2월 20일 17시,목요일,울산광역시 남구 삼산동,경상사고,0,0,3,0,차대차 - 측면충돌,안전운전불이행,건조,맑음,단일로 - 기타,승용,남,74세,상해없음,승용,여,51세,경상
2020022000100531,2020년 2월 20일 18시,목요일,울산광역시 중구 다운동,중상사고,0,1,1,0,차대차 - 측면충돌,안전거리미확보,건조,맑음,단일로 - 기타,승용,남,46세,상해없음,이륜,남,53세,중상
2020022000100620,2020년 2월 20일 20시,목요일,울산광역시 북구 중산동,중상사고,0,2,0,0,차대차 - 추돌,안전운전불이행,건조,맑음,단일로 - 기타,승용,남,41세,상해없음,승용,여,45세,중상
2020022000100676,2020년 2월 20일 22시,목요일,울산광역시 남구 무거동,경상사고,0,0,1,0,차대사람 - 기타,기타,건조,맑음,단일로 - 기타,승합,남,45세,상해없음,보행자,여,12세,경상
2020022100100075,2020년 2월 21일 05시,금요일,울산광역시 남구 신정동,경상사고,0,0,2,0,차대차 - 추돌,안전거리미확보,건조,맑음,단일로 - 기타,승용,남,62세,상해없음,승합,남,47세,상해없음
2020022100100096,2020년 2월 21일 06시,금요일,울산광역시 남구 여천동,중상사고,0,1,0,0,차대사람 - 횡단중,중앙선침범,건조,맑음,단일로 - 기타,승용,남,55세,상해없음,보행자,여,63세,중상
2020022100100119,2020년 2월 21일 07시,금요일,울산광역시 동구 전하동,경상사고,0,0,1,0,차대차 - 기타,안전거리미확보,건조,맑음,기타 - 기타,승용,남,62세,상해없음,이륜,남,22세,경상
2020022100100160,2020년 2월 21일 08시,금요일,울산광역시 남구 무거동,중상사고,0,1,0,0,차대사람 - 횡단중,보행자보호의무위반,건조,맑음,교차로 - 교차로부근,승용,여,42세,상해없음,보행자,여,70세,중상
2020022100100218,2020년 2월 21일 10시,금요일,울산광역시 중구 복산동,경상사고,0,0,1,0,차대차 - 측면충돌,안전거리미확보,건조,맑음,단일로 - 기타,승용,남,19세,상해없음,승용,여,60세,경상
2020022100100245,2020년 2월 21일 11시,금요일,울산광역시 중구 복산동,중상사고,0,1,1,0,차대차 - 측면충돌,교차로운행방법위반,건조,맑음,교차로 - 교차로안,승용,여,52세,중상,승용,여,60세,경상
2020022100100246,2020년 2월 21일 11시,금요일,울산광역시 동구 서부동,경상사고,0,0,2,0,차대차 - 측면충돌,신호위반,건조,맑음,교차로 - 교차로안,승용,여,58세,경상,승용,여,36세,경상
2020022100100372,2020년 2월 21일 15시,금요일,울산광역시 울주군 언양읍,중상사고,0,1,0,0,차대차 - 기타,안전거리미확보,건조,맑음,단일로 - 기타,승용,남,61세,상해없음,원동기,남,48세,중상
2020022100100486,2020년 2월 21일 18시,금요일,울산광역시 중구 반구동,경상사고,0,0,1,1,차대차 - 측면충돌,신호위반,건조,맑음,교차로 - 교차로안,승용,남,27세,부상신고,이륜,남,23세,경상
2020022100100544,2020년 2월 21일 19시,금요일,울산광역시 북구 상안동,사망사고,1,0,0,1,차대차 - 추돌,과속,건조,맑음,단일로 - 기타,승용,남,36세,부상신고,농기계,남,73세,사망
2020022100100545,2020년 2월 21일 19시,금요일,울산광역시 북구 명촌동,경상사고,0,0,1,0,차대차 - 측면충돌,안전운전불이행,건조,맑음,단일로 - 기타,승용,남,53세,상해없음,승용,남,61세,경상
2020022100100546,2020년 2월 21일 19시,금요일,울산광역시 남구 신정동,중상사고,0,1,0,0,차량단독 - 기타,기타,건조,맑음,단일로 - 기타,승합,남,42세,상해없음,,,,
2020022100100666,2020년 2월 21일 22시,금요일,울산광역시 울주군 온산읍,중상사고,0,1,0,1,차대사람 - 기타,보행자보호의무위반,젖음/습기,비,단일로 - 기타,이륜,남,46세,부상신고,보행자,남,67세,중상
2020022100100701,2020년 2월 21일 23시,금요일,울산광역시 중구 학산동,중상사고,0,1,0,0,차대사람 - 횡단중,신호위반,젖음/습기,맑음,교차로 - 교차로안,이륜,남,26세,상해없음,보행자,남,60세,중상
2020022200100031,2020년 2월 22일 00시,토요일,울산광역시 남구 삼산동,경상사고,0,0,1,0,차대사람 - 횡단중,안전운전불이행,젖음/습기,비,교차로 - 교차로부근,승용,남,53세,상해없음,보행자,남,35세,경상
2020022200100056,2020년 2월 22일 01시,토요일,울산광역시 남구 달동,경상사고,0,0,1,1,차대차 - 추돌,안전운전불이행,젖음/습기,비,교차로 - 교차로부근,승용,남,61세,상해없음,승용,남,66세,경상
2020022200100118,2020년 2월 22일 07시,토요일,울산광역시 남구 삼산동,중상사고,0,1,0,0,차대사람 - 기타,안전운전불이행,건조,맑음,기타 - 기타,승용,남,25세,상해없음,보행자,남,38세,중상
2020022200100134,2020년 2월 22일 08시,토요일,울산광역시 중구 서동,경상사고,0,0,9,0,차대차 - 측면충돌,교차로운행방법위반,건조,맑음,교차로 - 교차로안,승용,여,63세,경상,승합,남,47세,경상
2020022200100169,2020년 2월 22일 10시,토요일,울산광역시 울주군 온산읍,부상신고사고,0,0,0,1,차대차 - 정면충돌,중앙선침범,건조,맑음,단일로 - 기타,승용,남,46세,부상신고,승용,남,56세,기타불명
2020022200100286,2020년 2월 22일 14시,토요일,울산광역시 울주군 범서읍,부상신고사고,0,0,0,1,차대차 - 후진중충돌,불법유턴,건조,맑음,단일로 - 지하차도(도로)내,승용,남,69세,상해없음,이륜,남,20세,부상신고
2020022200100318,2020년 2월 22일 15시,토요일,울산광역시 동구 방어동,중상사고,0,1,0,0,차대사람 - 보도통행중,보행자보호의무위반,건조,맑음,단일로 - 기타,화물,남,56세,상해없음,보행자,남,77세,중상
2020022200100363,2020년 2월 22일 17시,토요일,울산광역시 울주군 온양읍,부상신고사고,0,0,0,1,차대차 - 기타,교차로운행방법위반,건조,맑음,단일로 - 지하차도(도로)내,이륜,남,30세,부상신고,승용,여,35세,기타불명
2020022200100437,2020년 2월 22일 20시,토요일,울산광역시 남구 신정동,중상사고,0,1,1,0,차대차 - 측면충돌,신호위반,건조,맑음,교차로 - 교차로안,승용,남,24세,상해없음,승용,남,62세,중상
2020022200100438,2020년 2월 22일 20시,토요일,울산광역시 남구 신정동,경상사고,0,0,1,0,차대차 - 측면충돌,교차로운행방법위반,건조,맑음,교차로 - 교차로안,승용,남,24세,상해없음,승용,남,57세,경상
2020022200100439,2020년 2월 22일 20시,토요일,울산광역시 울주군 온양읍,중상사고,0,1,0,0,차대사람 - 횡단중,안전운전불이행,건조,맑음,교차로 - 교차로안,승용,남,62세,상해없음,보행자,남,73세,중상
2020022300100066,2020년 2월 23일 08시,일요일,울산광역시 울주군 상북면,경상사고,0,0,2,1,차대차 - 추돌,안전운전불이행,건조,맑음,단일로 - 터널,승용,남,45세,경상,승용,남,42세,경상
2020022300100082,2020년 2월 23일 09시,일요일,울산광역시 북구 무룡동,경상사고,0,0,3,0,차대차 - 정면충돌,중앙선침범,건조,맑음,단일로 - 기타,이륜,남,60세,경상,승용,남,60세,경상
2020022300100114,2020년 2월 23일 11시,일요일,울산광역시 남구 삼산동,중상사고,0,1,0,0,차대차 - 기타,신호위반,건조,맑음,교차로 - 교차로안,화물,남,64세,상해없음,이륜,남,19세,중상
2020022300100241,2020년 2월 23일 17시,일요일,울산광역시 남구 신정동,중상사고,0,1,0,0,차대사람 - 기타,안전운전불이행,건조,맑음,단일로 - 지하차도(도로)내,승용,남,65세,상해없음,보행자,남,82세,중상
2020022300100262,2020년 2월 23일 18시,일요일,울산광역시 남구 달동,중상사고,0,1,0,0,차량단독 - 공작물충돌,안전운전불이행,건조,맑음,단일로 - 기타,화물,남,54세,중상,,,,
2020022400100058,2020년 2월 24일 06시,월요일,울산광역시 남구 달동,중상사고,0,1,0,0,차대차 - 후진중충돌,신호위반,건조,맑음,교차로 - 교차로안,승용,남,56세,상해없음,승용,여,40세,상해없음
2020022400100074,2020년 2월 24일 07시,월요일,울산광역시 남구 신정동,경상사고,0,0,1,0,차대차 - 측면충돌,직진우회전진행방해,건조,맑음,교차로 - 교차로안,승용,남,40세,상해없음,승용,여,55세,경상
2020022400100075,2020년 2월 24일 07시,월요일,울산광역시 남구 상개동,경상사고,0,0,1,0,차대차 - 측면충돌,안전운전불이행,건조,맑음,단일로 - 기타,화물,남,43세,상해없음,승용,남,31세,경상
2020022400100248,2020년 2월 24일 13시,월요일,울산광역시 북구 진장동,경상사고,0,0,1,0,차량단독 - 전도전복 - 전도,안전운전불이행,건조,맑음,교차로 - 교차로안,화물,남,59세,경상,,,,
2020022400100249,2020년 2월 24일 13시,월요일,울산광역시 남구 신정동,경상사고,0,0,1,0,차대차 - 측면충돌,교차로운행방법위반,건조,맑음,교차로 - 교차로안,승용,여,63세,상해없음,이륜,남,51세,경상
2020022400100284,2020년 2월 24일 14시,월요일,울산광역시 중구 학산동,경상사고,0,0,1,0,차대차 - 측면충돌,안전운전불이행,건조,맑음,교차로 - 교차로횡단보도내,승용,남,52세,상해없음,자전거,남,12세,경상
2020022400100285,2020년 2월 24일 14시,월요일,울산광역시 남구 삼산동,경상사고,0,0,1,0,차대차 - 측면충돌,교차로운행방법위반,건조,맑음,교차로 - 교차로안,승용,여,57세,상해없음,승용,여,27세,경상
2020022400100366,2020년 2월 24일 17시,월요일,울산광역시 동구 서부동,중상사고,0,1,0,0,차대차 - 측면충돌,기타,건조,맑음,교차로 - 교차로안,이륜,남,63세,중상,승용,남,59세,상해없음
2020022400100398,2020년 2월 24일 18시,월요일,울산광역시 남구 상개동,중상사고,0,1,0,0,차대차 - 측면충돌,차로위반,건조,맑음,교차로 - 교차로부근,원동기,남,74세,중상,화물,남,54세,상해없음
2020022400100399,2020년 2월 24일 18시,월요일,울산광역시 울주군 언양읍,경상사고,0,0,1,0,차량단독 - 공작물충돌,안전운전불이행,건조,맑음,교차로 - 교차로안,승용,여,19세,경상,,,,
2020022400100400,2020년 2월 24일 18시,월요일,울산광역시 울주군 웅촌면,중상사고,0,1,0,0,차대차 - 추돌,안전거리미확보,건조,맑음,단일로 - 기타,승용,남,38세,상해없음,승용,여,53세,중상
2020022500100053,2020년 2월 25일 05시,화요일,울산광역시 울주군 청량읍,경상사고,0,0,1,1,차대차 - 측면충돌,신호위반,젖음/습기,비,교차로 - 교차로안,승용,남,56세,경상,이륜,남,59세,부상신고
2020022500100090,2020년 2월 25일 07시,화요일,울산광역시 동구 서부동,경상사고,0,0,1,0,차대사람 - 횡단중,보행자보호의무위반,젖음/습기,비,교차로 - 교차로횡단보도내,이륜,남,45세,상해없음,보행자,남,44세,경상
2020022500100115,2020년 2월 25일 08시,화요일,울산광역시 남구 달동,경상사고,0,0,2,0,차대차 - 기타,교차로운행방법위반,젖음/습기,비,교차로 - 교차로안,승용,여,40세,기타불명,승용,여,52세,경상
2020022500100185,2020년 2월 25일 11시,화요일,울산광역시 울주군 삼남면,경상사고,0,0,3,0,차대차 - 측면충돌,교차로운행방법위반,젖음/습기,비,교차로 - 교차로안,승용,남,56세,경상,승용,남,41세,경상
2020022500100235,2020년 2월 25일 13시,화요일,울산광역시 북구 염포동,경상사고,0,0,1,0,차대차 - 기타,안전운전불이행,젖음/습기,맑음,단일로 - 기타,이륜,남,20세,경상,승용,여,43세,상해없음
2020022500100260,2020년 2월 25일 15시,화요일,울산광역시 울주군 삼남면,경상사고,0,0,1,0,차대차 - 측면충돌,안전거리미확보,젖음/습기,비,단일로 - 기타,승합,남,52세,상해없음,승용,남,60세,경상
2020022500100276,2020년 2월 25일 15시,화요일,울산광역시 울주군 서생면,부상신고사고,0,0,0,3,차대차 - 측면충돌,직진우회전진행방해,건조,맑음,교차로 - 교차로안,화물,남,34세,상해없음,승합,남,64세,부상신고
2020022500100326,2020년 2월 25일 17시,화요일,울산광역시 동구 화정동,경상사고,0,0,1,0,차대차 - 측면충돌,신호위반,젖음/습기,비,교차로 - 교차로안,승용,남,46세,상해없음,이륜,남,55세,경상
2020022500100425,2020년 2월 25일 20시,화요일,울산광역시 중구 태화동,경상사고,0,0,2,0,차대차 - 측면충돌,안전운전불이행,젖음/습기,비,단일로 - 기타,승용,남,70세,상해없음,승용,남,70세,경상
2020022500100457,2020년 2월 25일 22시,화요일,울산광역시 중구 반구동,부상신고사고,0,0,0,1,차대차 - 측면충돌,안전거리미확보,젖음/습기,비,단일로 - 기타,승용,남,58세,부상신고,승용,여,27세,상해없음
2020022600100178,2020년 2월 26일 11시,수요일,울산광역시 울주군 웅촌면,경상사고,0,0,1,0,차대사람 - 기타,안전운전불이행,건조,맑음,단일로 - 지하차도(도로)내,승용,남,73세,상해없음,보행자,남,45세,경상
2020022600100197,2020년 2월 26일 12시,수요일,울산광역시 남구 달동,중상사고,0,1,0,0,차대사람 - 횡단중,보행자보호의무위반,건조,맑음,단일로 - 기타,화물,남,71세,상해없음,보행자,여,63세,중상
2020022600100219,2020년 2월 26일 13시,수요일,울산광역시 남구 달동,경상사고,0,0,1,0,차대차 - 측면충돌,안전운전불이행,건조,맑음,교차로 - 교차로부근,승용,남,43세,상해없음,승용,남,54세,경상
2020022600100305,2020년 2월 26일 17시,수요일,울산광역시 중구 학성동,부상신고사고,0,0,0,1,차대차 - 측면충돌,안전운전불이행,건조,맑음,단일로 - 기타,화물,남,57세,부상신고,승용,남,60세,기타불명
2020022600100356,2020년 2월 26일 18시,수요일,울산광역시 중구 다운동,중상사고,0,1,0,0,차대사람 - 차도통행중,안전운전불이행,건조,맑음,단일로 - 기타,승용,남,35세,상해없음,보행자,남,59세,중상
2020022600100396,2020년 2월 26일 19시,수요일,울산광역시 동구 일산동,경상사고,0,0,1,0,차대차 - 추돌,안전운전불이행,건조,맑음,교차로 - 교차로안,이륜,남,58세,경상,승용,남,26세,상해없음
2020022600100425,2020년 2월 26일 20시,수요일,울산광역시 북구 화봉동,경상사고,0,0,1,0,차대차 - 측면충돌,안전운전불이행,건조,맑음,교차로 - 교차로부근,승용,남,30세,상해없음,이륜,여,28세,경상
2020022600100443,2020년 2월 26일 21시,수요일,울산광역시 중구 반구동,중상사고,0,1,0,0,차대차 - 측면충돌,신호위반,건조,맑음,교차로 - 교차로안,이륜,남,18세,상해없음,이륜,남,43세,중상
2020022600100444,2020년 2월 26일 21시,수요일,울산광역시 울주군 온산읍,중상사고,0,1,0,0,차대사람 - 횡단중,신호위반,젖음/습기,비,교차로 - 교차로안,승용,남,20세,상해없음,보행자,여,58세,중상
2020022700100188,2020년 2월 27일 12시,목요일,울산광역시 중구 장현동,중상사고,0,1,0,0,차량단독 - 공작물충돌,안전운전불이행,건조,맑음,단일로 - 기타,이륜,남,70세,중상,,,,
2020022800100048,2020년 2월 28일 06시,금요일,울산광역시 남구 매암동,경상사고,0,0,1,0,차대차 - 측면충돌,차로위반,건조,맑음,단일로 - 기타,승용,남,25세,상해없음,승용,남,63세,경상
2020022800100191,2020년 2월 28일 13시,금요일,울산광역시 남구 달동,중상사고,0,1,1,0,차대차 - 측면충돌,신호위반,건조,맑음,교차로 - 교차로안,승용,여,46세,상해없음,승용,남,49세,중상
2020022800100214,2020년 2월 28일 14시,금요일,울산광역시 북구 양정동,경상사고,0,0,1,0,차대사람 - 횡단중,안전운전불이행,건조,맑음,단일로 - 기타,이륜,남,41세,상해없음,보행자,남,40세,경상
2020022800100234,2020년 2월 28일 15시,금요일,울산광역시 중구 우정동,중상사고,0,1,0,0,차대차 - 측면충돌,안전거리미확보,건조,맑음,단일로 - 기타,건설기계,남,37세,상해없음,승용,남,19세,중상
2020022800100259,2020년 2월 28일 16시,금요일,울산광역시 북구 명촌동,경상사고,0,0,2,0,차대차 - 추돌,안전운전불이행,건조,맑음,단일로 - 기타,승용,남,42세,상해없음,승용,남,25세,경상
2020022800100286,2020년 2월 28일 17시,금요일,울산광역시 동구 방어동,경상사고,0,0,3,0,차대차 - 추돌,안전거리미확보,젖음/습기,비,단일로 - 기타,승용,남,23세,경상,승용,남,36세,경상
2020022800100324,2020년 2월 28일 18시,금요일,울산광역시 울주군 온산읍,경상사고,0,0,1,0,차대차 - 기타,기타,젖음/습기,비,기타 - 기타,승용,남,48세,기타불명,승합,남,58세,경상
2020022900100020,2020년 2월 29일 00시,토요일,울산광역시 동구 전하동,경상사고,0,0,1,0,차대차 - 후진중충돌,안전운전불이행,건조,맑음,단일로 - 기타,승용,여,57세,상해없음,개인형이동수단(PM),여,48세,경상
2020022900100048,2020년 2월 29일 02시,토요일,울산광역시 북구 연암동,경상사고,0,0,1,0,차대차 - 정면충돌,안전운전불이행,건조,맑음,단일로 - 기타,승용,남,25세,상해없음,승용,남,41세,경상
2020022900100094,2020년 2월 29일 08시,토요일,울산광역시 울주군 청량읍,경상사고,0,0,1,0,차대차 - 기타,교차로운행방법위반,건조,맑음,교차로 - 교차로안,승용,남,68세,상해없음,승용,남,48세,경상
2020022900100241,2020년 2월 29일 15시,토요일,울산광역시 울주군 온양읍,경상사고,0,0,2,0,차대차 - 측면충돌,안전운전불이행,건조,맑음,교차로 - 교차로안,승용,남,48세,상해없음,승용,남,37세,경상
2020022900100412,2020년 2월 29일 23시,토요일,울산광역시 남구 삼산동,경상사고,0,0,1,0,차대차 - 측면충돌,안전운전불이행,건조,맑음,단일로 - 기타,승용,남,25세,상해없음,승용,남,25세,경상
2020022900100413,2020년 2월 29일 23시,토요일,울산광역시 남구 신정동,경상사고,0,0,2,0,차대차 - 추돌,안전운전불이행,건조,맑음,교차로 - 교차로부근,승용,남,36세,상해없음,승용,남,30세,경상