사고번호,사고일시,요일,시군구,사고내용,사망자수,중상자수,경상자수,부상신고자수,사고유형,법규위반,노면상태,기상상태,도로형태,가해운전자 차종,가해운전자 성별,가해운전자 연령,가해운전자 상해정도,피해운전자 차종,피해운전자 성별,피해운전자 연령,피해운전자 상해정도
2020031500100047,2020년 3월 15일 04시,일요일,울산광역시 남구 달동,경상사고,0,0,1,0,차량단독 - 공작물충돌,안전운전불이행,건조,맑음,단일로 - 기타,승용,남,42세,기타불명,,,,
2020031500100148,2020년 3월 15일 13시,일요일,울산광역시 울주군 삼남면,중상사고,0,1,0,1,차대차 - 측면충돌,안전운전불이행,건조,맑음,교차로 - 교차로안,승용,남,63세,상해없음,승합,남,37세,중상
2020031500100335,2020년 3월 15일 22시,일요일,울산광역시 북구 호계동,중상사고,0,1,0,0,차대사람 - 기타,안전운전불이행,건조,맑음,단일로 - 기타,승용,남,22세,상해없음,보행자,여,18세,중상
2020031500100336,2020년 3월 15일 22시,일요일,울산광역시 남구 달동,경상사고,0,0,1,0,차대차 - 측면충돌,안전거리미확보,건조,맑음,단일로 - 기타,승용,여,57세,상해없음,승용,남,72세,경상
2020031600100015,2020년 3월 16일 01시,월요일,울산광역시 남구 달동,경상사고,0,0,1,0,차대사람 - 길가장자리구역통행중,안전운전불이행,건조,맑음,교차로 - 교차로부근,승용,여,20세,상해없음,보행자,남,46세,경상
2020031600100145,2020년 3월 16일 09시,월요일,울산광역시 남구 삼산동,경상사고,0,0,1,0,차대사람 - 횡단중,안전운전불이행,건조,맑음,단일로 - 기타,승용,남,28세,상해없음,보행자,여,59세,경상
2020031600100179,2020년 3월 16일 10시,월요일,울산광역시 남구 달동,경상사고,0,0,2,0,차대차 - 측면충돌,차로위반,건조,맑음,단일로 - 기타,승용,남,65세,상해없음,승용,여,53세,경상
2020031600100256,2020년 3월 16일 13시,월요일,울산광역시 북구 명촌동,경상사고,0,0,1,0,차대차 - 측면충돌,직진우회전진행방해,건조,맑음,교차로 - 교차로안,승용,여,31세,상해없음,원동기,남,27세,경상
2020031600100386,2020년 3월 16일 17시,월요일,울산광역시 울주군 온양읍,경상사고,0,0,1,0,차대차 - 추돌,안전운전불이행,건조,맑음,교차로 - 교차로안,승용,남,56세,상해없음,승용,남,54세,경상
2020031600100425,2020년 3월 16일 18시,월요일,울산광역시 남구 삼산동,경상사고,0,0,1,0,차대차 - 측면충돌,직진우회전진행방해,건조,맑음,교차로 - 교차로안,승용,남,18세,상해없음,승용,여,46세,경상
2020031600100426,2020년 3월 16일 18시,월요일,울산광역시 울주군 언양읍,경상사고,0,0,1,0,차대차 - 추돌,교차로운행방법위반,건조,맑음,교차로 - 교차로안,승용,남,37세,상해없음,승용,여,40세,경상
2020031700100017,2020년 3월 17일 01시,화요일,울산광역시 남구 달동,경상사고,0,0,1,0,차대차 - 기타,교차로운행방법위반,건조,맑음,교차로 - 교차로안,승용,남,19세,상해없음,이륜,남,23세,경상
2020031700100025,2020년 3월 17일 03시,화요일,울산광역시 동구 방어동,부상신고사고,0,0,0,1,차대차 - 측면충돌,안전운전불이행,건조,맑음,단일로 - 기타,승용,여,49세,부상신고,화물,남,43세,기타불명
2020031700100094,2020년 3월 17일 08시,화요일,울산광역시 북구 창평동,중상사고,0,1,0,0,차대차 - 측면충돌,안전운전불이행,건조,맑음,교차로 - 교차로안,승용,여,38세,상해없음,자전거,여,58세,중상
2020031700100140,2020년 3월 17일 10시,화요일,울산광역시 동구 서부동,경상사고,0,0,1,0,차대차 - 추돌,안전운전불이행,건조,맑음,교차로 - 교차로부근,승용,남,66세,상해없음,승용,남,58세,경상
2020031700100159,2020년 3월 17일 11시,화요일,울산광역시 남구 신정동,경상사고,0,0,1,0,차량단독 - 기타,안전운전불이행,건조,맑음,단일로 - 기타,승용,남,71세,상해없음,,,,
2020031700100199,2020년 3월 17일 13시,화요일,울산광역시 북구 명촌동,중상사고,0,1,0,0,차대차 - 기타,안전운전불이행,건조,맑음,기타 - 기타,승용,여,45세,상해없음,자전거,남,54세,중상
2020031700100233,2020년 3월 17일 14시,화요일,울산광역시 중구 학성동,경상사고,0,0,1,0,차대차 - 측면충돌,신호위반,건조,맑음,교차로 - 교차로안,승용,남,66세,상해없음,원동기,남,36세,경상
2020031700100355,2020년 3월 17일 18시,화요일,울산광역시 중구 태화동,중상사고,0,1,0,0,차대차 - 측면충돌,중앙선침범,건조,맑음,교차로 - 교차로부근,승용,남,72세,상해없음,이륜,남,28세,중상
2020031700100356,2020년 3월 17일 18시,화요일,울산광역시 남구 삼산동,경상사고,0,0,1,0,차대사람 - 기타,보행자보호의무위반,건조,맑음,교차로 - 교차로횡단보도내,승용,남,45세,상해없음,보행자,남,42세,경상
2020031700100458,2020년 3월 17일 22시,화요일,울산광역시 남구 달동,중상사고,0,1,1,0,차대차 - 정면충돌,신호위반,건조,맑음,교차로 - 교차로안,승용,남,64세,상해없음,승용,남,49세,경상
2020031700100475,2020년 3월 17일 23시,화요일,울산광역시 남구 옥동,경상사고,0,0,1,0,차대차 - 정면충돌,신호위반,건조,맑음,교차로 - 교차로안,승용,여,67세,상해없음,승용,여,38세,경상
2020031800100012,2020년 3월 18일 00시,수요일,울산광역시 남구 삼산동,중상사고,0,1,0,0,차대사람 - 기타,안전운전불이행,건조,맑음,단일로 - 기타,승용,여,57세,상해없음,보행자,남,41세,중상
2020031800100035,2020년 3월 18일 04시,수요일,울산광역시 북구 화봉동,부상신고사고,0,0,0,1,차량단독 - 전도전복 - 전도,안전운전불이행,건조,맑음,단일로 - 기타,자전거,남,33세,부상신고,,,,
2020031800100075,2020년 3월 18일 07시,수요일,울산광역시 중구 서동,중상사고,0,1,0,0,차대사람 - 기타,안전운전불이행,건조,맑음,단일로 - 기타,화물,남,67세,상해없음,보행자,남,70세,중상
2020031800100366,2020년 3월 18일 17시,수요일,울산광역시 남구 신정동,경상사고,0,0,3,0,차대차 - 측면충돌,안전거리미확보,건조,맑음,교차로 - 교차로안,승용,남,59세,상해없음,승용,남,29세,경상
2020031800100367,2020년 3월 18일 17시,수요일,울산광역시 남구 신정동,경상사고,0,0,1,0,차대사람 - 길가장자리구역통행중,안전운전불이행,건조,맑음,교차로 - 교차로부근,승용,여,44세,상해없음,보행자,남,26세,경상
2020031900100023,2020년 3월 19일 01시,목요일,울산광역시 중구 우정동,부상신고사고,0,0,0,1,차대차 - 측면충돌,신호위반,건조,맑음,단일로 - 기타,원동기,남,16세,부상신고,원동기,남,17세,상해없음
2020031900100065,2020년 3월 19일 07시,목요일,울산광역시 북구 연암동,경상사고,0,0,2,0,차대차 - 측면충돌,신호위반,건조,맑음,교차로 - 교차로안,승용,남,54세,경상,승용,여,27세,경상
2020031900100087,2020년 3월 19일 08시,목요일,울산광역시 남구 달동,중상사고,0,1,0,0,차대사람 - 기타,안전운전불이행,건조,맑음,교차로 - 교차로안,승용,여,28세,상해없음,보행자,여,52세,중상
2020031900100088,2020년 3월 19일 08시,목요일,울산광역시 울주군 온산읍,경상사고,0,0,1,0,차대차 - 측면충돌,신호위반,건조,맑음,교차로 - 교차로안,승용,남,60세,상해없음,승용,남,41세,경상
2020031900100168,2020년 3월 19일 12시,목요일,울산광역시 중구 우정동,경상사고,0,0,1,0,차대차 - 측면충돌,중앙선침범,건조,맑음,단일로 - 기타,승용,여,67세,상해없음,이륜,남,16세,경상
2020031900100193,2020년 3월 19일 13시,목요일,울산광역시 북구 화봉동,경상사고,0,0,1,0,차대차 - 측면충돌,안전운전불이행,건조,맑음,교차로 - 교차로안,승용,여,52세,상해없음,승용,여,45세,경상
2020031900100194,2020년 3월 19일 13시,목요일,울산광역시 남구 신정동,경상사고,0,0,1,0,차대차 - 측면충돌,교차로운행방법위반,건조,맑음,교차로 - 교차로안,승용,남,39세,상해없음,승용,여,29세,경상
2020031900100253,2020년 3월 19일 15시,목요일,울산광역시 북구 연암동,중상사고,0,5,2,0,차대차 - 측면충돌,교차로운행방법위반,건조,맑음,교차로 - 교차로안,화물,남,34세,경상,승합,남,55세,경상
2020031900100316,2020년 3월 19일 17시,목요일,울산광역시 남구 용연동,경상사고,0,0,1,0,차대차 - 추돌,안전운전불이행,건조,맑음,단일로 - 지하차도(도로)내,승용,남,34세,상해없음,이륜,남,26세,경상
2020031900100317,2020년 3월 19일 17시,목요일,울산광역시 남구 야음동,경상사고,0,0,1,0,차대차 - 측면충돌,안전거리미확보,건조,맑음,단일로 - 기타,승용,남,54세,상해없음,승용,여,36세,경상
2020031900100438,2020년 3월 19일 21시,목요일,울산광역시 남구 삼산동,부상신고사고,0,0,0,1,차대차 - 기타,안전운전불이행,건조,맑음,교차로 - 교차로안,이륜,남,27세,부상신고,승용,남,26세,상해없음
2020032000100071,2020년 3월 20일 06시,금요일,울산광역시 남구 삼산동,중상사고,0,1,1,0,차대차 - 기타,신호위반,건조,맑음,교차로 - 교차로안,승용,남,30세,경상,화물,남,57세,중상
2020032000100086,2020년 3월 20일 07시,금요일,울산광역시 남구 여천동,중상사고,0,1,0,0,차대차 - 측면충돌,신호위반,건조,맑음,교차로 - 교차로안,화물,남,48세,상해없음,승용,여,51세,중상
2020032000100087,2020년 3월 20일 07시,금요일,울산광역시 울주군 온양읍,중상사고,0,1,0,0,차대차 - 정면충돌,중앙선침범,건조,맑음,단일로 - 기타,승용,남,47세,상해없음,화물,남,38세,중상
2020032000100150,2020년 3월 20일 09시,금요일,울산광역시 남구 옥동,중상사고,0,1,0,0,차대사람 - 횡단중,보행자보호의무위반,건조,맑음,단일로 - 기타,승용,남,34세,상해없음,보행자,여,49세,중상
2020032000100200,2020년 3월 20일 11시,금요일,울산광역시 남구 신정동,경상사고,0,0,1,0,차대차 - 측면충돌,신호위반,건조,맑음,교차로 - 교차로안,승용,여,41세,상해없음,승용,남,56세,경상
2020032000100236,2020년 3월 20일 12시,금요일,울산광역시 남구 삼산동,경상사고,0,0,2,0,차대차 - 측면충돌,안전거리미확보,건조,맑음,단일로 - 기타,승용,남,46세,상해없음,승용,여,27세,경상
2020032000100266,2020년 3월 20일 13시,금요일,울산광역시 남구 무거동,경상사고,0,0,2,0,차대차 - 기타,교차로운행방법위반,건조,맑음,교차로 - 교차로안,승용,여,62세,경상,승용,여,39세,경상
2020032000100311,2020년 3월 20일 14시,금요일,울산광역시 남구 야음동,경상사고,0,0,1,0,차대사람 - 보도통행중,기타,건조,맑음,기타 - 기타,승용,남,56세,상해없음,보행자,남,87세,경상
2020032000100350,2020년 3월 20일 15시,금요일,울산광역시 동구 미포동,중상사고,0,1,0,0,차대차 - 측면충돌,신호위반,건조,맑음,교차로 - 교차로안,이륜,남,39세,중상,승용,남,65세,상해없음
2020032000100351,2020년 3월 20일 15시,금요일,울산광역시 울주군 범서읍,경상사고,0,0,1,0,차대사람 - 기타,안전운전불이행,건조,맑음,단일로 - 기타,화물,남,60세,상해없음,보행자,남,75세,경상
2020032000100434,2020년 3월 20일 17시,금요일,울산광역시 중구 반구동,경상사고,0,0,1,0,차대차 - 추돌,안전거리미확보,건조,맑음,교차로 - 교차로부근,화물,남,71세,상해없음,승용,여,46세,경상
2020032000100562,2020년 3월 20일 21시,금요일,울산광역시 남구 달동,경상사고,0,0,1,0,차대차 - 기타,중앙선침범,건조,맑음,단일로 - 기타,승용,남,62세,상해없음,승용,남,51세,상해없음
2020032000100583,2020년 3월 20일 22시,금요일,울산광역시 중구 반구동,중상사고,0,1,0,1,차량단독 - 전도전복 - 전도,안전운전불이행,건조,맑음,교차로 - 교차로부근,이륜,남,23세,부상신고,,,,
2020032100100067,2020년 3월 21일 05시,토요일,울산광역시 북구 염포동,경상사고,0,0,1,0,차대차 - 기타,안전운전불이행,건조,맑음,교차로 - 교차로안,승용,남,51세,상해없음,승용,남,58세,경상
2020032100100100,2020년 3월 21일 07시,토요일,울산광역시 울주군 두서면,경상사고,0,0,1,0,차대차 - 측면충돌,안전운전불이행,건조,맑음,교차로 - 교차로안,화물,남,63세,상해없음,승용,남,29세,경상
2020032100100128,2020년 3월 21일 09시,토요일,울산광역시 동구 방어동,경상사고,0,0,1,0,차대차 - 후진중충돌,안전운전불이행,건조,맑음,교차로 - 교차로안,화물,여,56세,상해없음,승용,여,39세,상해없음
2020032100100167,2020년 3월 21일 10시,토요일,울산광역시 북구 어물동,중상사고,0,1,0,0,차대차 - 기타,중앙선침범,건조,맑음,기타 - 기타,승용,여,52세,상해없음,자전거,남,58세,중상
2020032100100199,2020년 3월 21일 11시,토요일,울산광역시 중구 학산동,경상사고,0,0,3,1,차대차 - 추돌,안전운전불이행,건조,맑음,단일로 - 기타,승용,남,77세,상해없음,승용,남,33세,경상
2020032100100300,2020년 3월 21일 14시,토요일,울산광역시 중구 우정동,중상사고,0,1,0,1,차대차 - 측면충돌,안전운전불이행,건조,맑음,교차로 - 교차로안,이륜,남,67세,중상,승용,여,48세,부상신고
2020032100100301,2020년 3월 21일 14시,토요일,울산광역시 중구 성안동,경상사고,0,0,4,0,차대차 - 기타,직진우회전진행방해,건조,맑음,교차로 - 교차로안,승용,남,39세,상해없음,승용,남,40세,경상
2020032100100341,2020년 3월 21일 15시,토요일,울산광역시 남구 무거동,경상사고,0,0,2,0,차대차 - 기타,안전운전불이행,건조,맑음,교차로 - 교차로부근,승용,여,67세,상해없음,승용,남,67세,상해없음
2020032100100342,2020년 3월 21일 15시,토요일,울산광역시 북구 양정동,경상사고,0,0,1,0,차대차 - 추돌,안전운전불이행,건조,맑음,단일로 - 기타,이륜,남,52세,경상,화물,남,51세,상해없음
2020032100100343,2020년 3월 21일 15시,토요일,울산광역시 울주군 온산읍,경상사고,0,0,1,0,차대차 - 기타,안전운전불이행,건조,맑음,교차로 - 교차로부근,화물,남,51세,상해없음,승용,남,27세,경상
2020032100100413,2020년 3월 21일 17시,토요일,울산광역시 남구 신정동,경상사고,0,0,1,0,차대차 - 기타,안전운전불이행,건조,맑음,단일로 - 기타,승용,남,65세,상해없음,자전거,남,70세,경상
2020032100100414,2020년 3월 21일 17시,토요일,울산광역시 울주군 온산읍,경상사고,0,0,3,0,차대차 - 추돌,안전운전불이행,건조,맑음,단일로 - 기타,화물,남,51세,상해없음,승용,남,49세,경상
2020032100100434,2020년 3월 21일 18시,토요일,울산광역시 울주군 온산읍,경상사고,0,0,1,0,차대차 - 기타,중앙선침범,건조,맑음,단일로 - 기타,승용,남,48세,상해없음,원동기,남,33세,경상
2020032100100518,2020년 3월 21일 21시,토요일,울산광역시 남구 신정동,중상사고,0,2,2,0,차대차 - 추돌,안전운전불이행,건조,맑음,교차로 - 교차로부근,승용,남,59세,상해없음,승용,여,50세,중상
2020032200100086,2020년 3월 22일 08시,일요일,울산광역시 중구 복산동,경상사고,0,0,1,0,차대차 - 기타,교차로운행방법위반,건조,맑음,교차로 - 교차로안,승용,남,53세,상해없음,승합,남,51세,상해없음
2020032200100183,2020년 3월 22일 13시,일요일,울산광역시 중구 성안동,사망사고,1,0,0,0,차대차 - 정면충돌,안전운전불이행,건조,맑음,교차로 - 교차로안,승용,남,58세,상해없음,이륜,남,31세,사망
2020032200100290,2020년 3월 22일 17시,일요일,울산광역시 남구 신정동,경상사고,0,0,1,0,차대차 - 측면충돌,교차로운행방법위반,건조,맑음,교차로 - 교차로안,이륜,남,52세,경상,승용,여,57세,상해없음
2020032200100313,2020년 3월 22일 18시,일요일,울산광역시 북구 천곡동,경상사고,0,0,2,0,차대차 - 측면충돌,직진우회전진행방해,건조,맑음,교차로 - 교차로안,승용,여,49세,상해없음,승용,여,38세,경상
2020032200100377,2020년 3월 22일 21시,일요일,울산광역시 동구 방어동,경상사고,0,0,2,0,차대사람 - 횡단중,보행자보호의무위반,건조,맑음,교차로 - 교차로횡단보도내,승용,남,52세,상해없음,보행자,남,49세,경상
2020032200100391,2020년 3월 22일 22시,일요일,울산광역시 남구 신정동,경상사고,0,0,1,0,차대차 - 측면충돌,안전운전불이행,건조,맑음,교차로 - 교차로부근,승용,여,30세,상해없음,승용,여,29세,경상
2020032200100392,2020년 3월 22일 22시,일요일,울산광역시 남구 신정동,경상사고,0,0,1,0,차대차 - 측면충돌,신호위반,건조,맑음,교차로 - 교차로안,승용,여,25세,상해없음,승용,남,32세,경상
2020032300100063,2020년 3월 23일 07시,월요일,울산광역시 남구 상개동,중상사고,0,1,0,0,차대차 - 기타,신호위반,건조,맑음,교차로 - 교차로안,승용,남,76세,상해없음,승용,남,28세,중상
2020032300100064,2020년 3월 23일 07시,월요일,울산광역시 동구 방어동,중상사고,0,1,0,0,차대차 - 측면충돌,직진우회전진행방해,건조,맑음,교차로 - 교차로안,이륜,남,28세,상해없음,자전거,여,50세,중상
2020032300100140,2020년 3월 23일 09시,월요일,울산광역시 동구 서부동,경상사고,0,0,1,0,차대차 - 측면충돌,안전운전불이행,건조,맑음,교차로 - 교차로부근,승용,남,27세,상해없음,화물,남,61세,경상
2020032300100179,2020년 3월 23일 10시,월요일,울산광역시 북구 호계동,경상사고,0,0,1,0,차대차 - 측면충돌,안전운전불이행,건조,맑음,단일로 - 기타,승용,여,50세,상해없음,자전거,남,60세,경상
2020032300100242,2020년 3월 23일 12시,월요일,울산광역시 남구 삼산동,경상사고,0,0,1,0,차대차 - 측면충돌,안전거리미확보,건조,맑음,단일로 - 기타,이륜,남,25세,경상,승용,남,33세,상해없음
2020032300100243,2020년 3월 23일 12시,월요일,울산광역시 남구 삼산동,중상사고,0,1,0,0,차대차 - 측면충돌,직진우회전진행방해,건조,맑음,교차로 - 교차로안,승용,여,50세,상해없음,이륜,남,32세,중상
2020032300100273,2020년 3월 23일 13시,월요일,울산광역시 남구 무거동,경상사고,0,0,1,0,차대차 - 측면충돌,신호위반,건조,맑음,단일로 - 기타,승용,남,74세,상해없음,이륜,남,23세,경상
2020032300100362,2020년 3월 23일 16시,월요일,울산광역시 울주군 범서읍,경상사고,0,0,1,0,차대차 - 측면충돌,안전운전불이행,건조,맑음,단일로 - 지하차도(도로)내,승용,여,39세,상해없음,승용,여,49세,경상
2020032300100438,2020년 3월 23일 18시,월요일,울산광역시 남구 삼산동,중상사고,0,1,0,0,차대차 - 기타,안전운전불이행,건조,맑음,단일로 - 기타,이륜,남,30세,중상,승용,남,47세,상해없음
2020032300100479,2020년 3월 23일 19시,월요일,울산광역시 동구 방어동,경상사고,0,0,1,0,차대차 - 측면충돌,안전거리미확보,건조,맑음,교차로 - 교차로부근,승용,남,59세,기타불명,승용,남,64세,경상
2020032300100562,2020년 3월 23일 22시,월요일,울산광역시 울주군 온산읍,경상사고,0,0,2,0,차대차 - 추돌,안전운전불이행,건조,맑음,단일로 - 터널,승용,남,53세,경상,승용,기타불명,미분류,기타불명
2020032300100578,2020년 3월 23일 23시,월요일,울산광역시 남구 무거동,경상사고,0,0,2,0,차대차 - 측면충돌,신호위반,건조,맑음,교차로 - 교차로안,승용,남,40세,상해없음,화물,남,56세,경상
2020032400100109,2020년 3월 24일 08시,화요일,울산광역시 남구 달동,중상사고,0,1,0,0,차대사람 - 횡단중,보행자보호의무위반,건조,맑음,교차로 - 교차로횡단보도내,승용,여,39세,상해없음,보행자,남,60세,중상
2020032400100198,2020년 3월 24일 11시,화요일,울산광역시 동구 방어동,경상사고,0,0,1,0,차대사람 - 길가장자리구역통행중,안전운전불이행,건조,맑음,교차로 - 교차로안,승용,여,35세,상해없음,보행자,여,90세,경상
2020032400100227,2020년 3월 24일 12시,화요일,울산광역시 중구 반구동,부상신고사고,0,0,0,1,차대차 - 측면충돌,신호위반,건조,맑음,교차로 - 교차로안,이륜,여,43세,부상신고,승용,여,62세,상해없음
2020032400100257,2020년 3월 24일 13시,화요일,울산광역시 울주군 상북면,경상사고,0,0,1,0,차대차 - 후진중충돌,안전운전불이행,건조,맑음,교차로 - 교차로안,화물,남,61세,상해없음,승용,여,39세,경상
2020032400100334,2020년 3월 24일 15시,화요일,울산광역시 울주군 언양읍,중상사고,0,1,0,0,차대사람 - 횡단중,안전운전불이행,건조,맑음,교차로 - 교차로부근,승용,남,44세,상해없음,보행자,여,55세,중상
2020032400100481,2020년 3월 24일 19시,화요일,울산광역시 울주군 온양읍,중상사고,0,1,0,0,차대사람 - 횡단중,중앙선침범,건조,맑음,교차로 - 교차로횡단보도내,승용,여,54세,상해없음,보행자,남,49세,중상
2020032400100504,2020년 3월 24일 20시,화요일,울산광역시 남구 황성동,중상사고,0,1,0,0,차대차 - 측면충돌,신호위반,건조,맑음,교차로 - 교차로안,특수,남,63세,상해없음,승용,남,49세,중상
2020032400100536,2020년 3월 24일 22시,화요일,울산광역시 중구 태화동,경상사고,0,0,2,0,차대차 - 측면충돌,안전운전불이행,건조,맑음,단일로 - 기타,승용,남,41세,상해없음,승용,여,37세,경상
2020032400100553,2020년 3월 24일 23시,화요일,울산광역시 동구 화정동,경상사고,0,0,1,0,차대사람 - 차도통행중,안전운전불이행,건조,맑음,단일로 - 기타,승용,여,53세,상해없음,보행자,남,53세,경상
2020032500100028,2020년 3월 25일 04시,수요일,울산광역시 남구 달동,경상사고,0,0,1,0,차대차 - 측면충돌,안전운전불이행,건조,맑음,교차로 - 교차로부근,승용,남,27세,상해없음,승용,남,44세,경상
2020032500100053,2020년 3월 25일 06시,수요일,울산광역시 북구 매곡동,사망사고,1,0,0,0,차대사람 - 차도통행중,안전운전불이행,건조,맑음,단일로 - 기타,건설기계,남,49세,상해없음,보행자,여,87세,사망
2020032500100054,2020년 3월 25일 06시,수요일,울산광역시 남구 삼산동,경상사고,0,0,1,0,차대차 - 정면충돌,안전운전불이행,건조,맑음,교차로 - 교차로안,화물,남,51세,상해없음,자전거,남,58세,경상
2020032500100069,2020년 3월 25일 07시,수요일,울산광역시 동구 화정동,경상사고,0,0,1,0,차대차 - 측면충돌,안전운전불이행,건조,맑음,교차로 - 교차로안,이륜,남,29세,경상,승용,여,23세,상해없음
2020032500100130,2020년 3월 25일 09시,수요일,울산광역시 중구 학성동,중상사고,0,1,0,0,차대차 - 측면충돌,신호위반,건조,맑음,교차로 - 교차로안,승용,여,28세,상해없음,이륜,남,31세,중상
2020032500100156,2020년 3월 25일 10시,수요일,울산광역시 북구 중산동,경상사고,0,0,1,1,차대차 - 기타,직진우회전진행방해,건조,맑음,교차로 - 교차로안,승용,여,42세,부상신고,승용,남,39세,경상
2020032500100157,2020년 3월 25일 10시,수요일,울산광역시 울주군 범서읍,중상사고,0,1,0,0,차대차 - 측면충돌,교차로운행방법위반,건조,맑음,교차로 - 교차로안,승용,남,47세,상해없음,승용,여,29세,중상
2020032500100197,2020년 3월 25일 11시,수요일,울산광역시 남구 선암동,중상사고,0,1,1,0,차대차 - 추돌,안전운전불이행,건조,맑음,교차로 - 교차로부근,화물,남,62세,상해없음,승용,남,49세,중상
2020032500100233,2020년 3월 25일 12시,수요일,울산광역시 북구 신천동,중상사고,0,1,0,0,차대차 - 측면충돌,차로위반,건조,맑음,단일로 - 기타,승용,남,45세,상해없음,이륜,남,37세,중상
2020032500100234,2020년 3월 25일 12시,수요일,울산광역시 울주군 청량읍,중상사고,0,2,0,0,차대차 - 측면충돌,안전운전불이행,건조,맑음,단일로 - 기타,특수,남,59세,중상,승용,남,31세,상해없음
2020032500100362,2020년 3월 25일 16시,수요일,울산광역시 남구 야음동,경상사고,0,0,2,0,차대차 - 추돌,안전운전불이행,건조,맑음,단일로 - 기타,승용,남,52세,상해없음,화물,남,67세,경상
2020032500100397,2020년 3월 25일 17시,수요일,울산광역시 북구 매곡동,경상사고,0,0,1,0,차대차 - 측면충돌,교차로운행방법위반,건조,맑음,교차로 - 교차로안,승용,여,48세,상해없음,승용,남,32세,경상
2020032500100398,2020년 3월 25일 17시,수요일,울산광역시 남구 부곡동,경상사고,0,0,2,0,차대차 - 측면충돌,안전운전불이행,건조,맑음,교차로 - 교차로부근,원동기,남,33세,경상,승용,여,30세,경상
2020032500100399,2020년 3월 25일 17시,수요일,울산광역시 남구 무거동,경상사고,0,0,2,0,차대차 - 기타,안전운전불이행,건조,맑음,교차로 - 교차로안,화물,남,74세,상해없음,승용,남,23세,경상
2020032500100513,2020년 3월 25일 20시,수요일,울산광역시 북구 신천동,중상사고,0,1,0,0,차대차 - 측면충돌,안전운전불이행,건조,맑음,교차로 - 교차로안,승용,여,52세,상해없음,이륜,남,24세,중상
2020032500100541,2020년 3월 25일 21시,수요일,울산광역시 남구 무거동,경상사고,0,0,1,0,차대차 - 측면충돌,차로위반,건조,맑음,교차로 - 교차로부근,승용,남,63세,상해없음,이륜,남,33세,경상
2020032500100542,2020년 3월 25일 21시,수요일,울산광역시 울주군 온양읍,중상사고,0,1,0,0,차대사람 - 차도통행중,안전운전불이행,건조,맑음,기타 - 기타,승용,남,43세,상해없음,보행자,남,33세,중상
2020032500100563,2020년 3월 25일 22시,수요일,울산광역시 남구 삼산동,경상사고,0,0,1,0,차대차 - 추돌,안전운전불이행,건조,맑음,교차로 - 교차로부근,승용,여,49세,상해없음,승용,여,42세,경상
2020032600100024,2020년 3월 26일 01시,목요일,울산광역시 남구 달동,경상사고,0,0,2,0,차대차 - 추돌,안전운전불이행,건조,맑음,교차로 - 교차로부근,승용,남,18세,상해없음,승용,여,55세,경상
2020032600100057,2020년 3월 26일 06시,목요일,울산광역시 중구 우정동,경상사고,0,0,1,0,차대사람 - 차도통행중,안전운전불이행,건조,맑음,단일로 - 기타,승용,남,58세,상해없음,보행자,남,20세,경상
2020032600100080,2020년 3월 26일 07시,목요일,울산광역시 중구 태화동,경상사고,0,0,1,0,차대차 - 추돌,안전거리미확보,건조,맑음,단일로 - 기타,화물,남,33세,상해없음,승용,남,32세,경상
2020032600100147,2020년 3월 26일 10시,목요일,울산광역시 북구 호계동,경상사고,0,0,2,0,차대차 - 측면충돌,안전운전불이행,건조,맑음,교차로 - 교차로안,화물,남,51세,상해없음,화물,남,66세,경상
2020032600100272,2020년 3월 26일 15시,목요일,울산광역시 울주군 두동면,중상사고,0,1,1,0,차대차 - 추돌,안전운전불이행,젖음/습기,흐림,단일로 - 기타,승합,남,77세,상해없음,승용,남,47세,경상
2020032600100376,2020년 3월 26일 18시,목요일,울산광역시 동구 서부동,경상사고,0,0,1,0,차대차 - 측면충돌,신호위반,젖음/습기,비,교차로 - 교차로안,승용,남,32세,상해없음,승용,남,38세,경상
2020032600100463,2020년 3월 26일 20시,목요일,울산광역시 남구 달동,중상사고,0,1,0,0,차대사람 - 기타,중앙선침범,젖음/습기,비,교차로 - 교차로횡단보도내,승용,남,27세,상해없음,보행자,여,62세,중상
2020032600100496,2020년 3월 26일 21시,목요일,울산광역시 중구 우정동,경상사고,0,0,2,0,차대차 - 추돌,안전운전불이행,젖음/습기,비,교차로 - 교차로부근,승용,남,33세,상해없음,승용,남,31세,경상
2020032600100497,2020년 3월 26일 21시,목요일,울산광역시 남구 삼산동,경상사고,0,0,5,0,차대차 - 추돌,안전운전불이행,젖음/습기,비,교차로 - 교차로부근,승용,여,53세,상해없음,승용,남,21세,경상
2020032600100498,2020년 3월 26일 21시,목요일,울산광역시 남구 야음동,경상사고,0,0,1,0,차대차 - 측면충돌,차로위반,젖음/습기,비,단일로 - 기타,승용,남,32세,상해없음,이륜,남,21세,경상
2020032600100530,2020년 3월 26일 22시,목요일,울산광역시 울주군 범서읍,중상사고,0,1,2,1,차대차 - 측면충돌,교차로운행방법위반,젖음/습기,비,교차로 - 교차로안,승용,여,62세,경상,승합,남,44세,중상
2020032700100020,2020년 3월 27일 00시,금요일,울산광역시 울주군 범서읍,경상사고,0,0,2,0,차대차 - 추돌,안전운전불이행,젖음/습기,비,교차로 - 교차로부근,승용,여,48세,상해없음,승용,여,44세,경상