사고번호,사고일시,요일,시군구,사고내용,사망자수,중상자수,경상자수,부상신고자수,사고유형,법규위반,노면상태,기상상태,도로형태,가해운전자 차종,가해운전자 성별,가해운전자 연령,가해운전자 상해정도,피해운전자 차종,피해운전자 성별,피해운전자 연령,피해운전자 상해정도
2020032700100037,2020년 3월 27일 01시,금요일,울산광역시 남구 달동,경상사고,0,0,1,0,차대사람 - 기타,안전운전불이행,젖음/습기,비,교차로 - 교차로안,승용,남,64세,상해없음,보행자,남,24세,경상
2020032700100077,2020년 3월 27일 06시,금요일,울산광역시 남구 신정동,경상사고,0,0,2,0,차대차 - 정면충돌,신호위반,건조,맑음,교차로 - 교차로안,승용,남,68세,경상,승용,남,40세,경상
2020032700100078,2020년 3월 27일 06시,금요일,울산광역시 동구 방어동,사망사고,1,0,0,0,차량단독 - 공작물충돌,과속,건조,맑음,단일로 - 기타,승용,남,24세,사망,,,,
2020032700100116,2020년 3월 27일 08시,금요일,울산광역시 남구 신정동,중상사고,0,1,0,0,차대차 - 측면충돌,신호위반,건조,기타,교차로 - 교차로안,승합,남,58세,상해없음,승용,여,59세,중상
2020032700100195,2020년 3월 27일 12시,금요일,울산광역시 울주군 청량읍,경상사고,0,0,1,0,차대차 - 추돌,안전운전불이행,젖음/습기,비,단일로 - 기타,특수,남,60세,상해없음,승용,남,30세,경상
2020032700100304,2020년 3월 27일 15시,금요일,울산광역시 동구 화정동,경상사고,0,0,1,0,차대차 - 측면충돌,안전운전불이행,젖음/습기,흐림,단일로 - 기타,승용,남,30세,상해없음,승용,여,47세,경상
2020032700100435,2020년 3월 27일 18시,금요일,울산광역시 중구 태화동,경상사고,0,0,1,0,차대사람 - 기타,안전운전불이행,건조,맑음,교차로 - 교차로부근,화물,남,31세,상해없음,보행자,남,46세,경상
2020032700100475,2020년 3월 27일 19시,금요일,울산광역시 남구 신정동,중상사고,0,1,1,0,차대차 - 추돌,안전거리미확보,젖음/습기,흐림,단일로 - 지하차도(도로)내,이륜,남,38세,중상,승합,남,60세,경상
2020032700100509,2020년 3월 27일 20시,금요일,울산광역시 북구 호계동,중상사고,0,1,0,0,차대차 - 추돌,신호위반,건조,맑음,단일로 - 기타,승용,여,37세,상해없음,이륜,남,44세,중상
2020032700100510,2020년 3월 27일 20시,금요일,울산광역시 동구 일산동,경상사고,0,0,1,0,차대차 - 측면충돌,직진우회전진행방해,건조,맑음,교차로 - 교차로안,승용,남,35세,상해없음,승용,남,19세,경상
2020032700100596,2020년 3월 27일 23시,금요일,울산광역시 남구 신정동,경상사고,0,0,1,0,차대차 - 추돌,안전운전불이행,젖음/습기,흐림,단일로 - 지하차도(도로)내,승용,남,47세,상해없음,승용,남,53세,경상
2020032800100040,2020년 3월 28일 02시,토요일,울산광역시 남구 삼산동,중상사고,0,1,1,0,차대차 - 추돌,안전운전불이행,건조,맑음,교차로 - 교차로안,승용,남,31세,상해없음,승용,남,32세,중상
2020032800100050,2020년 3월 28일 03시,토요일,울산광역시 중구 우정동,경상사고,0,0,1,0,차대사람 - 기타,안전운전불이행,건조,맑음,교차로 - 교차로안,화물,남,60세,상해없음,보행자,남,35세,경상
2020032800100054,2020년 3월 28일 04시,토요일,울산광역시 중구 학산동,경상사고,0,0,1,0,차대차 - 추돌,안전운전불이행,젖음/습기,흐림,단일로 - 기타,승용,남,26세,상해없음,자전거,남,72세,경상
2020032800100154,2020년 3월 28일 10시,토요일,울산광역시 남구 삼산동,경상사고,0,0,4,0,차대차 - 정면충돌,중앙선침범,건조,흐림,교차로 - 교차로부근,승용,남,39세,기타불명,화물,남,62세,상해없음
2020032800100353,2020년 3월 28일 17시,토요일,울산광역시 중구 반구동,경상사고,0,0,2,1,차대차 - 측면충돌,안전운전불이행,건조,맑음,단일로 - 기타,승용,여,37세,부상신고,승용,남,25세,경상
2020032800100382,2020년 3월 28일 18시,토요일,울산광역시 중구 반구동,중상사고,0,1,0,0,차대사람 - 길가장자리구역통행중,안전운전불이행,건조,맑음,단일로 - 기타,승용,여,67세,상해없음,보행자,남,61세,중상
2020032800100383,2020년 3월 28일 18시,토요일,울산광역시 남구 삼산동,부상신고사고,0,0,0,2,차대차 - 추돌,안전거리미확보,건조,맑음,교차로 - 교차로부근,승용,남,50세,상해없음,승용,남,44세,부상신고
2020032800100452,2020년 3월 28일 20시,토요일,울산광역시 동구 서부동,중상사고,0,1,0,0,차대차 - 추돌,안전거리미확보,건조,맑음,교차로 - 교차로부근,화물,여,40세,상해없음,이륜,남,65세,중상
2020032800100477,2020년 3월 28일 21시,토요일,울산광역시 남구 신정동,경상사고,0,0,2,0,차대차 - 측면충돌,안전운전불이행,건조,맑음,교차로 - 교차로안,승용,남,40세,상해없음,승용,남,20세,경상
2020032900100035,2020년 3월 29일 01시,일요일,울산광역시 남구 신정동,중상사고,0,1,0,0,차대차 - 측면충돌,교차로운행방법위반,건조,맑음,교차로 - 교차로안,승용,남,25세,상해없음,이륜,남,29세,중상
2020032900100058,2020년 3월 29일 04시,일요일,울산광역시 남구 삼산동,경상사고,0,0,1,0,차량단독 - 공작물충돌,안전운전불이행,건조,맑음,교차로 - 교차로안,승용,남,28세,경상,,,,
2020032900100077,2020년 3월 29일 07시,일요일,울산광역시 남구 신정동,경상사고,0,0,3,0,차대차 - 측면충돌,신호위반,건조,맑음,교차로 - 교차로안,승용,여,24세,경상,승용,여,57세,경상
2020032900100166,2020년 3월 29일 13시,일요일,울산광역시 중구 반구동,경상사고,0,0,1,0,차대사람 - 길가장자리구역통행중,안전운전불이행,건조,맑음,교차로 - 교차로안,승용,여,60세,상해없음,보행자,여,64세,경상
2020032900100167,2020년 3월 29일 13시,일요일,울산광역시 중구 반구동,경상사고,0,0,1,0,차대차 - 추돌,안전거리미확보,건조,맑음,교차로 - 교차로안,원동기,남,35세,경상,승용,여,33세,상해없음
2020032900100314,2020년 3월 29일 19시,일요일,울산광역시 동구 일산동,경상사고,0,0,1,0,차대차 - 정면충돌,중앙선침범,건조,맑음,단일로 - 기타,이륜,여,42세,상해없음,이륜,남,41세,경상
2020032900100389,2020년 3월 29일 23시,일요일,울산광역시 중구 반구동,경상사고,0,0,2,0,차대차 - 후진중충돌,안전운전불이행,건조,맑음,단일로 - 기타,승용,남,38세,상해없음,승용,남,41세,경상
2020033000100012,2020년 3월 30일 00시,월요일,울산광역시 중구 반구동,경상사고,0,0,1,0,차대차 - 추돌,안전운전불이행,건조,맑음,교차로 - 교차로부근,승용,남,39세,상해없음,승용,남,64세,경상
2020033000100045,2020년 3월 30일 06시,월요일,울산광역시 북구 연암동,중상사고,0,1,0,0,차대차 - 측면충돌,안전운전불이행,건조,맑음,단일로 - 기타,승용,여,52세,상해없음,자전거,남,57세,중상
2020033000100066,2020년 3월 30일 07시,월요일,울산광역시 동구 서부동,경상사고,0,0,1,0,차대차 - 측면충돌,신호위반,건조,맑음,교차로 - 교차로안,승용,남,28세,상해없음,이륜,남,80세,경상
2020033000100099,2020년 3월 30일 08시,월요일,울산광역시 남구 여천동,경상사고,0,0,1,0,차량단독 - 도로외이탈 - 추락,안전운전불이행,건조,맑음,단일로 - 기타,승용,남,54세,경상,,,,
2020033000100158,2020년 3월 30일 10시,월요일,울산광역시 남구 달동,경상사고,0,0,1,0,차대차 - 측면충돌,교차로운행방법위반,건조,맑음,교차로 - 교차로안,승용,여,54세,상해없음,이륜,남,35세,경상
2020033000100289,2020년 3월 30일 14시,월요일,울산광역시 중구 우정동,중상사고,0,1,0,0,차대차 - 측면충돌,교차로운행방법위반,건조,맑음,교차로 - 교차로안,승용,남,78세,상해없음,이륜,남,44세,중상
2020033100100096,2020년 3월 31일 08시,화요일,울산광역시 중구 우정동,중상사고,0,1,0,0,차대사람 - 보도통행중,안전운전불이행,건조,맑음,단일로 - 기타,승용,남,53세,상해없음,보행자,여,68세,중상
2020033100100097,2020년 3월 31일 08시,화요일,울산광역시 남구 두왕동,경상사고,0,0,1,0,차대차 - 추돌,안전거리미확보,건조,맑음,교차로 - 교차로부근,승용,남,26세,상해없음,승용,여,50세,경상
2020033100100122,2020년 3월 31일 09시,화요일,울산광역시 남구 삼산동,경상사고,0,0,1,0,차대사람 - 횡단중,보행자보호의무위반,건조,맑음,교차로 - 교차로안,승용,남,48세,기타불명,보행자,여,39세,경상
2020033100100165,2020년 3월 31일 10시,화요일,울산광역시 북구 중산동,중상사고,0,1,1,0,차대차 - 측면충돌,신호위반,건조,맑음,단일로 - 교량,화물,남,41세,중상,승용,남,26세,경상
2020033100100220,2020년 3월 31일 12시,화요일,울산광역시 중구 우정동,경상사고,0,0,1,0,차대차 - 측면충돌,교차로운행방법위반,건조,맑음,기타 - 기타,승용,여,38세,상해없음,자전거,남,64세,경상
2020033100100252,2020년 3월 31일 13시,화요일,울산광역시 북구 진장동,중상사고,0,1,0,0,차대사람 - 기타,안전운전불이행,건조,맑음,교차로 - 교차로부근,승합,남,56세,상해없음,보행자,여,65세,중상
2020033100100280,2020년 3월 31일 14시,화요일,울산광역시 북구 송정동,경상사고,0,0,1,0,차대차 - 측면충돌,안전운전불이행,건조,맑음,단일로 - 기타,화물,남,54세,상해없음,자전거,남,65세,경상
2020033100100281,2020년 3월 31일 14시,화요일,울산광역시 남구 매암동,경상사고,0,0,1,0,차대차 - 후진중충돌,안전운전불이행,건조,맑음,교차로 - 교차로부근,화물,남,63세,상해없음,승용,남,51세,경상
2020033100100320,2020년 3월 31일 15시,화요일,울산광역시 남구 신정동,경상사고,0,0,1,0,차대차 - 후진중충돌,안전운전불이행,건조,맑음,교차로 - 교차로부근,승용,남,60세,상해없음,이륜,남,35세,경상
2020033100100398,2020년 3월 31일 17시,화요일,울산광역시 동구 일산동,경상사고,0,0,1,0,차대차 - 측면충돌,안전운전불이행,건조,맑음,교차로 - 교차로부근,승용,남,31세,상해없음,승용,남,54세,경상
2020033100100427,2020년 3월 31일 18시,화요일,울산광역시 북구 중산동,중상사고,0,1,1,0,차대사람 - 기타,기타,건조,맑음,단일로 - 기타,승용,남,73세,경상,보행자,여,58세,중상
2020033100100478,2020년 3월 31일 20시,화요일,울산광역시 북구 화봉동,경상사고,0,0,1,0,차대차 - 추돌,안전운전불이행,건조,맑음,단일로 - 기타,승용,남,34세,상해없음,승용,남,48세,경상
2020033100100503,2020년 3월 31일 21시,화요일,울산광역시 북구 양정동,중상사고,0,1,0,0,차대차 - 추돌,안전거리미확보,건조,맑음,단일로 - 기타,이륜,남,35세,중상,승합,남,60세,상해없음
2020040100100036,2020년 4월 1일 03시,수요일,울산광역시 남구 신정동,부상신고사고,0,0,0,1,차대사람 - 길가장자리구역통행중,안전운전불이행,젖음/습기,비,교차로 - 교차로부근,승용,남,57세,상해없음,보행자,남,57세,부상신고
2020040100100078,2020년 4월 1일 07시,수요일,울산광역시 동구 서부동,부상신고사고,0,0,0,1,차대차 - 기타,기타,젖음/습기,비,교차로 - 교차로안,기타불명,기타불명,미분류,기타불명,이륜,남,43세,부상신고
2020040100100149,2020년 4월 1일 10시,수요일,울산광역시 울주군 서생면,사망사고,1,0,0,0,차량단독 - 기타,기타,건조,맑음,단일로 - 기타,승용,여,51세,사망,,,,
2020040100100402,2020년 4월 1일 18시,수요일,울산광역시 남구 신정동,중상사고,0,1,1,0,차대사람 - 기타,안전운전불이행,건조,맑음,단일로 - 기타,이륜,남,18세,상해없음,보행자,남,18세,중상
2020040100100540,2020년 4월 1일 23시,수요일,울산광역시 북구 염포동,경상사고,0,0,1,0,차대사람 - 기타,안전운전불이행,건조,맑음,기타 - 기타,승용,여,37세,상해없음,보행자,남,24세,경상
2020040200100024,2020년 4월 2일 01시,목요일,울산광역시 남구 신정동,경상사고,0,0,1,1,차대차 - 추돌,안전운전불이행,젖음/습기,비,교차로 - 교차로부근,승용,남,43세,상해없음,승용,남,48세,경상
2020040200100168,2020년 4월 2일 10시,목요일,울산광역시 북구 상안동,경상사고,0,0,2,0,차대사람 - 기타,안전운전불이행,건조,맑음,교차로 - 교차로부근,승용,남,27세,상해없음,보행자,여,32세,경상
2020040200100169,2020년 4월 2일 10시,목요일,울산광역시 남구 신정동,경상사고,0,0,2,0,차대차 - 추돌,안전운전불이행,건조,맑음,교차로 - 교차로부근,승용,남,30세,상해없음,화물,남,31세,경상
2020040200100209,2020년 4월 2일 11시,목요일,울산광역시 중구 성안동,중상사고,0,1,1,1,차대차 - 측면충돌,신호위반,건조,맑음,교차로 - 교차로안,승용,남,75세,부상신고,승용,여,52세,경상
2020040200100341,2020년 4월 2일 15시,목요일,울산광역시 남구 신정동,중상사고,0,1,0,0,차대사람 - 횡단중,안전운전불이행,건조,맑음,교차로 - 교차로부근,승용,여,38세,상해없음,보행자,남,63세,중상
2020040200100342,2020년 4월 2일 15시,목요일,울산광역시 울주군 서생면,경상사고,0,0,2,0,차대차 - 추돌,안전거리미확보,건조,맑음,단일로 - 기타,건설기계,남,42세,상해없음,승용,여,52세,경상
2020040200100416,2020년 4월 2일 17시,목요일,울산광역시 남구 삼산동,경상사고,0,0,2,0,차대차 - 측면충돌,안전운전불이행,건조,맑음,교차로 - 교차로부근,자전거,남,14세,경상,승용,여,22세,경상
2020040200100524,2020년 4월 2일 20시,목요일,울산광역시 중구 옥교동,중상사고,0,1,0,0,차대차 - 기타,안전운전불이행,건조,맑음,단일로 - 기타,자전거,남,59세,상해없음,자전거,남,34세,중상
2020040200100567,2020년 4월 2일 22시,목요일,울산광역시 남구 무거동,중상사고,0,1,0,0,차대차 - 측면충돌,교차로운행방법위반,건조,맑음,교차로 - 교차로안,승용,남,52세,상해없음,이륜,남,36세,중상
2020040200100591,2020년 4월 2일 23시,목요일,울산광역시 북구 연암동,중상사고,0,1,0,0,차대사람 - 기타,안전운전불이행,건조,맑음,교차로 - 교차로횡단보도내,승용,여,54세,상해없음,보행자,남,58세,중상
2020040300100068,2020년 4월 3일 07시,금요일,울산광역시 북구 효문동,경상사고,0,0,1,0,차대차 - 기타,중앙선침범,건조,맑음,교차로 - 교차로안,승용,남,64세,상해없음,승용,남,42세,경상
2020040300100126,2020년 4월 3일 09시,금요일,울산광역시 북구 가대동,경상사고,0,0,1,0,차대차 - 기타,안전거리미확보,건조,맑음,단일로 - 기타,승용,여,48세,상해없음,승용,여,53세,경상
2020040300100127,2020년 4월 3일 09시,금요일,울산광역시 남구 여천동,경상사고,0,0,1,0,차대차 - 측면충돌,교차로운행방법위반,건조,맑음,교차로 - 교차로안,화물,남,63세,상해없음,승용,여,34세,경상
2020040300100236,2020년 4월 3일 13시,금요일,울산광역시 울주군 청량읍,경상사고,0,0,1,0,차대차 - 기타,신호위반,건조,맑음,교차로 - 교차로안,승용,남,47세,상해없음,승용,남,23세,경상
2020040300100247,2020년 4월 3일 14시,금요일,울산광역시 울주군 온양읍,경상사고,0,0,1,0,차대차 - 기타,안전거리미확보,건조,맑음,단일로 - 기타,승용,남,38세,상해없음,승용,남,63세,상해없음
2020040300100266,2020년 4월 3일 14시,금요일,울산광역시 남구 삼산동,중상사고,0,1,0,0,차대차 - 측면충돌,교차로운행방법위반,건조,맑음,교차로 - 교차로안,이륜,남,55세,중상,승용,남,39세,상해없음
2020040300100267,2020년 4월 3일 14시,금요일,울산광역시 남구 선암동,중상사고,0,1,0,0,차대차 - 측면충돌,교차로운행방법위반,건조,맑음,교차로 - 교차로안,승용,여,59세,상해없음,승용,여,57세,중상
2020040300100338,2020년 4월 3일 16시,금요일,울산광역시 남구 달동,경상사고,0,0,1,0,차대사람 - 길가장자리구역통행중,안전운전불이행,건조,맑음,교차로 - 교차로안,승용,남,26세,상해없음,보행자,남,21세,경상
2020040300100339,2020년 4월 3일 16시,금요일,울산광역시 울주군 범서읍,중상사고,0,1,0,0,차대차 - 측면충돌,안전운전불이행,건조,맑음,단일로 - 기타,자전거,남,71세,중상,화물,남,57세,상해없음
2020040300100387,2020년 4월 3일 17시,금요일,울산광역시 남구 무거동,중상사고,0,1,0,0,차대사람 - 기타,안전운전불이행,건조,맑음,기타 - 기타,자전거,남,24세,상해없음,보행자,여,62세,중상
2020040400100010,2020년 4월 4일 00시,토요일,울산광역시 중구 남외동,중상사고,0,1,0,0,차대차 - 측면충돌,안전거리미확보,건조,맑음,단일로 - 기타,승용,남,23세,상해없음,이륜,남,32세,중상
2020040400100039,2020년 4월 4일 02시,토요일,울산광역시 남구 삼산동,경상사고,0,0,1,0,차대차 - 추돌,안전운전불이행,건조,맑음,교차로 - 교차로부근,승용,남,39세,상해없음,승용,남,38세,경상
2020040400100067,2020년 4월 4일 05시,토요일,울산광역시 중구 약사동,경상사고,0,0,1,0,차대차 - 추돌,안전거리미확보,건조,맑음,단일로 - 기타,화물,남,49세,상해없음,승용,남,44세,경상
2020040400100068,2020년 4월 4일 05시,토요일,울산광역시 남구 신정동,경상사고,0,0,1,0,차대차 - 후진중충돌,안전운전불이행,건조,맑음,단일로 - 기타,승용,남,55세,상해없음,승용,여,39세,기타불명
2020040400100105,2020년 4월 4일 08시,토요일,울산광역시 북구 화봉동,경상사고,0,0,1,0,차대차 - 측면충돌,안전운전불이행,건조,맑음,단일로 - 지하차도(도로)내,승용,남,72세,상해없음,승용,여,54세,경상
2020040400100161,2020년 4월 4일 10시,토요일,울산광역시 동구 방어동,중상사고,0,1,0,0,차대차 - 측면충돌,안전운전불이행,건조,맑음,단일로 - 기타,화물,남,56세,상해없음,이륜,남,27세,중상
2020040400100162,2020년 4월 4일 10시,토요일,울산광역시 울주군 범서읍,경상사고,0,0,1,0,차대차 - 측면충돌,교차로운행방법위반,건조,맑음,교차로 - 교차로안,승용,남,69세,상해없음,승용,남,60세,경상
2020040400100201,2020년 4월 4일 11시,토요일,울산광역시 남구 신정동,경상사고,0,0,2,0,차대차 - 추돌,안전운전불이행,건조,맑음,단일로 - 지하차도(도로)내,화물,남,59세,상해없음,승용,남,29세,경상
2020040400100266,2020년 4월 4일 13시,토요일,울산광역시 북구 진장동,경상사고,0,0,2,0,차대차 - 측면충돌,안전거리미확보,건조,맑음,단일로 - 기타,승용,남,34세,상해없음,화물,남,71세,경상
2020040400100348,2020년 4월 4일 15시,토요일,울산광역시 남구 신정동,경상사고,0,0,5,0,차대차 - 측면충돌,직진우회전진행방해,건조,맑음,교차로 - 교차로안,승용,남,41세,경상,승용,남,72세,경상
2020040400100433,2020년 4월 4일 17시,토요일,울산광역시 울주군 온양읍,중상사고,0,1,0,0,차대차 - 기타,신호위반,건조,맑음,교차로 - 교차로안,승용,남,40세,상해없음,자전거,남,12세,중상
2020040400100533,2020년 4월 4일 20시,토요일,울산광역시 남구 달동,경상사고,0,0,1,0,차대차 - 추돌,안전거리미확보,건조,맑음,단일로 - 지하차도(도로)내,승용,남,65세,상해없음,이륜,남,26세,경상
2020040400100550,2020년 4월 4일 21시,토요일,울산광역시 동구 전하동,중상사고,0,1,0,0,차대사람 - 기타,안전운전불이행,건조,맑음,단일로 - 기타,승용,여,56세,상해없음,보행자,남,57세,중상
2020040400100551,2020년 4월 4일 21시,토요일,울산광역시 울주군 온양읍,부상신고사고,0,0,0,1,차대차 - 기타,안전운전불이행,건조,맑음,교차로 - 교차로안,기타불명,기타불명,미분류,기타불명,승합,남,48세,부상신고
2020040400100578,2020년 4월 4일 22시,토요일,울산광역시 중구 태화동,중상사고,0,1,0,0,차대사람 - 횡단중,안전운전불이행,건조,맑음,단일로 - 기타,승용,여,24세,상해없음,보행자,남,55세,중상
2020040400100603,2020년 4월 4일 23시,토요일,울산광역시 남구 신정동,경상사고,0,0,1,0,차대사람 - 횡단중,안전운전불이행,건조,맑음,교차로 - 교차로안,승용,남,48세,상해없음,보행자,남,25세,경상
2020040500100080,2020년 4월 5일 07시,일요일,울산광역시 남구 달동,경상사고,0,0,1,0,차대차 - 측면충돌,안전운전불이행,건조,맑음,교차로 - 교차로안,승합,남,52세,상해없음,승용,남,38세,경상
2020040500100120,2020년 4월 5일 10시,일요일,울산광역시 남구 달동,부상신고사고,0,0,0,1,차대차 - 기타,안전운전불이행,건조,맑음,교차로 - 교차로안,이륜,남,23세,부상신고,승용,남,42세,상해없음
2020040500100149,2020년 4월 5일 11시,일요일,울산광역시 울주군 범서읍,부상신고사고,0,0,0,1,차대차 - 기타,안전운전불이행,기타,맑음,단일로 - 기타,자전거,남,78세,부상신고,자전거,남,53세,상해없음
2020040500100171,2020년 4월 5일 12시,일요일,울산광역시 중구 학성동,부상신고사고,0,0,0,1,차대차 - 추돌,안전운전불이행,건조,맑음,단일로 - 기타,자전거,남,53세,부상신고,자전거,남,12세,상해없음
2020040500100234,2020년 4월 5일 14시,일요일,울산광역시 동구 일산동,경상사고,0,0,2,0,차대차 - 측면충돌,직진우회전진행방해,건조,맑음,교차로 - 교차로안,이륜,남,31세,경상,승용,남,32세,상해없음
2020040500100268,2020년 4월 5일 15시,일요일,울산광역시 동구 방어동,경상사고,0,0,1,0,차대차 - 후진중충돌,안전운전불이행,건조,맑음,교차로 - 교차로부근,승용,남,53세,상해없음,이륜,남,20세,경상
2020040500100336,2020년 4월 5일 18시,일요일,울산광역시 동구 서부동,경상사고,0,0,1,0,차대차 - 측면충돌,신호위반,건조,맑음,교차로 - 교차로안,이륜,남,49세,상해없음,승용,여,68세,경상
2020040500100359,2020년 4월 5일 19시,일요일,울산광역시 중구 태화동,중상사고,0,1,0,0,차대차 - 측면충돌,안전운전불이행,건조,맑음,교차로 - 교차로안,승용,남,34세,상해없음,이륜,남,58세,중상
2020040500100424,2020년 4월 5일 23시,일요일,울산광역시 북구 진장동,경상사고,0,0,1,0,차대차 - 측면충돌,안전운전불이행,건조,맑음,단일로 - 고가도로위,승용,남,41세,상해없음,승합,남,54세,경상
2020040600100017,2020년 4월 6일 01시,월요일,울산광역시 동구 화정동,경상사고,0,0,4,0,차대차 - 측면충돌,직진우회전진행방해,건조,맑음,교차로 - 교차로안,승용,여,52세,경상,승용,남,45세,경상
2020040600100049,2020년 4월 6일 06시,월요일,울산광역시 북구 화봉동,중상사고,0,1,0,0,차대차 - 기타,안전운전불이행,젖음/습기,맑음,교차로 - 교차로부근,기타불명,기타불명,미분류,기타불명,이륜,남,44세,중상
2020040600100050,2020년 4월 6일 06시,월요일,울산광역시 울주군 온산읍,경상사고,0,0,1,0,차대차 - 정면충돌,직진우회전진행방해,건조,맑음,단일로 - 기타,승용,남,54세,상해없음,원동기,남,39세,경상
2020040600100057,2020년 4월 6일 07시,월요일,울산광역시 울주군 온양읍,사망사고,1,1,0,0,차대차 - 추돌,안전운전불이행,건조,맑음,단일로 - 기타,화물,남,67세,사망,특수,남,63세,상해없음
2020040600100166,2020년 4월 6일 10시,월요일,울산광역시 남구 신정동,경상사고,0,0,1,0,차대차 - 기타,신호위반,건조,맑음,단일로 - 기타,승용,여,55세,상해없음,승용,여,62세,경상
2020040600100198,2020년 4월 6일 11시,월요일,울산광역시 남구 달동,중상사고,0,2,0,1,차량단독 - 전도전복 - 전도,안전운전불이행,건조,맑음,단일로 - 기타,승합,남,41세,상해없음,,,,
2020040600100273,2020년 4월 6일 13시,월요일,울산광역시 중구 남외동,경상사고,0,0,1,0,차대차 - 추돌,안전거리미확보,건조,맑음,교차로 - 교차로안,화물,남,48세,상해없음,원동기,남,66세,경상
2020040600100384,2020년 4월 6일 16시,월요일,울산광역시 남구 야음동,경상사고,0,0,1,0,차대차 - 후진중충돌,안전운전불이행,건조,맑음,교차로 - 교차로부근,승용,남,37세,상해없음,승용,여,31세,경상
2020040600100500,2020년 4월 6일 20시,월요일,울산광역시 북구 진장동,경상사고,0,0,1,1,차대차 - 측면충돌,안전운전불이행,건조,맑음,교차로 - 교차로안,승용,남,64세,부상신고,승합,남,43세,상해없음
2020040600100523,2020년 4월 6일 21시,월요일,울산광역시 남구 신정동,부상신고사고,0,0,0,1,차대사람 - 기타,안전운전불이행,건조,맑음,기타 - 기타,기타불명,기타불명,미분류,기타불명,보행자,남,38세,부상신고
2020040600100540,2020년 4월 6일 22시,월요일,울산광역시 중구 반구동,부상신고사고,0,0,0,1,차량단독 - 전도전복 - 전도,안전운전불이행,건조,맑음,단일로 - 기타,자전거,남,62세,부상신고,,,,
2020040700100037,2020년 4월 7일 05시,화요일,울산광역시 중구 서동,중상사고,0,1,0,0,차대차 - 추돌,안전운전불이행,건조,맑음,단일로 - 기타,승용,남,18세,상해없음,승용,남,30세,중상
2020040700100064,2020년 4월 7일 07시,화요일,울산광역시 동구 동부동,경상사고,0,0,1,0,차량단독 - 공작물충돌,안전운전불이행,건조,맑음,단일로 - 기타,승용,남,21세,상해없음,,,,
2020040700100099,2020년 4월 7일 08시,화요일,울산광역시 동구 화정동,경상사고,0,0,1,0,차대차 - 추돌,안전운전불이행,건조,맑음,교차로 - 교차로횡단보도내,승용,남,64세,상해없음,자전거,남,66세,경상
2020040700100311,2020년 4월 7일 15시,화요일,울산광역시 중구 성안동,경상사고,0,0,1,0,차대차 - 추돌,안전운전불이행,건조,맑음,단일로 - 기타,승용,여,58세,상해없음,화물,남,44세,경상
2020040800100011,2020년 4월 8일 00시,수요일,울산광역시 북구 효문동,사망사고,1,1,0,0,차대차 - 정면충돌,중앙선침범,건조,맑음,단일로 - 기타,승용,남,34세,사망,승용,남,62세,중상
2020040800100124,2020년 4월 8일 08시,수요일,울산광역시 남구 달동,경상사고,0,0,1,0,차량단독 - 기타,기타,건조,맑음,단일로 - 기타,승합,남,51세,상해없음,,,,
2020040800100208,2020년 4월 8일 11시,수요일,울산광역시 남구 신정동,경상사고,0,0,1,0,차대차 - 기타,교차로운행방법위반,건조,맑음,교차로 - 교차로안,승용,남,70세,상해없음,이륜,남,27세,경상
2020040800100209,2020년 4월 8일 11시,수요일,울산광역시 남구 신정동,경상사고,0,0,1,0,차대차 - 측면충돌,안전거리미확보,건조,맑음,단일로 - 기타,승용,남,65세,상해없음,특수,남,31세,경상
2020040800100210,2020년 4월 8일 11시,수요일,울산광역시 동구 전하동,경상사고,0,0,1,0,차대차 - 추돌,안전운전불이행,건조,맑음,교차로 - 교차로부근,승용,남,74세,상해없음,승용,남,57세,경상
2020040800100211,2020년 4월 8일 11시,수요일,울산광역시 동구 화정동,경상사고,0,0,1,1,차대차 - 기타,차로위반,건조,맑음,단일로 - 기타,승용,남,63세,부상신고,화물,남,58세,경상
2020040800100241,2020년 4월 8일 12시,수요일,울산광역시 중구 다운동,경상사고,0,0,2,0,차대차 - 측면충돌,안전거리미확보,건조,맑음,단일로 - 기타,건설기계,남,64세,상해없음,승용,남,48세,경상
2020040800100363,2020년 4월 8일 16시,수요일,울산광역시 울주군 온산읍,경상사고,0,0,1,0,차대차 - 추돌,신호위반,건조,맑음,교차로 - 교차로안,승용,여,61세,상해없음,화물,남,30세,경상
2020040800100448,2020년 4월 8일 18시,수요일,울산광역시 울주군 청량읍,경상사고,0,0,1,0,차대차 - 기타,교차로운행방법위반,건조,맑음,교차로 - 교차로안,승용,여,24세,경상,화물,여,69세,상해없음
2020040800100482,2020년 4월 8일 19시,수요일,울산광역시 북구 화봉동,중상사고,0,1,2,0,차대차 - 추돌,안전거리미확보,건조,맑음,단일로 - 기타,화물,남,65세,상해없음,승용,여,35세,경상
2020040800100483,2020년 4월 8일 19시,수요일,울산광역시 남구 삼산동,중상사고,0,1,0,0,차대차 - 측면충돌,안전운전불이행,건조,맑음,교차로 - 교차로안,승용,남,46세,상해없음,자전거,남,45세,중상
2020040800100507,2020년 4월 8일 20시,수요일,울산광역시 동구 서부동,경상사고,0,0,1,0,차대차 - 정면충돌,중앙선침범,건조,맑음,교차로 - 교차로부근,자전거,남,56세,경상,승합,남,67세,상해없음
2020040800100546,2020년 4월 8일 22시,수요일,울산광역시 울주군 온산읍,경상사고,0,0,1,0,차대차 - 추돌,안전운전불이행,건조,맑음,교차로 - 교차로안,이륜,남,17세,경상,승용,남,61세,상해없음