사고번호,사고일시,요일,시군구,사고내용,사망자수,중상자수,경상자수,부상신고자수,사고유형,법규위반,노면상태,기상상태,도로형태,가해운전자 차종,가해운전자 성별,가해운전자 연령,가해운전자 상해정도,피해운전자 차종,피해운전자 성별,피해운전자 연령,피해운전자 상해정도
2020061000100484,2020년 6월 10일 17시,수요일,울산광역시 남구 달동,경상사고,0,0,2,1,차대차 - 측면충돌,안전운전불이행,건조,맑음,교차로 - 교차로안,승용,남,44세,부상신고,화물,여,51세,경상
2020061000100485,2020년 6월 10일 17시,수요일,울산광역시 동구 동부동,경상사고,0,0,1,0,차대사람 - 횡단중,신호위반,건조,맑음,교차로 - 교차로안,승용,남,69세,상해없음,보행자,여,10세,경상
2020061000100632,2020년 6월 10일 20시,수요일,울산광역시 동구 전하동,경상사고,0,0,1,0,차대차 - 측면충돌,중앙선침범,건조,맑음,교차로 - 교차로안,승합,남,58세,상해없음,이륜,남,50세,경상
2020061000100689,2020년 6월 10일 21시,수요일,울산광역시 동구 서부동,경상사고,0,0,1,0,차대차 - 측면충돌,안전운전불이행,건조,맑음,교차로 - 교차로안,승용,남,37세,상해없음,자전거,남,23세,경상
2020061000100737,2020년 6월 10일 22시,수요일,울산광역시 동구 방어동,중상사고,0,1,1,0,차대차 - 추돌,안전운전불이행,건조,맑음,단일로 - 기타,승용,남,48세,상해없음,승용,남,26세,중상
2020061100100019,2020년 6월 11일 00시,목요일,울산광역시 중구 성안동,경상사고,0,0,1,0,차대차 - 기타,안전운전불이행,젖음/습기,비,단일로 - 기타,승용,남,51세,상해없음,이륜,남,58세,경상
2020061100100039,2020년 6월 11일 01시,목요일,울산광역시 중구 태화동,중상사고,0,1,0,0,차대사람 - 횡단중,안전운전불이행,건조,맑음,단일로 - 기타,승용,남,22세,상해없음,보행자,남,53세,중상
2020061100100040,2020년 6월 11일 01시,목요일,울산광역시 남구 야음동,사망사고,1,0,0,0,차대사람 - 횡단중,안전운전불이행,젖음/습기,흐림,교차로 - 교차로횡단보도내,승용,남,50세,상해없음,보행자,남,50세,사망
2020061100100414,2020년 6월 11일 16시,목요일,울산광역시 울주군 범서읍,경상사고,0,0,1,0,차대차 - 추돌,안전운전불이행,건조,맑음,단일로 - 기타,승용,여,28세,상해없음,승용,여,48세,경상
2020061100100464,2020년 6월 11일 17시,목요일,울산광역시 중구 태화동,경상사고,0,0,1,0,차대사람 - 횡단중,보행자보호의무위반,건조,맑음,교차로 - 교차로횡단보도내,승용,남,62세,상해없음,보행자,남,23세,경상
2020061100100513,2020년 6월 11일 18시,목요일,울산광역시 남구 신정동,경상사고,0,0,1,0,차대차 - 기타,직진우회전진행방해,건조,맑음,교차로 - 교차로안,승용,여,31세,경상,승합,여,56세,상해없음
2020061100100538,2020년 6월 11일 19시,목요일,울산광역시 북구 화봉동,경상사고,0,0,1,0,차대차 - 기타,직진우회전진행방해,건조,맑음,교차로 - 교차로안,승용,남,29세,상해없음,이륜,남,26세,경상
2020061100100637,2020년 6월 11일 22시,목요일,울산광역시 울주군 두서면,중상사고,0,1,1,0,차량단독 - 기타,안전운전불이행,건조,흐림,단일로 - 기타,승용,남,67세,경상,,,,
2020061100100652,2020년 6월 11일 23시,목요일,울산광역시 남구 신정동,경상사고,0,0,3,0,차대차 - 측면충돌,안전운전불이행,건조,맑음,단일로 - 기타,승합,남,55세,상해없음,승용,남,58세,경상
2020061200100058,2020년 6월 12일 06시,금요일,울산광역시 동구 서부동,경상사고,0,0,1,0,차대차 - 후진중충돌,안전운전불이행,건조,맑음,주차장 - 주차장,승용,여,44세,상해없음,승용,여,24세,경상
2020061200100163,2020년 6월 12일 09시,금요일,울산광역시 북구 연암동,경상사고,0,0,1,0,차대사람 - 기타,안전운전불이행,건조,맑음,단일로 - 기타,승용,여,23세,상해없음,보행자,여,71세,경상
2020061200100164,2020년 6월 12일 09시,금요일,울산광역시 울주군 웅촌면,경상사고,0,0,1,0,차대차 - 측면충돌,안전운전불이행,건조,맑음,단일로 - 지하차도(도로)내,화물,남,67세,상해없음,승용,여,53세,경상
2020061200100317,2020년 6월 12일 13시,금요일,울산광역시 남구 신정동,경상사고,0,0,1,0,차대차 - 기타,직진우회전진행방해,건조,맑음,교차로 - 교차로안,승용,여,63세,경상,승용,남,55세,상해없음
2020061200100355,2020년 6월 12일 14시,금요일,울산광역시 중구 성안동,중상사고,0,1,0,0,차대차 - 측면충돌,신호위반,건조,맑음,교차로 - 교차로안,승용,여,51세,상해없음,승용,남,52세,중상
2020061200100483,2020년 6월 12일 17시,금요일,울산광역시 남구 무거동,경상사고,0,0,1,0,차대차 - 측면충돌,안전운전불이행,건조,맑음,단일로 - 기타,승용,여,34세,상해없음,승합,남,44세,경상
2020061200100587,2020년 6월 12일 19시,금요일,울산광역시 중구 태화동,경상사고,0,0,1,0,차대사람 - 기타,안전운전불이행,건조,맑음,단일로 - 기타,승용,여,25세,상해없음,보행자,남,30세,경상
2020061200100754,2020년 6월 12일 23시,금요일,울산광역시 남구 삼산동,경상사고,0,0,1,0,차대사람 - 횡단중,중앙선침범,젖음/습기,흐림,단일로 - 기타,승용,남,53세,상해없음,보행자,여,43세,경상
2020061200100755,2020년 6월 12일 23시,금요일,울산광역시 남구 달동,경상사고,0,0,1,0,차대사람 - 횡단중,보행자보호의무위반,건조,맑음,교차로 - 교차로안,승용,여,50세,상해없음,보행자,남,39세,경상
2020061300100028,2020년 6월 13일 00시,토요일,울산광역시 울주군 온양읍,경상사고,0,0,1,1,차대차 - 측면충돌,신호위반,젖음/습기,맑음,교차로 - 교차로안,승용,남,45세,상해없음,승용,남,57세,경상
2020061300100078,2020년 6월 13일 03시,토요일,울산광역시 중구 복산동,경상사고,0,0,1,2,차대차 - 측면충돌,신호위반,건조,맑음,교차로 - 교차로안,승용,남,58세,부상신고,승용,여,31세,경상
2020061300100079,2020년 6월 13일 03시,토요일,울산광역시 남구 달동,중상사고,0,1,0,0,차대사람 - 횡단중,안전운전불이행,젖음/습기,비,단일로 - 기타,이륜,남,60세,상해없음,보행자,여,62세,중상
2020061300100091,2020년 6월 13일 04시,토요일,울산광역시 중구 반구동,중상사고,0,1,0,0,차대차 - 추돌,안전운전불이행,젖음/습기,비,단일로 - 기타,승용,남,20세,상해없음,자전거,남,50세,중상
2020061300100107,2020년 6월 13일 06시,토요일,울산광역시 남구 상개동,중상사고,0,1,0,0,차량단독 - 공작물충돌,안전운전불이행,젖음/습기,비,단일로 - 기타,화물,남,34세,중상,,,,
2020061300100125,2020년 6월 13일 07시,토요일,울산광역시 중구 약사동,경상사고,0,0,1,0,차대차 - 추돌,안전거리미확보,젖음/습기,비,단일로 - 기타,승용,남,61세,상해없음,승용,남,57세,경상
2020061300100323,2020년 6월 13일 13시,토요일,울산광역시 남구 무거동,중상사고,0,1,0,0,차대차 - 측면충돌,중앙선침범,건조,맑음,교차로 - 교차로부근,승용,남,56세,상해없음,이륜,남,36세,중상
2020061300100349,2020년 6월 13일 14시,토요일,울산광역시 중구 성안동,경상사고,0,0,1,0,차량단독 - 공작물충돌,안전운전불이행,건조,맑음,단일로 - 기타,승용,남,52세,상해없음,,,,
2020061300100519,2020년 6월 13일 18시,토요일,울산광역시 울주군 서생면,부상신고사고,0,0,0,1,차량단독 - 공작물충돌,안전운전불이행,건조,흐림,단일로 - 기타,승용,남,40세,부상신고,,,,
2020061300100619,2020년 6월 13일 21시,토요일,울산광역시 중구 성안동,경상사고,0,0,2,0,차대차 - 측면충돌,안전운전불이행,건조,맑음,교차로 - 교차로부근,승용,남,64세,상해없음,승용,남,43세,경상
2020061300100620,2020년 6월 13일 21시,토요일,울산광역시 남구 신정동,경상사고,0,0,1,0,차대차 - 추돌,안전운전불이행,건조,맑음,단일로 - 기타,승용,남,24세,상해없음,승용,남,47세,경상
2020061300100675,2020년 6월 13일 23시,토요일,울산광역시 남구 신정동,중상사고,0,1,1,0,차대사람 - 차도통행중,안전운전불이행,젖음/습기,비,단일로 - 기타,승용,남,68세,상해없음,보행자,남,53세,경상
2020061400100106,2020년 6월 14일 08시,일요일,울산광역시 남구 삼산동,경상사고,0,0,1,0,차대차 - 추돌,안전운전불이행,젖음/습기,비,교차로 - 교차로안,승용,남,40세,상해없음,화물,남,74세,경상
2020061400100161,2020년 6월 14일 11시,일요일,울산광역시 울주군 범서읍,경상사고,0,0,6,1,차대차 - 추돌,안전운전불이행,젖음/습기,비,교차로 - 교차로부근,승용,여,58세,경상,승용,여,51세,경상
2020061400100187,2020년 6월 14일 12시,일요일,울산광역시 북구 신천동,중상사고,0,1,1,0,차대차 - 기타,안전거리미확보,젖음/습기,비,단일로 - 기타,승용,남,46세,상해없음,승용,남,61세,경상
2020061400100188,2020년 6월 14일 12시,일요일,울산광역시 남구 달동,경상사고,0,0,1,0,차대차 - 측면충돌,안전거리미확보,젖음/습기,비,단일로 - 기타,승용,남,37세,상해없음,승용,남,63세,경상
2020061400100189,2020년 6월 14일 12시,일요일,울산광역시 동구 방어동,경상사고,0,0,1,0,차대차 - 추돌,안전운전불이행,젖음/습기,비,교차로 - 교차로부근,이륜,남,46세,상해없음,승용,남,62세,경상
2020061400100215,2020년 6월 14일 13시,일요일,울산광역시 중구 학성동,경상사고,0,0,1,0,차대차 - 추돌,중앙선침범,건조,맑음,교차로 - 교차로부근,이륜,남,81세,상해없음,승용,여,57세,상해없음
2020061400100216,2020년 6월 14일 13시,일요일,울산광역시 울주군 청량읍,경상사고,0,0,2,0,차대차 - 기타,안전운전불이행,젖음/습기,비,기타 - 기타,화물,남,48세,상해없음,승용,여,54세,경상
2020061400100259,2020년 6월 14일 14시,일요일,울산광역시 중구 남외동,경상사고,0,0,1,0,차대차 - 측면충돌,교차로운행방법위반,건조,맑음,단일로 - 기타,승용,여,44세,상해없음,승용,남,46세,경상
2020061400100388,2020년 6월 14일 18시,일요일,울산광역시 중구 반구동,경상사고,0,0,2,0,차대차 - 측면충돌,신호위반,건조,맑음,교차로 - 교차로안,이륜,남,24세,경상,승용,남,32세,경상
2020061400100389,2020년 6월 14일 18시,일요일,울산광역시 동구 서부동,경상사고,0,0,1,0,차대차 - 기타,안전거리미확보,건조,맑음,교차로 - 교차로안,승용,여,49세,상해없음,승용,남,63세,상해없음
2020061400100483,2020년 6월 14일 21시,일요일,울산광역시 중구 태화동,중상사고,0,1,0,0,차대차 - 측면충돌,신호위반,건조,맑음,교차로 - 교차로안,이륜,남,27세,중상,승용,남,46세,상해없음
2020061500100019,2020년 6월 15일 02시,월요일,울산광역시 중구 반구동,경상사고,0,0,1,0,차대사람 - 보도통행중,안전운전불이행,건조,맑음,단일로 - 기타,승용,남,48세,상해없음,보행자,남,49세,경상
2020061500100056,2020년 6월 15일 06시,월요일,울산광역시 북구 신현동,중상사고,0,1,1,0,차대차 - 기타,과속,건조,맑음,단일로 - 기타,승용,남,48세,상해없음,이륜,남,45세,경상
2020061500100076,2020년 6월 15일 07시,월요일,울산광역시 북구 염포동,중상사고,0,1,0,0,차대차 - 측면충돌,중앙선침범,건조,맑음,단일로 - 기타,승용,여,32세,상해없음,승용,여,47세,중상
2020061500100077,2020년 6월 15일 07시,월요일,울산광역시 동구 전하동,경상사고,0,0,1,0,차대차 - 측면충돌,직진우회전진행방해,건조,맑음,교차로 - 교차로안,승용,여,51세,상해없음,이륜,남,41세,경상
2020061500100127,2020년 6월 15일 08시,월요일,울산광역시 남구 여천동,부상신고사고,0,0,0,1,차대차 - 추돌,차로위반,건조,맑음,교차로 - 교차로부근,승용,남,39세,부상신고,화물,남,26세,상해없음
2020061500100129,2020년 6월 15일 08시,월요일,울산광역시 울주군 범서읍,경상사고,0,0,2,0,차대차 - 추돌,교차로운행방법위반,건조,맑음,교차로 - 교차로안,승용,남,60세,경상,승용,여,23세,경상
2020061500100281,2020년 6월 15일 12시,월요일,울산광역시 중구 남외동,경상사고,0,0,2,0,차대차 - 측면충돌,교차로운행방법위반,건조,맑음,교차로 - 교차로안,승용,여,53세,경상,승용,남,37세,경상
2020061500100361,2020년 6월 15일 14시,월요일,울산광역시 남구 야음동,중상사고,0,2,0,0,차대차 - 추돌,안전운전불이행,건조,맑음,단일로 - 기타,승용,여,64세,상해없음,승용,여,52세,중상
2020061500100403,2020년 6월 15일 15시,월요일,울산광역시 중구 남외동,중상사고,0,1,1,0,차대차 - 측면충돌,교차로운행방법위반,건조,맑음,교차로 - 교차로안,이륜,남,23세,경상,승용,여,43세,중상
2020061500100404,2020년 6월 15일 15시,월요일,울산광역시 북구 양정동,경상사고,0,0,1,0,차대차 - 측면충돌,안전운전불이행,건조,맑음,교차로 - 교차로안,이륜,남,25세,경상,승용,남,24세,상해없음
2020061500100453,2020년 6월 15일 16시,월요일,울산광역시 남구 무거동,경상사고,0,0,1,0,차대차 - 추돌,안전운전불이행,건조,맑음,단일로 - 기타,승용,여,44세,상해없음,승합,남,41세,상해없음
2020061500100517,2020년 6월 15일 17시,월요일,울산광역시 남구 두왕동,중상사고,0,1,0,0,차대차 - 기타,안전운전불이행,건조,맑음,단일로 - 기타,승용,남,70세,상해없음,자전거,남,42세,중상
2020061500100576,2020년 6월 15일 18시,월요일,울산광역시 울주군 온산읍,중상사고,0,1,0,0,차대차 - 기타,중앙선침범,건조,맑음,단일로 - 기타,승용,남,36세,상해없음,자전거,남,40세,중상
2020061500100609,2020년 6월 15일 19시,월요일,울산광역시 동구 일산동,중상사고,0,1,0,0,차대차 - 후진중충돌,안전운전불이행,건조,맑음,기타 - 기타,승용,여,27세,기타불명,승용,남,27세,상해없음
2020061500100638,2020년 6월 15일 20시,월요일,울산광역시 남구 신정동,중상사고,0,1,0,0,차대차 - 측면충돌,안전운전불이행,건조,맑음,단일로 - 기타,승용,남,28세,상해없음,자전거,남,66세,중상
2020061500100665,2020년 6월 15일 21시,월요일,울산광역시 중구 남외동,중상사고,0,1,0,0,차대사람 - 차도통행중,안전운전불이행,건조,맑음,단일로 - 기타,승용,여,55세,상해없음,보행자,여,71세,중상
2020061500100687,2020년 6월 15일 22시,월요일,울산광역시 중구 다운동,경상사고,0,0,6,0,차대차 - 기타,안전운전불이행,건조,맑음,단일로 - 기타,승용,여,57세,상해없음,승용,남,32세,경상
2020061600100017,2020년 6월 16일 01시,화요일,울산광역시 남구 달동,중상사고,0,1,0,0,차대차 - 정면충돌,신호위반,건조,맑음,교차로 - 교차로안,승용,여,47세,상해없음,승용,남,57세,중상
2020061600100087,2020년 6월 16일 07시,화요일,울산광역시 중구 우정동,경상사고,0,0,1,0,차대차 - 측면충돌,차로위반,건조,맑음,단일로 - 기타,승용,남,22세,상해없음,승합,남,66세,경상
2020061600100134,2020년 6월 16일 08시,화요일,울산광역시 중구 학산동,중상사고,0,1,3,0,차대차 - 정면충돌,안전운전불이행,건조,맑음,교차로 - 교차로부근,승용,여,50세,경상,원동기,남,81세,중상
2020061600100303,2020년 6월 16일 13시,화요일,울산광역시 남구 무거동,경상사고,0,0,1,0,차량단독 - 기타,안전운전불이행,건조,맑음,교차로 - 교차로부근,승용,남,64세,상해없음,,,,
2020061600100341,2020년 6월 16일 14시,화요일,울산광역시 중구 반구동,경상사고,0,0,1,0,차대차 - 추돌,안전운전불이행,건조,맑음,교차로 - 교차로안,자전거,남,44세,상해없음,자전거,남,76세,경상
2020061600100480,2020년 6월 16일 17시,화요일,울산광역시 남구 고사동,경상사고,0,0,1,0,차대사람 - 기타,안전운전불이행,건조,맑음,단일로 - 기타,승용,여,55세,상해없음,보행자,남,60세,경상
2020061600100537,2020년 6월 16일 18시,화요일,울산광역시 울주군 두동면,중상사고,0,1,0,0,차대차 - 측면충돌,중앙선침범,건조,맑음,단일로 - 지하차도(도로)내,화물,남,67세,상해없음,이륜,남,47세,중상
2020061600100538,2020년 6월 16일 18시,화요일,울산광역시 울주군 온산읍,경상사고,0,0,2,0,차대차 - 추돌,안전운전불이행,건조,맑음,단일로 - 기타,승용,남,67세,상해없음,승용,남,59세,경상
2020061600100539,2020년 6월 16일 18시,화요일,울산광역시 울주군 언양읍,경상사고,0,0,1,0,차대차 - 추돌,안전운전불이행,건조,맑음,단일로 - 기타,승용,여,48세,상해없음,사륜오토바이(ATV),남,68세,경상
2020061600100566,2020년 6월 16일 19시,화요일,울산광역시 남구 무거동,경상사고,0,0,4,0,차대차 - 측면충돌,차로위반,건조,맑음,교차로 - 교차로안,승용,여,30세,상해없음,승용,남,63세,상해없음
2020061600100610,2020년 6월 16일 20시,화요일,울산광역시 울주군 온산읍,경상사고,0,0,1,0,차대차 - 측면충돌,교차로운행방법위반,건조,맑음,교차로 - 교차로안,이륜,남,48세,상해없음,승합,남,29세,상해없음
2020061600100635,2020년 6월 16일 21시,화요일,울산광역시 동구 방어동,경상사고,0,0,1,0,차대차 - 측면충돌,신호위반,건조,맑음,교차로 - 교차로안,화물,남,24세,상해없음,승용,남,32세,경상
2020061700100061,2020년 6월 17일 06시,수요일,울산광역시 울주군 온산읍,경상사고,0,0,2,0,차대차 - 측면충돌,교차로운행방법위반,건조,맑음,교차로 - 교차로안,승용,남,49세,경상,승용,남,72세,경상
2020061700100085,2020년 6월 17일 07시,수요일,울산광역시 동구 방어동,경상사고,0,0,1,0,차대차 - 기타,안전거리미확보,건조,맑음,단일로 - 기타,이륜,남,29세,기타불명,이륜,남,59세,경상
2020061700100165,2020년 6월 17일 09시,수요일,울산광역시 남구 신정동,부상신고사고,0,0,0,1,차대차 - 측면충돌,안전운전불이행,건조,맑음,단일로 - 기타,건설기계,남,59세,상해없음,화물,남,48세,부상신고
2020061700100166,2020년 6월 17일 09시,수요일,울산광역시 남구 신정동,경상사고,0,0,1,0,차대사람 - 횡단중,보행자보호의무위반,건조,맑음,교차로 - 교차로부근,기타불명,기타불명,미분류,기타불명,보행자,여,56세,경상
2020061700100224,2020년 6월 17일 11시,수요일,울산광역시 북구 신천동,중상사고,0,1,0,0,차대차 - 측면충돌,신호위반,건조,맑음,교차로 - 교차로안,자전거,남,13세,중상,승용,남,41세,상해없음
2020061700100265,2020년 6월 17일 12시,수요일,울산광역시 동구 방어동,중상사고,0,2,1,0,차대차 - 측면충돌,안전운전불이행,건조,맑음,교차로 - 교차로안,승용,남,51세,기타불명,승용,남,65세,경상
2020061700100299,2020년 6월 17일 13시,수요일,울산광역시 북구 염포동,중상사고,0,1,2,0,차대차 - 추돌,안전운전불이행,건조,맑음,단일로 - 기타,승용,남,49세,기타불명,승용,남,24세,중상
2020061700100342,2020년 6월 17일 14시,수요일,울산광역시 남구 신정동,경상사고,0,0,1,0,차대차 - 추돌,안전운전불이행,건조,맑음,교차로 - 교차로부근,승용,여,37세,상해없음,승용,여,39세,경상
2020061700100343,2020년 6월 17일 14시,수요일,울산광역시 남구 삼산동,중상사고,0,1,0,0,차대차 - 측면충돌,안전거리미확보,건조,맑음,교차로 - 교차로안,승용,남,68세,상해없음,승용,남,34세,중상
2020061700100400,2020년 6월 17일 16시,수요일,울산광역시 남구 신정동,경상사고,0,0,1,0,차대차 - 측면충돌,직진우회전진행방해,건조,맑음,교차로 - 교차로안,승용,여,61세,상해없음,승용,여,37세,경상
2020061700100401,2020년 6월 17일 16시,수요일,울산광역시 남구 신정동,중상사고,0,1,0,1,차대차 - 측면충돌,차로위반,건조,맑음,단일로 - 기타,승용,남,33세,부상신고,이륜,남,43세,중상
2020061700100402,2020년 6월 17일 16시,수요일,울산광역시 남구 무거동,경상사고,0,0,1,0,차대사람 - 기타,안전운전불이행,건조,맑음,단일로 - 기타,승용,여,51세,상해없음,보행자,남,13세,경상
2020061700100554,2020년 6월 17일 20시,수요일,울산광역시 동구 방어동,중상사고,0,1,0,0,차대사람 - 차도통행중,보행자보호의무위반,건조,맑음,기타 - 기타,이륜,남,57세,상해없음,보행자,여,4세,중상
2020061700100584,2020년 6월 17일 21시,수요일,울산광역시 북구 창평동,경상사고,0,0,1,1,차대차 - 측면충돌,안전거리미확보,건조,맑음,단일로 - 기타,승용,남,21세,상해없음,화물,남,40세,상해없음
2020061700100585,2020년 6월 17일 21시,수요일,울산광역시 울주군 웅촌면,경상사고,0,0,1,0,차대차 - 정면충돌,중앙선침범,건조,맑음,단일로 - 기타,승용,여,51세,상해없음,화물,남,41세,경상
2020061800100040,2020년 6월 18일 02시,목요일,울산광역시 북구 진장동,경상사고,0,0,2,0,차대차 - 측면충돌,중앙선침범,건조,흐림,단일로 - 기타,승용,남,35세,상해없음,승용,남,61세,경상
2020061800100041,2020년 6월 18일 02시,목요일,울산광역시 북구 진장동,경상사고,0,0,1,0,차대차 - 측면충돌,교차로운행방법위반,건조,흐림,교차로 - 교차로부근,화물,남,54세,상해없음,승용,남,60세,경상
2020061800100087,2020년 6월 18일 06시,목요일,울산광역시 중구 복산동,경상사고,0,0,1,1,차대차 - 기타,교차로운행방법위반,건조,맑음,교차로 - 교차로안,승용,여,47세,부상신고,승용,여,51세,경상
2020061800100330,2020년 6월 18일 13시,목요일,울산광역시 북구 호계동,경상사고,0,0,1,0,차대차 - 추돌,교차로운행방법위반,젖음/습기,비,교차로 - 교차로안,화물,남,68세,상해없음,승용,남,36세,경상
2020061800100331,2020년 6월 18일 13시,목요일,울산광역시 동구 방어동,경상사고,0,0,2,0,차대차 - 추돌,안전운전불이행,젖음/습기,비,교차로 - 교차로부근,승용,남,61세,경상,승용,남,47세,상해없음
2020061800100412,2020년 6월 18일 16시,목요일,울산광역시 남구 신정동,중상사고,0,1,1,0,차대차 - 기타,중앙선침범,젖음/습기,비,단일로 - 기타,승용,남,54세,중상,승용,여,50세,경상
2020061800100453,2020년 6월 18일 17시,목요일,울산광역시 동구 전하동,중상사고,0,1,0,0,차대차 - 측면충돌,직진우회전진행방해,젖음/습기,비,교차로 - 교차로안,승용,여,31세,상해없음,이륜,남,52세,중상
2020061800100454,2020년 6월 18일 17시,목요일,울산광역시 울주군 온산읍,중상사고,0,2,2,0,차대차 - 측면충돌,안전운전불이행,젖음/습기,비,단일로 - 기타,승용,여,50세,중상,승용,남,30세,경상
2020061800100489,2020년 6월 18일 18시,목요일,울산광역시 남구 달동,경상사고,0,0,2,0,차대차 - 측면충돌,신호위반,젖음/습기,비,교차로 - 교차로안,승용,남,72세,상해없음,승용,남,62세,경상
2020061800100558,2020년 6월 18일 20시,목요일,울산광역시 동구 서부동,경상사고,0,0,1,0,차대차 - 기타,신호위반,젖음/습기,비,교차로 - 교차로안,승용,남,62세,상해없음,이륜,남,60세,경상
2020061800100596,2020년 6월 18일 21시,목요일,울산광역시 북구 화봉동,경상사고,0,0,1,0,차량단독 - 기타,기타,건조,맑음,단일로 - 기타,승합,남,44세,상해없음,,,,
2020061800100597,2020년 6월 18일 21시,목요일,울산광역시 남구 무거동,중상사고,0,1,0,0,차대차 - 기타,신호위반,젖음/습기,비,교차로 - 교차로안,승용,남,63세,상해없음,승용,남,39세,중상
2020061800100598,2020년 6월 18일 21시,목요일,울산광역시 동구 전하동,경상사고,0,0,1,0,차대차 - 추돌,안전운전불이행,건조,맑음,기타 - 기타,승용,남,38세,상해없음,승용,남,47세,경상
2020061800100619,2020년 6월 18일 22시,목요일,울산광역시 북구 달천동,중상사고,0,1,5,0,차대차 - 추돌,안전운전불이행,건조,맑음,단일로 - 기타,승용,남,54세,상해없음,승용,여,39세,중상
2020061900100033,2020년 6월 19일 02시,금요일,울산광역시 중구 우정동,사망사고,1,1,1,0,차대차 - 측면충돌,기타,건조,흐림,교차로 - 교차로안,승용,남,19세,상해없음,이륜,남,15세,사망
2020061900100040,2020년 6월 19일 03시,금요일,울산광역시 동구 방어동,경상사고,0,0,1,0,차량단독 - 공작물충돌,안전운전불이행,건조,맑음,단일로 - 기타,승용,남,24세,경상,,,,
2020061900100068,2020년 6월 19일 06시,금요일,울산광역시 울주군 청량읍,경상사고,0,0,3,0,차대차 - 측면충돌,안전운전불이행,젖음/습기,흐림,단일로 - 기타,화물,남,63세,상해없음,화물,남,74세,경상
2020061900100094,2020년 6월 19일 07시,금요일,울산광역시 남구 달동,부상신고사고,0,0,0,1,차대사람 - 기타,안전운전불이행,건조,흐림,단일로 - 기타,승용,여,50세,상해없음,보행자,남,34세,부상신고
2020061900100095,2020년 6월 19일 07시,금요일,울산광역시 동구 방어동,경상사고,0,0,1,0,차대차 - 측면충돌,안전운전불이행,건조,맑음,교차로 - 교차로부근,기타불명,기타불명,미분류,기타불명,이륜,남,39세,경상
2020061900100139,2020년 6월 19일 08시,금요일,울산광역시 남구 야음동,경상사고,0,0,2,0,차대차 - 측면충돌,신호위반,건조,흐림,교차로 - 교차로안,승용,여,38세,경상,승용,남,56세,경상
2020061900100244,2020년 6월 19일 11시,금요일,울산광역시 남구 달동,경상사고,0,0,1,0,차대차 - 후진중충돌,안전운전불이행,건조,맑음,단일로 - 기타,화물,남,56세,상해없음,승용,여,51세,경상
2020061900100329,2020년 6월 19일 13시,금요일,울산광역시 중구 남외동,중상사고,0,1,0,0,차대사람 - 횡단중,안전운전불이행,건조,맑음,단일로 - 기타,승용,여,47세,상해없음,보행자,여,68세,중상
2020061900100330,2020년 6월 19일 13시,금요일,울산광역시 동구 전하동,경상사고,0,0,1,0,차대차 - 측면충돌,안전운전불이행,건조,맑음,단일로 - 기타,이륜,남,28세,경상,승용,여,59세,상해없음
2020061900100456,2020년 6월 19일 16시,금요일,울산광역시 동구 화정동,경상사고,0,0,1,0,차대차 - 측면충돌,안전운전불이행,건조,맑음,단일로 - 기타,이륜,남,17세,경상,승용,여,23세,상해없음
2020061900100526,2020년 6월 19일 17시,금요일,울산광역시 중구 유곡동,경상사고,0,0,1,0,차대차 - 측면충돌,안전운전불이행,건조,맑음,교차로 - 교차로안,승용,여,31세,상해없음,승용,남,38세,경상
2020061900100662,2020년 6월 19일 20시,금요일,울산광역시 울주군 범서읍,경상사고,0,0,2,0,차대차 - 측면충돌,신호위반,건조,맑음,교차로 - 교차로안,승용,남,69세,경상,승용,여,33세,경상
2020061900100730,2020년 6월 19일 22시,금요일,울산광역시 남구 삼산동,경상사고,0,0,2,0,차대차 - 추돌,안전운전불이행,건조,맑음,단일로 - 기타,승용,남,34세,상해없음,승용,남,48세,경상
2020062000100227,2020년 6월 20일 11시,토요일,울산광역시 중구 반구동,경상사고,0,0,2,0,차대차 - 측면충돌,안전거리미확보,건조,맑음,단일로 - 기타,승용,여,51세,상해없음,승용,남,45세,경상
2020062000100324,2020년 6월 20일 13시,토요일,울산광역시 남구 신정동,중상사고,0,1,0,0,차대차 - 기타,신호위반,건조,맑음,교차로 - 교차로부근,이륜,남,40세,중상,승용,남,41세,상해없음
2020062000100409,2020년 6월 20일 15시,토요일,울산광역시 북구 산하동,경상사고,0,0,1,0,차대차 - 기타,안전운전불이행,건조,맑음,단일로 - 기타,승용,남,46세,상해없음,이륜,남,39세,경상
2020062000100445,2020년 6월 20일 16시,토요일,울산광역시 중구 북정동,경상사고,0,0,5,0,차대차 - 측면충돌,중앙선침범,건조,맑음,단일로 - 기타,승용,여,49세,상해없음,승용,여,52세,경상
2020062000100488,2020년 6월 20일 17시,토요일,울산광역시 울주군 온양읍,경상사고,0,0,1,0,차대차 - 측면충돌,신호위반,건조,맑음,교차로 - 교차로안,이륜,남,76세,경상,승용,남,55세,상해없음
2020062000100489,2020년 6월 20일 17시,토요일,울산광역시 울주군 범서읍,경상사고,0,0,1,0,차대차 - 추돌,안전운전불이행,건조,맑음,단일로 - 지하차도(도로)내,이륜,남,52세,상해없음,승용,여,63세,경상
2020062000100635,2020년 6월 20일 21시,토요일,울산광역시 울주군 온산읍,중상사고,0,1,0,0,차대차 - 측면충돌,신호위반,건조,맑음,교차로 - 교차로안,승용,남,58세,상해없음,승용,여,38세,중상