사고번호,사고일시,요일,시군구,사고내용,사망자수,중상자수,경상자수,부상신고자수,사고유형,법규위반,노면상태,기상상태,도로형태,가해운전자 차종,가해운전자 성별,가해운전자 연령,가해운전자 상해정도,피해운전자 차종,피해운전자 성별,피해운전자 연령,피해운전자 상해정도
2020062100100041,2020년 6월 21일 01시,일요일,울산광역시 중구 서동,경상사고,0,0,2,0,차대차 - 측면충돌,안전거리미확보,건조,맑음,교차로 - 교차로부근,승용,남,25세,상해없음,승용,남,28세,경상
2020062100100114,2020년 6월 21일 08시,일요일,울산광역시 중구 반구동,경상사고,0,0,1,0,차대사람 - 기타,기타,건조,맑음,단일로 - 기타,승용,남,65세,상해없음,보행자,여,25세,경상
2020062100100336,2020년 6월 21일 16시,일요일,울산광역시 울주군 삼남면,중상사고,0,1,0,0,차대차 - 측면충돌,안전운전불이행,건조,맑음,교차로 - 교차로안,원동기,여,20세,중상,승용,여,50세,상해없음
2020062100100379,2020년 6월 21일 17시,일요일,울산광역시 울주군 온산읍,중상사고,0,1,0,0,차대차 - 후진중충돌,안전운전불이행,건조,맑음,단일로 - 기타,승용,남,49세,상해없음,이륜,여,26세,중상
2020062100100404,2020년 6월 21일 18시,일요일,울산광역시 남구 달동,경상사고,0,0,1,0,차대사람 - 기타,기타,건조,맑음,단일로 - 기타,승합,여,48세,상해없음,보행자,여,27세,경상
2020062100100405,2020년 6월 21일 18시,일요일,울산광역시 울주군 온양읍,중상사고,0,1,0,0,차대차 - 기타,안전운전불이행,건조,맑음,교차로 - 교차로부근,화물,남,67세,상해없음,자전거,남,73세,중상
2020062100100487,2020년 6월 21일 21시,일요일,울산광역시 북구 신천동,사망사고,1,0,0,0,철길건널목 - 철길건널목,기타,건조,맑음,단일로 - 철길건널목,이륜,남,64세,사망,기타불명,남,43세,상해없음
2020062100100488,2020년 6월 21일 21시,일요일,울산광역시 남구 달동,경상사고,0,0,1,0,차대차 - 측면충돌,교차로운행방법위반,건조,맑음,교차로 - 교차로안,승용,남,51세,상해없음,이륜,남,22세,경상
2020062200100143,2020년 6월 22일 08시,월요일,울산광역시 울주군 범서읍,경상사고,0,0,1,0,차대차 - 기타,안전운전불이행,건조,맑음,교차로 - 교차로안,승용,여,48세,상해없음,자전거,남,23세,경상
2020062200100185,2020년 6월 22일 09시,월요일,울산광역시 북구 호계동,경상사고,0,0,1,0,차대사람 - 횡단중,신호위반,건조,맑음,교차로 - 교차로횡단보도내,승용,여,50세,상해없음,보행자,여,24세,경상
2020062200100312,2020년 6월 22일 12시,월요일,울산광역시 남구 달동,경상사고,0,0,2,1,차대차 - 측면충돌,안전거리미확보,건조,맑음,단일로 - 기타,승용,여,36세,상해없음,승용,남,54세,상해없음
2020062200100397,2020년 6월 22일 14시,월요일,울산광역시 남구 야음동,경상사고,0,0,1,0,차대차 - 측면충돌,안전운전불이행,건조,맑음,교차로 - 교차로부근,화물,남,65세,상해없음,승용,남,50세,경상
2020062200100504,2020년 6월 22일 16시,월요일,울산광역시 중구 남외동,경상사고,0,0,1,0,차대차 - 추돌,안전운전불이행,건조,맑음,단일로 - 기타,승용,남,76세,상해없음,이륜,남,35세,경상
2020062200100604,2020년 6월 22일 18시,월요일,울산광역시 남구 신정동,중상사고,0,1,0,0,차대차 - 추돌,안전운전불이행,건조,맑음,단일로 - 기타,승용,남,67세,상해없음,이륜,남,61세,중상
2020062200100605,2020년 6월 22일 18시,월요일,울산광역시 남구 신정동,중상사고,0,1,0,0,차대사람 - 보도통행중,안전운전불이행,건조,맑음,단일로 - 기타,기타불명,기타불명,미분류,기타불명,보행자,남,12세,중상
2020062200100644,2020년 6월 22일 19시,월요일,울산광역시 남구 무거동,경상사고,0,0,1,0,차대사람 - 기타,안전운전불이행,건조,기타,단일로 - 기타,승합,남,61세,상해없음,보행자,남,28세,경상
2020062200100645,2020년 6월 22일 19시,월요일,울산광역시 남구 달동,경상사고,0,0,3,0,차대차 - 측면충돌,직진우회전진행방해,건조,맑음,교차로 - 교차로안,승용,여,47세,경상,승용,남,30세,경상
2020062200100667,2020년 6월 22일 20시,월요일,울산광역시 울주군 온산읍,경상사고,0,0,1,0,차대차 - 측면충돌,교차로운행방법위반,건조,맑음,교차로 - 교차로안,이륜,남,41세,경상,승용,남,35세,상해없음
2020062200100704,2020년 6월 22일 21시,월요일,울산광역시 동구 서부동,중상사고,0,1,0,0,차대차 - 추돌,안전운전불이행,건조,맑음,교차로 - 교차로부근,승용,남,65세,상해없음,승합,남,45세,중상
2020062200100726,2020년 6월 22일 22시,월요일,울산광역시 중구 학산동,중상사고,0,1,0,0,차대차 - 추돌,안전운전불이행,건조,맑음,단일로 - 기타,승용,여,28세,상해없음,승용,남,58세,상해없음
2020062300100014,2020년 6월 23일 00시,화요일,울산광역시 동구 방어동,중상사고,0,1,0,0,차량단독 - 전도전복 - 전도,안전운전불이행,건조,맑음,교차로 - 교차로안,이륜,남,39세,중상,,,,
2020062300100061,2020년 6월 23일 06시,화요일,울산광역시 남구 여천동,경상사고,0,0,1,0,차대차 - 측면충돌,안전운전불이행,건조,맑음,교차로 - 교차로안,자전거,남,49세,경상,승용,남,30세,상해없음
2020062300100062,2020년 6월 23일 06시,화요일,울산광역시 울주군 범서읍,중상사고,0,1,1,0,차대차 - 추돌,안전운전불이행,건조,맑음,단일로 - 기타,화물,남,52세,중상,건설기계,남,47세,경상
2020062300100148,2020년 6월 23일 08시,화요일,울산광역시 북구 양정동,경상사고,0,0,1,0,차대차 - 측면충돌,직진우회전진행방해,건조,맑음,교차로 - 교차로안,이륜,남,83세,경상,승용,여,33세,상해없음
2020062300100192,2020년 6월 23일 09시,화요일,울산광역시 북구 화봉동,중상사고,0,1,0,0,차대차 - 측면충돌,직진우회전진행방해,건조,맑음,교차로 - 교차로안,승용,남,40세,상해없음,화물,남,34세,중상
2020062300100193,2020년 6월 23일 09시,화요일,울산광역시 울주군 범서읍,경상사고,0,0,1,0,차대차 - 정면충돌,중앙선침범,건조,맑음,단일로 - 지하차도(도로)내,승용,남,66세,상해없음,자전거,여,23세,경상
2020062300100279,2020년 6월 23일 11시,화요일,울산광역시 북구 효문동,중상사고,0,1,2,1,차대차 - 측면충돌,안전운전불이행,건조,맑음,단일로 - 기타,승용,여,62세,경상,승용,남,75세,경상
2020062300100441,2020년 6월 23일 16시,화요일,울산광역시 동구 방어동,경상사고,0,0,2,0,차대차 - 측면충돌,안전운전불이행,건조,맑음,단일로 - 기타,이륜,남,31세,경상,승용,여,51세,경상
2020062300100488,2020년 6월 23일 17시,화요일,울산광역시 남구 신정동,경상사고,0,0,1,0,차대차 - 측면충돌,기타,건조,맑음,단일로 - 기타,승용,남,62세,상해없음,화물,남,45세,상해없음
2020062300100489,2020년 6월 23일 17시,화요일,울산광역시 남구 신정동,경상사고,0,0,1,0,차대차 - 정면충돌,안전운전불이행,건조,맑음,단일로 - 기타,승용,남,21세,기타불명,승용,남,59세,경상
2020062300100490,2020년 6월 23일 17시,화요일,울산광역시 울주군 범서읍,경상사고,0,0,2,0,차대차 - 추돌,차로위반,건조,맑음,단일로 - 기타,화물,남,29세,상해없음,승용,남,83세,경상
2020062300100549,2020년 6월 23일 18시,화요일,울산광역시 북구 명촌동,경상사고,0,0,1,0,차대차 - 측면충돌,차로위반,건조,맑음,단일로 - 교량,화물,남,52세,상해없음,승용,남,42세,경상
2020062300100619,2020년 6월 23일 20시,화요일,울산광역시 동구 방어동,중상사고,0,1,0,0,차대사람 - 횡단중,안전운전불이행,건조,맑음,교차로 - 교차로안,승용,남,53세,상해없음,보행자,여,39세,중상
2020062300100620,2020년 6월 23일 20시,화요일,울산광역시 동구 화정동,중상사고,0,1,0,0,차대사람 - 횡단중,과속,건조,맑음,교차로 - 교차로부근,승용,여,55세,상해없음,보행자,여,15세,중상
2020062400100011,2020년 6월 24일 00시,수요일,울산광역시 중구 유곡동,경상사고,0,0,1,0,차대사람 - 기타,안전운전불이행,건조,맑음,단일로 - 기타,승용,남,39세,상해없음,보행자,남,59세,경상
2020062400100012,2020년 6월 24일 00시,수요일,울산광역시 북구 호계동,경상사고,0,0,1,1,차대차 - 기타,신호위반,건조,맑음,교차로 - 교차로안,승용,남,39세,부상신고,승용,여,55세,경상
2020062400100134,2020년 6월 24일 08시,수요일,울산광역시 남구 신정동,부상신고사고,0,0,0,1,차대차 - 측면충돌,안전운전불이행,건조,맑음,교차로 - 교차로안,화물,남,59세,부상신고,승용,남,36세,상해없음
2020062400100135,2020년 6월 24일 08시,수요일,울산광역시 울주군 범서읍,경상사고,0,0,1,0,차대차 - 측면충돌,안전거리미확보,건조,맑음,단일로 - 기타,화물,남,44세,상해없음,승용,남,42세,경상
2020062400100275,2020년 6월 24일 13시,수요일,울산광역시 울주군 웅촌면,경상사고,0,0,1,0,차대차 - 후진중충돌,안전운전불이행,건조,흐림,단일로 - 기타,승용,남,75세,기타불명,화물,남,34세,경상
2020062400100276,2020년 6월 24일 13시,수요일,울산광역시 울주군 언양읍,경상사고,0,0,1,0,차대차 - 측면충돌,안전운전불이행,건조,맑음,단일로 - 기타,승용,남,64세,상해없음,원동기,남,23세,경상
2020062400100324,2020년 6월 24일 14시,수요일,울산광역시 북구 효문동,경상사고,0,0,1,0,차대차 - 측면충돌,안전거리미확보,건조,맑음,단일로 - 기타,화물,남,58세,상해없음,승용,남,29세,경상
2020062400100402,2020년 6월 24일 16시,수요일,울산광역시 동구 동부동,경상사고,0,0,1,0,차대사람 - 횡단중,보행자보호의무위반,건조,맑음,단일로 - 기타,승용,여,49세,상해없음,보행자,남,7세,경상
2020062400100488,2020년 6월 24일 18시,수요일,울산광역시 중구 유곡동,중상사고,0,1,0,1,차량단독 - 공작물충돌,안전운전불이행,젖음/습기,흐림,단일로 - 기타,화물,남,32세,부상신고,,,,
2020062400100489,2020년 6월 24일 18시,수요일,울산광역시 울주군 범서읍,경상사고,0,0,1,0,차대차 - 측면충돌,교차로운행방법위반,젖음/습기,비,교차로 - 교차로안,승합,여,45세,상해없음,승용,남,63세,경상
2020062400100626,2020년 6월 24일 21시,수요일,울산광역시 북구 연암동,경상사고,0,0,3,0,차대차 - 측면충돌,신호위반,젖음/습기,비,교차로 - 교차로안,승용,남,31세,상해없음,승용,여,31세,경상
2020062400100627,2020년 6월 24일 21시,수요일,울산광역시 중구 반구동,중상사고,0,1,0,0,차대사람 - 횡단중,중앙선침범,젖음/습기,맑음,단일로 - 기타,승용,여,41세,상해없음,보행자,여,31세,중상
2020062400100628,2020년 6월 24일 21시,수요일,울산광역시 중구 서동,경상사고,0,0,2,0,차대차 - 측면충돌,교차로운행방법위반,젖음/습기,비,교차로 - 교차로안,승용,여,46세,경상,승용,남,34세,경상
2020062400100668,2020년 6월 24일 22시,수요일,울산광역시 남구 달동,경상사고,0,0,1,0,차대차 - 측면충돌,중앙선침범,젖음/습기,비,단일로 - 기타,승용,남,53세,상해없음,원동기,남,42세,경상
2020062500100034,2020년 6월 25일 00시,목요일,울산광역시 중구 반구동,경상사고,0,0,1,0,차대차 - 측면충돌,교차로운행방법위반,젖음/습기,비,교차로 - 교차로안,승용,남,43세,상해없음,이륜,남,25세,경상
2020062500100035,2020년 6월 25일 00시,목요일,울산광역시 남구 달동,경상사고,0,0,1,0,차대사람 - 횡단중,보행자보호의무위반,건조,맑음,단일로 - 기타,승용,남,60세,상해없음,보행자,남,25세,경상
2020062500100066,2020년 6월 25일 03시,목요일,울산광역시 중구 우정동,경상사고,0,0,1,0,차대차 - 측면충돌,안전거리미확보,젖음/습기,비,단일로 - 기타,승용,남,64세,상해없음,승용,남,37세,상해없음
2020062500100096,2020년 6월 25일 06시,목요일,울산광역시 남구 무거동,경상사고,0,0,1,0,차량단독 - 도로외이탈 - 기타,안전운전불이행,젖음/습기,맑음,교차로 - 교차로부근,승용,여,58세,경상,,,,
2020062500100097,2020년 6월 25일 06시,목요일,울산광역시 남구 무거동,경상사고,0,0,1,0,차대차 - 측면충돌,안전운전불이행,건조,맑음,단일로 - 기타,승용,남,53세,상해없음,승용,남,59세,경상
2020062500100241,2020년 6월 25일 11시,목요일,울산광역시 남구 신정동,중상사고,0,2,0,0,차대사람 - 횡단중,신호위반,건조,맑음,단일로 - 기타,승용,남,73세,상해없음,보행자,여,59세,중상
2020062500100326,2020년 6월 25일 14시,목요일,울산광역시 남구 신정동,경상사고,0,0,1,0,차대사람 - 기타,안전운전불이행,젖음/습기,비,교차로 - 교차로안,승용,여,61세,상해없음,보행자,남,73세,경상
2020062500100458,2020년 6월 25일 18시,목요일,울산광역시 남구 신정동,중상사고,0,1,0,0,차대사람 - 횡단중,보행자보호의무위반,젖음/습기,비,교차로 - 교차로횡단보도내,이륜,남,30세,상해없음,보행자,남,60세,중상
2020062600100112,2020년 6월 26일 07시,금요일,울산광역시 남구 야음동,경상사고,0,0,1,0,차대차 - 추돌,안전운전불이행,건조,맑음,단일로 - 기타,승용,여,49세,상해없음,승용,남,54세,경상
2020062600100151,2020년 6월 26일 08시,금요일,울산광역시 북구 연암동,경상사고,0,0,1,0,차대사람 - 횡단중,보행자보호의무위반,건조,맑음,단일로 - 기타,승용,여,33세,상해없음,보행자,남,8세,경상
2020062600100152,2020년 6월 26일 08시,금요일,울산광역시 동구 전하동,경상사고,0,0,2,0,차대차 - 측면충돌,직진우회전진행방해,건조,맑음,교차로 - 교차로안,승용,남,20세,경상,승용,남,32세,경상
2020062600100207,2020년 6월 26일 10시,금요일,울산광역시 남구 삼산동,중상사고,0,4,1,0,차대차 - 측면충돌,신호위반,건조,맑음,교차로 - 교차로안,승합,남,36세,상해없음,승용,남,64세,중상
2020062600100269,2020년 6월 26일 12시,금요일,울산광역시 중구 남외동,중상사고,0,1,0,0,차량단독 - 기타,안전운전불이행,건조,맑음,단일로 - 기타,승합,남,41세,상해없음,,,,
2020062600100270,2020년 6월 26일 12시,금요일,울산광역시 울주군 언양읍,중상사고,0,1,0,0,차대사람 - 횡단중,안전운전불이행,건조,맑음,단일로 - 기타,승용,여,39세,상해없음,보행자,여,59세,중상
2020062600100307,2020년 6월 26일 13시,금요일,울산광역시 남구 옥동,경상사고,0,0,2,0,차대차 - 측면충돌,안전운전불이행,건조,맑음,단일로 - 기타,승용,여,53세,상해없음,승용,남,51세,경상
2020062600100346,2020년 6월 26일 14시,금요일,울산광역시 중구 학성동,경상사고,0,0,1,0,차대차 - 기타,안전운전불이행,건조,맑음,단일로 - 기타,화물,남,28세,상해없음,이륜,남,22세,경상
2020062600100390,2020년 6월 26일 15시,금요일,울산광역시 남구 야음동,경상사고,0,0,2,0,차대차 - 측면충돌,안전운전불이행,건조,맑음,교차로 - 교차로부근,승용,여,48세,상해없음,승용,남,35세,경상
2020062600100591,2020년 6월 26일 19시,금요일,울산광역시 북구 화봉동,경상사고,0,0,1,0,차대차 - 추돌,안전운전불이행,건조,맑음,교차로 - 교차로부근,승용,남,18세,상해없음,승용,여,41세,경상
2020062600100628,2020년 6월 26일 20시,금요일,울산광역시 북구 매곡동,중상사고,0,1,2,0,차대차 - 측면충돌,안전운전불이행,건조,맑음,교차로 - 교차로안,승용,남,39세,경상,승용,남,62세,상해없음
2020062700100019,2020년 6월 27일 00시,토요일,울산광역시 중구 남외동,경상사고,0,0,1,0,차대차 - 측면충돌,안전거리미확보,건조,맑음,단일로 - 기타,승용,남,29세,상해없음,이륜,남,53세,경상
2020062700100047,2020년 6월 27일 02시,토요일,울산광역시 울주군 언양읍,사망사고,1,0,0,0,차대사람 - 횡단중,안전운전불이행,건조,맑음,단일로 - 기타,승용,남,35세,상해없음,보행자,남,62세,사망
2020062700100101,2020년 6월 27일 06시,토요일,울산광역시 북구 화봉동,경상사고,0,0,1,0,차대차 - 추돌,안전운전불이행,건조,맑음,교차로 - 교차로부근,승용,남,21세,상해없음,승용,남,52세,경상
2020062700100102,2020년 6월 27일 06시,토요일,울산광역시 남구 신정동,중상사고,0,1,0,0,차대차 - 측면충돌,차로위반,건조,맑음,교차로 - 교차로부근,승용,여,74세,상해없음,이륜,남,21세,중상
2020062700100109,2020년 6월 27일 07시,토요일,울산광역시 북구 염포동,경상사고,0,0,2,0,차대사람 - 기타,안전운전불이행,건조,맑음,기타 - 기타,이륜,남,47세,기타불명,보행자,남,38세,경상
2020062700100148,2020년 6월 27일 09시,토요일,울산광역시 울주군 언양읍,경상사고,0,0,2,0,차대차 - 측면충돌,안전운전불이행,건조,맑음,교차로 - 교차로부근,승용,여,30세,경상,승용,여,43세,경상
2020062700100221,2020년 6월 27일 11시,토요일,울산광역시 중구 학산동,경상사고,0,0,1,0,차대차 - 측면충돌,신호위반,건조,맑음,교차로 - 교차로안,이륜,남,58세,상해없음,이륜,남,52세,경상
2020062700100222,2020년 6월 27일 11시,토요일,울산광역시 남구 야음동,중상사고,0,1,0,0,차대사람 - 기타,안전운전불이행,건조,맑음,교차로 - 교차로부근,승용,여,44세,상해없음,보행자,여,80세,중상
2020062700100252,2020년 6월 27일 12시,토요일,울산광역시 중구 옥교동,경상사고,0,0,1,0,차대차 - 측면충돌,안전운전불이행,건조,맑음,교차로 - 교차로안,이륜,남,18세,경상,승용,남,26세,상해없음
2020062700100403,2020년 6월 27일 16시,토요일,울산광역시 동구 방어동,중상사고,0,1,0,0,차대차 - 측면충돌,안전운전불이행,건조,맑음,단일로 - 기타,승용,여,60세,상해없음,이륜,남,31세,중상
2020062700100404,2020년 6월 27일 16시,토요일,울산광역시 울주군 범서읍,중상사고,0,1,0,0,차대차 - 기타,안전운전불이행,건조,맑음,단일로 - 기타,자전거,남,60세,상해없음,자전거,남,43세,중상
2020062700100416,2020년 6월 27일 17시,토요일,울산광역시 울주군 범서읍,경상사고,0,0,2,0,차대차 - 기타,안전운전불이행,건조,맑음,단일로 - 기타,승용,여,26세,상해없음,승용,여,39세,경상
2020062700100444,2020년 6월 27일 17시,토요일,울산광역시 울주군 서생면,경상사고,0,0,1,0,차대차 - 추돌,안전거리미확보,건조,흐림,단일로 - 교량,이륜,남,31세,경상,승용,여,38세,상해없음
2020062700100538,2020년 6월 27일 20시,토요일,울산광역시 울주군 범서읍,중상사고,0,1,0,0,차대사람 - 기타,안전운전불이행,건조,맑음,교차로 - 교차로안,화물,남,55세,상해없음,보행자,여,69세,중상
2020062700100608,2020년 6월 27일 23시,토요일,울산광역시 울주군 온산읍,경상사고,0,0,1,0,차대차 - 측면충돌,안전운전불이행,건조,맑음,단일로 - 지하차도(도로)내,승용,여,42세,기타불명,자전거,남,16세,경상
2020062800100054,2020년 6월 28일 03시,일요일,울산광역시 동구 방어동,중상사고,0,1,1,0,차대차 - 측면충돌,직진우회전진행방해,건조,맑음,교차로 - 교차로안,이륜,남,22세,경상,승용,남,31세,중상
2020062800100074,2020년 6월 28일 05시,일요일,울산광역시 울주군 삼남면,경상사고,0,0,1,0,차량단독 - 공작물충돌,안전운전불이행,건조,맑음,단일로 - 기타,승용,남,24세,경상,,,,
2020062800100261,2020년 6월 28일 14시,일요일,울산광역시 동구 일산동,경상사고,0,0,1,0,차대사람 - 보도통행중,안전운전불이행,건조,맑음,교차로 - 교차로횡단보도내,승용,남,57세,상해없음,보행자,여,59세,경상
2020062800100298,2020년 6월 28일 15시,일요일,울산광역시 남구 무거동,경상사고,0,0,2,0,차대차 - 측면충돌,신호위반,건조,맑음,교차로 - 교차로부근,승용,남,44세,경상,승용,남,51세,경상
2020062800100299,2020년 6월 28일 15시,일요일,울산광역시 남구 여천동,부상신고사고,0,0,0,3,차량단독 - 공작물충돌,안전운전불이행,건조,맑음,단일로 - 기타,화물,남,49세,상해없음,,,,
2020062800100431,2020년 6월 28일 19시,일요일,울산광역시 중구 약사동,중상사고,0,1,0,0,차대차 - 측면충돌,안전거리미확보,건조,맑음,단일로 - 기타,승용,남,23세,상해없음,이륜,남,27세,중상
2020062800100432,2020년 6월 28일 19시,일요일,울산광역시 남구 삼산동,경상사고,0,0,1,0,차대차 - 측면충돌,차로위반,건조,흐림,교차로 - 교차로부근,승용,남,77세,상해없음,승용,남,39세,경상
2020062800100508,2020년 6월 28일 23시,일요일,울산광역시 남구 옥동,중상사고,0,1,2,0,차대차 - 측면충돌,신호위반,건조,맑음,교차로 - 교차로안,승합,남,51세,상해없음,승용,남,73세,중상
2020062900100129,2020년 6월 29일 09시,월요일,울산광역시 중구 남외동,경상사고,0,0,1,0,차대차 - 측면충돌,직진우회전진행방해,건조,맑음,교차로 - 교차로안,승용,남,26세,상해없음,자전거,남,7세,경상
2020062900100159,2020년 6월 29일 10시,월요일,울산광역시 중구 옥교동,경상사고,0,0,1,0,차대사람 - 횡단중,보행자보호의무위반,건조,맑음,단일로 - 기타,승용,남,72세,상해없음,보행자,여,72세,경상
2020062900100160,2020년 6월 29일 10시,월요일,울산광역시 북구 양정동,경상사고,0,0,1,0,차대사람 - 보도통행중,안전운전불이행,건조,맑음,주차장 - 주차장,승용,남,60세,상해없음,보행자,남,50세,경상
2020062900100267,2020년 6월 29일 13시,월요일,울산광역시 울주군 서생면,경상사고,0,0,1,0,차대차 - 측면충돌,안전운전불이행,건조,맑음,주차장 - 주차장,자전거,남,51세,경상,승용,남,78세,상해없음
2020062900100298,2020년 6월 29일 14시,월요일,울산광역시 남구 신정동,경상사고,0,0,1,0,차대차 - 측면충돌,교차로운행방법위반,건조,맑음,교차로 - 교차로안,화물,남,43세,상해없음,이륜,남,52세,경상
2020062900100338,2020년 6월 29일 15시,월요일,울산광역시 동구 전하동,중상사고,0,1,0,0,차대사람 - 횡단중,보행자보호의무위반,젖음/습기,비,교차로 - 교차로횡단보도내,승용,여,50세,상해없음,보행자,여,57세,중상
2020062900100339,2020년 6월 29일 15시,월요일,울산광역시 울주군 온양읍,경상사고,0,0,1,0,차대차 - 측면충돌,안전운전불이행,건조,맑음,단일로 - 기타,승용,남,70세,상해없음,화물,남,57세,경상
2020062900100422,2020년 6월 29일 17시,월요일,울산광역시 중구 복산동,경상사고,0,0,1,0,차대사람 - 횡단중,안전운전불이행,젖음/습기,비,교차로 - 교차로부근,승용,여,40세,상해없음,보행자,여,미분류,경상
2020062900100423,2020년 6월 29일 17시,월요일,울산광역시 북구 상안동,중상사고,0,1,0,0,차대차 - 측면충돌,중앙선침범,젖음/습기,비,단일로 - 기타,화물,남,21세,상해없음,승용,남,56세,중상
2020062900100424,2020년 6월 29일 17시,월요일,울산광역시 남구 무거동,경상사고,0,0,1,0,차대사람 - 횡단중,보행자보호의무위반,젖음/습기,비,교차로 - 교차로안,승용,여,49세,상해없음,보행자,남,8세,경상
2020062900100555,2020년 6월 29일 20시,월요일,울산광역시 중구 우정동,경상사고,0,0,1,0,차대차 - 기타,교차로운행방법위반,젖음/습기,비,교차로 - 교차로안,승용,남,65세,상해없음,이륜,남,43세,경상
2020062900100556,2020년 6월 29일 20시,월요일,울산광역시 남구 무거동,경상사고,0,0,1,0,차대차 - 측면충돌,차로위반,젖음/습기,비,교차로 - 교차로부근,승용,여,55세,상해없음,승용,남,43세,경상
2020062900100676,2020년 6월 29일 23시,월요일,울산광역시 남구 달동,경상사고,0,0,2,0,차대차 - 추돌,중앙선침범,젖음/습기,비,단일로 - 기타,승용,여,27세,상해없음,승용,남,42세,경상
2020063000100019,2020년 6월 30일 00시,화요일,울산광역시 북구 신천동,중상사고,0,1,0,0,차대사람 - 횡단중,신호위반,젖음/습기,비,교차로 - 교차로횡단보도내,승용,남,48세,상해없음,보행자,남,21세,중상
2020063000100050,2020년 6월 30일 02시,화요일,울산광역시 남구 삼산동,경상사고,0,0,1,0,차량단독 - 기타,안전운전불이행,젖음/습기,맑음,단일로 - 기타,승용,남,69세,상해없음,,,,
2020063000100137,2020년 6월 30일 08시,화요일,울산광역시 울주군 온산읍,경상사고,0,0,2,0,차대차 - 기타,신호위반,건조,맑음,교차로 - 교차로안,화물,남,33세,경상,승용,남,57세,경상
2020063000100158,2020년 6월 30일 09시,화요일,울산광역시 중구 반구동,중상사고,0,1,0,0,차대차 - 기타,기타,건조,맑음,교차로 - 교차로안,자전거,남,78세,중상,승용,여,37세,상해없음
2020063000100182,2020년 6월 30일 10시,화요일,울산광역시 중구 태화동,경상사고,0,0,1,0,차대차 - 기타,교차로운행방법위반,건조,맑음,교차로 - 교차로안,승용,남,58세,상해없음,승용,여,51세,상해없음
2020063000100199,2020년 6월 30일 11시,화요일,울산광역시 남구 삼산동,중상사고,0,1,0,0,차대사람 - 길가장자리구역통행중,안전운전불이행,젖음/습기,흐림,교차로 - 교차로안,화물,남,59세,상해없음,보행자,여,61세,중상
2020063000100361,2020년 6월 30일 16시,화요일,울산광역시 북구 상안동,경상사고,0,0,1,0,차대차 - 기타,중앙선침범,건조,맑음,단일로 - 기타,화물,남,76세,상해없음,승용,여,51세,경상
2020063000100362,2020년 6월 30일 16시,화요일,울산광역시 남구 달동,중상사고,0,1,1,1,차대차 - 기타,교차로운행방법위반,건조,맑음,교차로 - 교차로안,승용,여,40세,경상,승용,여,50세,중상
2020063000100459,2020년 6월 30일 18시,화요일,울산광역시 북구 화봉동,중상사고,0,1,0,0,차대차 - 추돌,안전거리미확보,건조,맑음,단일로 - 기타,이륜,남,26세,상해없음,이륜,남,40세,중상
2020063000100479,2020년 6월 30일 19시,화요일,울산광역시 중구 성안동,경상사고,0,0,1,0,차대차 - 기타,안전운전불이행,건조,맑음,교차로 - 교차로부근,승용,남,49세,상해없음,이륜,남,39세,경상
2020063000100480,2020년 6월 30일 19시,화요일,울산광역시 남구 신정동,사망사고,1,0,0,0,차대차 - 기타,안전운전불이행,건조,맑음,단일로 - 기타,승용,남,69세,상해없음,승용,여,32세,기타불명
2020063000100562,2020년 6월 30일 21시,화요일,울산광역시 중구 반구동,경상사고,0,0,4,1,차대차 - 측면충돌,교차로운행방법위반,건조,맑음,교차로 - 교차로안,승용,남,29세,부상신고,승합,남,27세,경상
2020063000100588,2020년 6월 30일 22시,화요일,울산광역시 남구 삼산동,경상사고,0,0,2,0,차대차 - 추돌,안전운전불이행,건조,맑음,교차로 - 교차로부근,승용,남,36세,상해없음,승용,여,61세,경상
2020070100100027,2020년 7월 1일 01시,수요일,울산광역시 남구 삼산동,경상사고,0,0,1,0,차대차 - 기타,안전운전불이행,건조,맑음,단일로 - 기타,승용,여,57세,상해없음,승용,남,53세,상해없음
2020070100100093,2020년 7월 1일 07시,수요일,울산광역시 동구 일산동,경상사고,0,0,2,0,차대차 - 기타,안전거리미확보,건조,맑음,단일로 - 기타,승용,남,66세,상해없음,승용,여,60세,경상
2020070100100128,2020년 7월 1일 08시,수요일,울산광역시 북구 창평동,경상사고,0,0,1,0,차대차 - 측면충돌,안전거리미확보,건조,맑음,단일로 - 기타,화물,남,48세,상해없음,승용,여,38세,경상
2020070100100363,2020년 7월 1일 16시,수요일,울산광역시 북구 명촌동,중상사고,0,1,0,0,차대차 - 측면충돌,신호위반,건조,맑음,단일로 - 기타,승용,남,65세,상해없음,이륜,남,47세,중상
2020070100100364,2020년 7월 1일 16시,수요일,울산광역시 중구 학성동,경상사고,0,0,1,0,차대사람 - 횡단중,보행자보호의무위반,건조,맑음,교차로 - 교차로횡단보도내,승용,여,44세,상해없음,보행자,남,7세,경상
2020070100100365,2020년 7월 1일 16시,수요일,울산광역시 중구 약사동,경상사고,0,0,1,0,차대차 - 측면충돌,기타,젖음/습기,흐림,단일로 - 기타,승합,남,68세,상해없음,이륜,남,77세,경상
2020070100100366,2020년 7월 1일 16시,수요일,울산광역시 울주군 삼남면,경상사고,0,0,1,0,차대차 - 추돌,안전거리미확보,건조,맑음,단일로 - 지하차도(도로)내,이륜,남,29세,경상,승용,남,54세,상해없음
2020070100100367,2020년 7월 1일 16시,수요일,울산광역시 울주군 온산읍,경상사고,0,0,1,0,차대차 - 추돌,안전운전불이행,건조,맑음,교차로 - 교차로안,승용,남,51세,상해없음,승용,남,31세,경상