사고번호,사고일시,요일,시군구,사고내용,사망자수,중상자수,경상자수,부상신고자수,사고유형,법규위반,노면상태,기상상태,도로형태,가해운전자 차종,가해운전자 성별,가해운전자 연령,가해운전자 상해정도,피해운전자 차종,피해운전자 성별,피해운전자 연령,피해운전자 상해정도
2020080600100590,2020년 8월 6일 23시,목요일,울산광역시 북구 매곡동,경상사고,0,0,1,0,차대차 - 기타,안전거리미확보,건조,맑음,교차로 - 교차로부근,승용,남,58세,상해없음,이륜,남,19세,경상
2020080700100037,2020년 8월 7일 02시,금요일,울산광역시 남구 달동,경상사고,0,0,2,1,차대차 - 기타,신호위반,건조,흐림,교차로 - 교차로안,승용,남,59세,상해없음,승용,남,56세,부상신고
2020080700100070,2020년 8월 7일 06시,금요일,울산광역시 중구 학성동,부상신고사고,0,0,0,1,차대사람 - 기타,안전운전불이행,건조,맑음,단일로 - 기타,화물,남,52세,상해없음,보행자,남,45세,부상신고
2020080700100121,2020년 8월 7일 08시,금요일,울산광역시 남구 무거동,경상사고,0,0,1,0,차대차 - 측면충돌,안전운전불이행,건조,맑음,단일로 - 기타,승용,여,51세,상해없음,승용,남,64세,경상
2020080700100242,2020년 8월 7일 12시,금요일,울산광역시 울주군 청량읍,경상사고,0,0,1,0,차대사람 - 횡단중,안전운전불이행,건조,맑음,단일로 - 기타,승용,남,57세,상해없음,보행자,남,34세,경상
2020080700100243,2020년 8월 7일 12시,금요일,울산광역시 울주군 범서읍,경상사고,0,0,1,0,차대사람 - 기타,안전운전불이행,건조,맑음,단일로 - 지하차도(도로)내,승용,남,67세,상해없음,보행자,여,48세,경상
2020080700100304,2020년 8월 7일 14시,금요일,울산광역시 동구 방어동,경상사고,0,0,1,0,차대차 - 후진중충돌,안전운전불이행,건조,맑음,교차로 - 교차로부근,승용,여,64세,상해없음,자전거,여,12세,경상
2020080700100378,2020년 8월 7일 16시,금요일,울산광역시 남구 신정동,경상사고,0,0,1,0,차대차 - 추돌,안전운전불이행,건조,맑음,단일로 - 기타,승용,남,60세,상해없음,승용,여,40세,경상
2020080700100468,2020년 8월 7일 18시,금요일,울산광역시 북구 매곡동,부상신고사고,0,0,0,1,차대차 - 측면충돌,신호위반,젖음/습기,비,교차로 - 교차로부근,이륜,남,33세,부상신고,승용,남,27세,상해없음
2020080700100545,2020년 8월 7일 20시,금요일,울산광역시 남구 무거동,경상사고,0,0,2,0,차대차 - 기타,신호위반,젖음/습기,비,교차로 - 교차로안,화물,남,62세,상해없음,승용,남,20세,경상
2020080700100578,2020년 8월 7일 21시,금요일,울산광역시 남구 야음동,중상사고,0,1,0,0,차대차 - 추돌,안전거리미확보,젖음/습기,비,단일로 - 기타,승용,남,47세,상해없음,이륜,남,17세,중상
2020080800100016,2020년 8월 8일 00시,토요일,울산광역시 북구 연암동,중상사고,0,1,0,1,차대차 - 기타,안전운전불이행,젖음/습기,비,교차로 - 교차로안,승용,남,60세,부상신고,승용,남,29세,상해없음
2020080800100036,2020년 8월 8일 01시,토요일,울산광역시 중구 옥교동,중상사고,0,1,0,0,차대차 - 기타,차로위반,젖음/습기,비,단일로 - 교량,승용,남,35세,상해없음,승용,남,65세,중상
2020080800100069,2020년 8월 8일 04시,토요일,울산광역시 남구 삼산동,중상사고,0,1,1,0,차대차 - 측면충돌,신호위반,젖음/습기,비,교차로 - 교차로안,승용,남,43세,상해없음,승용,남,70세,경상
2020080800100089,2020년 8월 8일 06시,토요일,울산광역시 남구 삼산동,경상사고,0,0,1,0,차대차 - 기타,안전운전불이행,젖음/습기,맑음,교차로 - 교차로부근,승용,여,30세,상해없음,승용,남,30세,경상
2020080800100108,2020년 8월 8일 07시,토요일,울산광역시 울주군 언양읍,부상신고사고,0,0,0,1,차대차 - 기타,안전거리미확보,젖음/습기,비,단일로 - 기타,화물,남,67세,상해없음,승용,남,27세,부상신고
2020080800100127,2020년 8월 8일 08시,토요일,울산광역시 남구 무거동,중상사고,0,1,1,0,차대차 - 기타,신호위반,젖음/습기,비,교차로 - 교차로안,승용,남,43세,상해없음,승용,남,49세,중상
2020080800100128,2020년 8월 8일 08시,토요일,울산광역시 남구 신정동,경상사고,0,0,1,0,차대차 - 정면충돌,중앙선침범,젖음/습기,비,단일로 - 기타,승용,남,36세,상해없음,화물,남,34세,경상
2020080800100166,2020년 8월 8일 10시,토요일,울산광역시 울주군 삼남면,경상사고,0,0,1,0,차대사람 - 기타,안전운전불이행,젖음/습기,비,단일로 - 기타,승용,여,38세,상해없음,보행자,남,68세,경상
2020080800100208,2020년 8월 8일 11시,토요일,울산광역시 동구 방어동,경상사고,0,0,4,0,차대차 - 추돌,안전운전불이행,젖음/습기,비,단일로 - 터널,승용,남,33세,상해없음,승용,남,40세,경상
2020080800100242,2020년 8월 8일 12시,토요일,울산광역시 남구 야음동,경상사고,0,0,1,0,차대차 - 추돌,안전거리미확보,젖음/습기,맑음,단일로 - 기타,승용,여,29세,상해없음,승용,남,27세,경상
2020080800100243,2020년 8월 8일 12시,토요일,울산광역시 울주군 온산읍,경상사고,0,0,3,0,차대차 - 측면충돌,교차로운행방법위반,건조,맑음,교차로 - 교차로안,승용,여,65세,기타불명,승용,여,42세,경상
2020080800100244,2020년 8월 8일 12시,토요일,울산광역시 울주군 삼남면,중상사고,0,1,0,0,차대사람 - 길가장자리구역통행중,안전운전불이행,젖음/습기,흐림,단일로 - 기타,화물,남,51세,상해없음,보행자,여,63세,중상
2020080800100275,2020년 8월 8일 13시,토요일,울산광역시 남구 옥동,중상사고,0,1,0,0,차대차 - 기타,안전운전불이행,젖음/습기,비,단일로 - 기타,승용,여,52세,상해없음,이륜,남,56세,중상
2020080800100339,2020년 8월 8일 15시,토요일,울산광역시 울주군 삼남면,중상사고,0,1,0,0,차대차 - 측면충돌,신호위반,젖음/습기,비,교차로 - 교차로안,승합,남,54세,상해없음,화물,남,70세,중상
2020080800100394,2020년 8월 8일 17시,토요일,울산광역시 동구 화정동,경상사고,0,0,1,0,차대차 - 측면충돌,안전운전불이행,젖음/습기,흐림,교차로 - 교차로안,이륜,남,45세,경상,승용,남,61세,상해없음
2020080800100425,2020년 8월 8일 18시,토요일,울산광역시 울주군 상북면,경상사고,0,0,7,0,차대차 - 추돌,안전거리미확보,건조,맑음,단일로 - 기타,승용,여,28세,상해없음,승합,남,28세,경상
2020080900100053,2020년 8월 9일 03시,일요일,울산광역시 남구 야음동,중상사고,0,1,1,0,차대차 - 측면충돌,안전운전불이행,건조,맑음,교차로 - 교차로안,승용,남,48세,경상,승용,남,65세,중상
2020080900100114,2020년 8월 9일 09시,일요일,울산광역시 울주군 범서읍,부상신고사고,0,0,0,2,차대차 - 기타,안전운전불이행,건조,맑음,단일로 - 기타,자전거,남,48세,부상신고,자전거,남,51세,부상신고
2020080900100158,2020년 8월 9일 12시,일요일,울산광역시 남구 무거동,경상사고,0,0,2,0,차대차 - 기타,신호위반,건조,맑음,교차로 - 교차로안,승용,남,68세,상해없음,승합,남,56세,경상
2020080900100163,2020년 8월 9일 13시,일요일,울산광역시 울주군 언양읍,중상사고,0,2,1,0,차대차 - 추돌,안전운전불이행,건조,맑음,단일로 - 기타,승용,남,63세,상해없음,승용,여,26세,경상
2020080900100189,2020년 8월 9일 13시,일요일,울산광역시 남구 신정동,경상사고,0,0,1,0,차대차 - 기타,안전운전불이행,건조,맑음,교차로 - 교차로안,이륜,남,48세,경상,승용,여,53세,상해없음
2020080900100274,2020년 8월 9일 16시,일요일,울산광역시 남구 달동,경상사고,0,0,3,0,차대차 - 측면충돌,신호위반,건조,맑음,교차로 - 교차로안,승용,남,29세,경상,승용,남,69세,경상
2020080900100275,2020년 8월 9일 16시,일요일,울산광역시 남구 삼산동,중상사고,0,1,0,0,차대차 - 기타,중앙선침범,건조,맑음,단일로 - 지하차도(도로)내,승용,남,26세,상해없음,이륜,남,22세,중상
2020080900100304,2020년 8월 9일 17시,일요일,울산광역시 남구 삼산동,경상사고,0,0,1,0,차대차 - 기타,신호위반,젖음/습기,맑음,단일로 - 지하차도(도로)내,승용,남,45세,상해없음,승용,여,40세,경상
2020080900100305,2020년 8월 9일 17시,일요일,울산광역시 동구 서부동,중상사고,0,1,0,0,차대차 - 정면충돌,중앙선침범,젖음/습기,비,단일로 - 기타,승용,여,66세,상해없음,이륜,남,32세,중상
2020080900100334,2020년 8월 9일 18시,일요일,울산광역시 남구 달동,경상사고,0,0,2,0,차대차 - 기타,교차로운행방법위반,건조,맑음,교차로 - 교차로안,이륜,남,43세,경상,승용,남,49세,경상
2020080900100397,2020년 8월 9일 20시,일요일,울산광역시 중구 태화동,경상사고,0,0,1,0,차대차 - 기타,안전운전불이행,젖음/습기,흐림,교차로 - 교차로안,승용,남,71세,상해없음,자전거,남,25세,경상
2020080900100418,2020년 8월 9일 21시,일요일,울산광역시 남구 신정동,경상사고,0,0,2,0,차대차 - 기타,안전거리미확보,건조,맑음,교차로 - 교차로안,승용,남,38세,경상,승용,남,55세,경상
2020080900100436,2020년 8월 9일 22시,일요일,울산광역시 울주군 삼남면,부상신고사고,0,0,0,1,차대사람 - 길가장자리구역통행중,안전운전불이행,건조,맑음,주차장 - 주차장,기타불명,기타불명,미분류,기타불명,보행자,여,66세,부상신고
2020081000100009,2020년 8월 10일 00시,월요일,울산광역시 울주군 범서읍,경상사고,0,0,2,0,차대차 - 측면충돌,안전거리미확보,건조,맑음,단일로 - 기타,승용,남,68세,상해없음,승용,남,58세,경상
2020081000100055,2020년 8월 10일 07시,월요일,울산광역시 울주군 삼남면,중상사고,0,1,0,0,차량단독 - 공작물충돌,안전운전불이행,건조,흐림,단일로 - 기타,화물,남,42세,상해없음,,,,
2020081000100093,2020년 8월 10일 08시,월요일,울산광역시 남구 야음동,경상사고,0,0,2,0,차대차 - 측면충돌,안전운전불이행,건조,맑음,교차로 - 교차로안,승용,여,48세,상해없음,승용,남,21세,경상
2020081000100186,2020년 8월 10일 11시,월요일,울산광역시 남구 신정동,경상사고,0,0,1,0,차대차 - 측면충돌,직진우회전진행방해,건조,맑음,교차로 - 교차로안,승용,남,73세,상해없음,자전거,남,68세,경상
2020081000100295,2020년 8월 10일 14시,월요일,울산광역시 중구 태화동,경상사고,0,0,1,0,차대차 - 측면충돌,차로위반,건조,맑음,단일로 - 기타,승용,남,44세,상해없음,승용,남,35세,경상
2020081000100296,2020년 8월 10일 14시,월요일,울산광역시 남구 신정동,경상사고,0,0,2,0,차대차 - 측면충돌,안전운전불이행,건조,맑음,교차로 - 교차로안,승용,남,35세,상해없음,이륜,남,24세,경상
2020081000100324,2020년 8월 10일 15시,월요일,울산광역시 북구 양정동,경상사고,0,0,1,0,차대차 - 기타,안전거리미확보,건조,흐림,단일로 - 기타,승용,여,43세,상해없음,승용,여,54세,경상
2020081000100462,2020년 8월 10일 19시,월요일,울산광역시 남구 옥동,경상사고,0,0,2,0,차대차 - 추돌,안전운전불이행,젖음/습기,비,단일로 - 지하차도(도로)내,승용,남,47세,상해없음,승용,남,45세,경상
2020081000100563,2020년 8월 10일 22시,월요일,울산광역시 중구 교동,중상사고,0,1,0,0,차대차 - 추돌,안전운전불이행,건조,맑음,단일로 - 기타,이륜,남,49세,상해없음,자전거,남,50세,중상
2020081000100564,2020년 8월 10일 22시,월요일,울산광역시 남구 옥동,경상사고,0,0,1,0,차대차 - 후진중충돌,안전운전불이행,젖음/습기,비,단일로 - 기타,화물,남,53세,상해없음,이륜,남,21세,경상
2020081100100058,2020년 8월 11일 04시,화요일,울산광역시 울주군 온산읍,경상사고,0,0,1,0,차대차 - 측면충돌,안전운전불이행,건조,맑음,단일로 - 기타,승용,여,47세,상해없음,이륜,남,25세,경상
2020081100100100,2020년 8월 11일 07시,화요일,울산광역시 남구 달동,경상사고,0,0,2,1,차대차 - 측면충돌,안전운전불이행,건조,맑음,단일로 - 지하차도(도로)내,승용,남,39세,상해없음,승합,남,57세,상해없음
2020081100100144,2020년 8월 11일 08시,화요일,울산광역시 울주군 웅촌면,부상신고사고,0,0,0,1,차대차 - 측면충돌,안전거리미확보,건조,맑음,교차로 - 교차로안,승용,남,43세,상해없음,승용,남,62세,상해없음
2020081100100172,2020년 8월 11일 09시,화요일,울산광역시 북구 진장동,경상사고,0,0,2,0,차대차 - 기타,안전운전불이행,건조,맑음,단일로 - 기타,화물,남,65세,상해없음,승용,남,63세,경상
2020081100100173,2020년 8월 11일 09시,화요일,울산광역시 중구 복산동,경상사고,0,0,1,0,차대차 - 측면충돌,안전운전불이행,건조,맑음,교차로 - 교차로안,승용,여,29세,상해없음,자전거,여,51세,경상
2020081100100174,2020년 8월 11일 09시,화요일,울산광역시 울주군 언양읍,경상사고,0,0,1,0,차대사람 - 길가장자리구역통행중,안전운전불이행,건조,맑음,단일로 - 지하차도(도로)내,화물,남,67세,상해없음,보행자,남,44세,경상
2020081100100347,2020년 8월 11일 14시,화요일,울산광역시 남구 삼산동,중상사고,0,1,1,1,차대차 - 측면충돌,안전운전불이행,건조,맑음,단일로 - 기타,이륜,남,26세,부상신고,승용,여,54세,경상
2020081100100348,2020년 8월 11일 14시,화요일,울산광역시 동구 일산동,경상사고,0,0,1,0,차대차 - 후진중충돌,안전운전불이행,건조,맑음,단일로 - 기타,승용,남,41세,상해없음,승용,여,46세,경상
2020081100100376,2020년 8월 11일 15시,화요일,울산광역시 중구 태화동,경상사고,0,0,2,0,차대차 - 기타,안전운전불이행,건조,맑음,교차로 - 교차로부근,승용,남,76세,상해없음,승합,남,47세,경상
2020081100100377,2020년 8월 11일 15시,화요일,울산광역시 중구 반구동,중상사고,0,1,0,0,차대차 - 측면충돌,직진우회전진행방해,건조,맑음,교차로 - 교차로안,승용,남,67세,상해없음,자전거,남,27세,중상
2020081100100408,2020년 8월 11일 16시,화요일,울산광역시 울주군 온산읍,중상사고,0,1,1,0,차대차 - 측면충돌,직진우회전진행방해,젖음/습기,흐림,교차로 - 교차로안,화물,남,28세,상해없음,화물,남,61세,경상
2020081100100487,2020년 8월 11일 18시,화요일,울산광역시 동구 동부동,경상사고,0,0,1,0,차대차 - 측면충돌,안전운전불이행,건조,맑음,단일로 - 기타,승합,기타불명,미분류,기타불명,승용,여,42세,경상
2020081100100523,2020년 8월 11일 19시,화요일,울산광역시 중구 복산동,중상사고,0,1,1,0,차대차 - 측면충돌,안전운전불이행,건조,흐림,교차로 - 교차로안,화물,남,60세,상해없음,승용,여,51세,중상
2020081100100550,2020년 8월 11일 20시,화요일,울산광역시 울주군 청량읍,경상사고,0,0,1,0,차대사람 - 횡단중,보행자보호의무위반,건조,맑음,교차로 - 교차로횡단보도내,승용,남,40세,상해없음,보행자,여,51세,경상
2020081100100577,2020년 8월 11일 21시,화요일,울산광역시 중구 복산동,부상신고사고,0,0,0,1,차대차 - 측면충돌,교차로운행방법위반,건조,맑음,교차로 - 교차로부근,이륜,남,18세,부상신고,화물,남,49세,상해없음
2020081100100578,2020년 8월 11일 21시,화요일,울산광역시 남구 두왕동,경상사고,0,0,1,0,차대차 - 측면충돌,안전운전불이행,건조,맑음,교차로 - 교차로안,기타불명,기타불명,미분류,기타불명,승용,남,47세,경상
2020081100100601,2020년 8월 11일 22시,화요일,울산광역시 남구 신정동,경상사고,0,0,1,0,차대사람 - 횡단중,보행자보호의무위반,건조,맑음,교차로 - 교차로부근,승용,여,56세,상해없음,보행자,남,59세,경상
2020081100100602,2020년 8월 11일 22시,화요일,울산광역시 남구 신정동,경상사고,0,0,1,0,차대차 - 측면충돌,안전운전불이행,건조,맑음,기타 - 기타,승용,남,59세,상해없음,승용,여,28세,경상
2020081200100074,2020년 8월 12일 07시,수요일,울산광역시 중구 우정동,경상사고,0,0,1,0,차대차 - 측면충돌,교차로운행방법위반,건조,맑음,교차로 - 교차로안,승용,남,80세,상해없음,화물,남,63세,경상
2020081200100124,2020년 8월 12일 08시,수요일,울산광역시 중구 남외동,부상신고사고,0,0,0,1,차대차 - 측면충돌,안전운전불이행,건조,맑음,교차로 - 교차로안,자전거,남,17세,부상신고,승용,여,46세,상해없음
2020081200100156,2020년 8월 12일 09시,수요일,울산광역시 남구 옥동,경상사고,0,0,1,0,차대차 - 추돌,안전운전불이행,건조,맑음,교차로 - 교차로안,승용,여,28세,상해없음,승용,여,51세,경상
2020081200100256,2020년 8월 12일 12시,수요일,울산광역시 남구 신정동,경상사고,0,0,3,0,차대차 - 기타,안전거리미확보,건조,맑음,교차로 - 교차로안,승용,남,51세,경상,승용,남,48세,경상
2020081200100291,2020년 8월 12일 13시,수요일,울산광역시 남구 신정동,부상신고사고,0,0,0,1,차대차 - 기타,안전운전불이행,젖음/습기,비,교차로 - 교차로부근,이륜,남,25세,부상신고,승용,여,57세,상해없음
2020081200100326,2020년 8월 12일 14시,수요일,울산광역시 중구 성남동,경상사고,0,0,1,0,차대차 - 측면충돌,안전운전불이행,건조,맑음,단일로 - 기타,기타불명,기타불명,미분류,기타불명,자전거,남,31세,경상
2020081200100361,2020년 8월 12일 15시,수요일,울산광역시 남구 야음동,경상사고,0,0,1,0,차대사람 - 기타,안전운전불이행,건조,맑음,주차장 - 주차장,승용,남,53세,상해없음,보행자,남,60세,경상
2020081200100362,2020년 8월 12일 15시,수요일,울산광역시 동구 방어동,경상사고,0,0,2,0,차대차 - 측면충돌,안전운전불이행,건조,맑음,교차로 - 교차로안,승용,여,51세,경상,승용,여,40세,경상
2020081200100447,2020년 8월 12일 17시,수요일,울산광역시 남구 옥동,경상사고,0,0,1,0,차대차 - 측면충돌,안전운전불이행,건조,맑음,단일로 - 기타,승용,여,40세,상해없음,승용,남,28세,경상
2020081200100544,2020년 8월 12일 20시,수요일,울산광역시 남구 삼산동,경상사고,0,0,1,0,차대차 - 측면충돌,교차로운행방법위반,건조,맑음,교차로 - 교차로안,승용,여,58세,상해없음,승용,남,28세,경상
2020081200100574,2020년 8월 12일 21시,수요일,울산광역시 남구 야음동,경상사고,0,0,1,0,차대차 - 측면충돌,안전운전불이행,건조,맑음,단일로 - 기타,승용,남,30세,상해없음,승용,여,30세,경상
2020081200100626,2020년 8월 12일 23시,수요일,울산광역시 울주군 청량읍,중상사고,0,1,0,0,차량단독 - 공작물충돌,안전운전불이행,건조,맑음,교차로 - 교차로안,이륜,남,39세,중상,,,,
2020081200100627,2020년 8월 12일 23시,수요일,울산광역시 울주군 서생면,중상사고,0,1,0,0,차대차 - 측면충돌,직진우회전진행방해,건조,맑음,교차로 - 교차로안,승용,남,56세,상해없음,이륜,남,41세,중상
2020081300100156,2020년 8월 13일 10시,목요일,울산광역시 남구 삼산동,부상신고사고,0,0,0,1,차대차 - 측면충돌,안전운전불이행,건조,맑음,단일로 - 기타,자전거,남,56세,부상신고,화물,남,44세,상해없음
2020081300100157,2020년 8월 13일 10시,목요일,울산광역시 남구 삼산동,중상사고,0,1,0,0,차대차 - 측면충돌,신호위반,건조,맑음,교차로 - 교차로안,승용,남,65세,상해없음,승용,남,39세,중상
2020081300100204,2020년 8월 13일 11시,목요일,울산광역시 중구 남외동,경상사고,0,0,1,0,차대차 - 기타,안전운전불이행,건조,맑음,교차로 - 교차로안,이륜,남,25세,경상,승용,여,35세,상해없음
2020081300100427,2020년 8월 13일 17시,목요일,울산광역시 남구 달동,경상사고,0,0,1,0,차대차 - 측면충돌,안전거리미확보,건조,맑음,교차로 - 교차로부근,승용,남,30세,상해없음,이륜,남,39세,경상
2020081300100428,2020년 8월 13일 17시,목요일,울산광역시 울주군 범서읍,부상신고사고,0,0,0,2,차대차 - 추돌,안전거리미확보,건조,맑음,단일로 - 지하차도(도로)내,승용,여,40세,상해없음,승용,남,32세,부상신고
2020081300100429,2020년 8월 13일 17시,목요일,울산광역시 울주군 삼남면,경상사고,0,0,1,0,차대차 - 추돌,안전운전불이행,건조,맑음,단일로 - 기타,화물,남,64세,상해없음,승용,남,46세,경상
2020081300100481,2020년 8월 13일 18시,목요일,울산광역시 중구 서동,경상사고,0,0,1,0,차대차 - 측면충돌,안전운전불이행,건조,맑음,교차로 - 교차로안,승용,남,22세,상해없음,승용,여,28세,경상
2020081300100482,2020년 8월 13일 18시,목요일,울산광역시 동구 동부동,중상사고,0,2,0,0,차대차 - 측면충돌,안전운전불이행,건조,맑음,단일로 - 기타,승용,여,37세,상해없음,이륜,남,68세,중상
2020081300100483,2020년 8월 13일 18시,목요일,울산광역시 울주군 온산읍,부상신고사고,0,0,0,1,차대사람 - 횡단중,안전운전불이행,건조,맑음,단일로 - 기타,승용,남,48세,상해없음,보행자,남,55세,부상신고
2020081300100484,2020년 8월 13일 18시,목요일,울산광역시 울주군 온산읍,경상사고,0,0,1,0,차대차 - 측면충돌,안전거리미확보,건조,맑음,교차로 - 교차로부근,승용,남,37세,상해없음,승용,남,37세,경상
2020081300100485,2020년 8월 13일 18시,목요일,울산광역시 울주군 언양읍,중상사고,0,1,0,0,차대차 - 추돌,안전거리미확보,건조,맑음,단일로 - 기타,승용,남,43세,상해없음,승용,남,46세,중상
2020081300100486,2020년 8월 13일 18시,목요일,울산광역시 울주군 서생면,중상사고,0,1,1,0,차대차 - 측면충돌,안전운전불이행,건조,맑음,교차로 - 교차로안,이륜,남,20세,중상,승용,남,47세,상해없음
2020081300100577,2020년 8월 13일 21시,목요일,울산광역시 울주군 온양읍,경상사고,0,0,1,0,차대사람 - 횡단중,보행자보호의무위반,건조,맑음,교차로 - 교차로횡단보도내,화물,남,64세,상해없음,보행자,남,29세,경상
2020081400100074,2020년 8월 14일 06시,금요일,울산광역시 울주군 온산읍,경상사고,0,0,1,0,차대차 - 측면충돌,중앙선침범,건조,맑음,교차로 - 교차로안,자전거,남,51세,경상,승용,남,44세,상해없음
2020081400100169,2020년 8월 14일 10시,금요일,울산광역시 울주군 청량읍,경상사고,0,0,1,0,차대차 - 기타,안전운전불이행,건조,맑음,단일로 - 기타,특수,남,45세,상해없음,승용,남,43세,경상
2020081400100236,2020년 8월 14일 11시,금요일,울산광역시 남구 달동,경상사고,0,0,1,0,차대차 - 기타,차로위반,건조,맑음,교차로 - 교차로부근,승용,남,67세,상해없음,이륜,남,37세,경상
2020081400100328,2020년 8월 14일 13시,금요일,울산광역시 중구 반구동,중상사고,0,1,0,0,차대차 - 측면충돌,안전운전불이행,건조,맑음,교차로 - 교차로부근,승용,남,43세,상해없음,승용,여,58세,중상
2020081400100440,2020년 8월 14일 16시,금요일,울산광역시 북구 진장동,경상사고,0,0,1,0,차대차 - 정면충돌,중앙선침범,건조,맑음,단일로 - 기타,승용,남,34세,상해없음,승용,남,60세,경상
2020081400100441,2020년 8월 14일 16시,금요일,울산광역시 남구 신정동,경상사고,0,0,1,0,차대차 - 기타,기타,건조,맑음,교차로 - 교차로부근,이륜,남,37세,상해없음,승용,남,46세,상해없음
2020081400100442,2020년 8월 14일 16시,금요일,울산광역시 남구 신정동,중상사고,0,1,0,0,차대차 - 기타,중앙선침범,건조,맑음,단일로 - 기타,이륜,남,39세,상해없음,이륜,남,53세,중상
2020081400100494,2020년 8월 14일 17시,금요일,울산광역시 남구 삼산동,경상사고,0,0,2,0,차대차 - 기타,안전거리미확보,건조,맑음,단일로 - 지하차도(도로)내,승합,남,40세,경상,승용,남,39세,경상
2020081400100495,2020년 8월 14일 17시,금요일,울산광역시 동구 전하동,경상사고,0,0,1,0,차대차 - 기타,안전거리미확보,건조,맑음,단일로 - 기타,승용,남,33세,상해없음,승합,남,49세,상해없음
2020081400100583,2020년 8월 14일 19시,금요일,울산광역시 중구 유곡동,경상사고,0,0,1,0,차대차 - 추돌,안전거리미확보,건조,맑음,단일로 - 기타,이륜,남,21세,상해없음,승용,여,31세,경상
2020081500100024,2020년 8월 15일 00시,토요일,울산광역시 남구 무거동,중상사고,0,1,1,0,차대차 - 측면충돌,신호위반,건조,맑음,교차로 - 교차로안,이륜,남,59세,중상,승용,남,24세,경상
2020081500100025,2020년 8월 15일 00시,토요일,울산광역시 남구 삼산동,중상사고,0,1,0,0,차대차 - 측면충돌,안전운전불이행,건조,맑음,교차로 - 교차로부근,승용,남,45세,상해없음,이륜,남,39세,중상
2020081500100045,2020년 8월 15일 01시,토요일,울산광역시 남구 삼산동,경상사고,0,0,1,0,차대사람 - 기타,안전운전불이행,건조,맑음,교차로 - 교차로부근,승용,남,48세,상해없음,보행자,남,51세,경상
2020081500100336,2020년 8월 15일 15시,토요일,울산광역시 남구 여천동,경상사고,0,0,1,0,차대차 - 측면충돌,신호위반,건조,맑음,교차로 - 교차로안,이륜,남,22세,기타불명,이륜,남,39세,경상
2020081500100546,2020년 8월 15일 22시,토요일,울산광역시 남구 신정동,부상신고사고,0,0,0,1,차량단독 - 공작물충돌,안전운전불이행,건조,맑음,단일로 - 기타,이륜,남,49세,부상신고,,,,
2020081500100547,2020년 8월 15일 22시,토요일,울산광역시 남구 신정동,경상사고,0,0,1,0,차대사람 - 기타,안전운전불이행,건조,맑음,교차로 - 교차로안,자전거,남,46세,상해없음,보행자,남,34세,경상
2020081600100056,2020년 8월 16일 03시,일요일,울산광역시 남구 야음동,중상사고,0,1,0,0,차대사람 - 기타,안전운전불이행,건조,맑음,단일로 - 기타,승용,남,30세,상해없음,보행자,남,53세,중상
2020081600100093,2020년 8월 16일 07시,일요일,울산광역시 동구 방어동,중상사고,0,1,0,0,차대차 - 측면충돌,기타,건조,맑음,교차로 - 교차로안,이륜,남,52세,중상,승용,남,49세,상해없음
2020081600100106,2020년 8월 16일 08시,일요일,울산광역시 중구 남외동,경상사고,0,0,1,1,차대차 - 측면충돌,신호위반,건조,맑음,교차로 - 교차로안,승용,남,65세,부상신고,화물,남,62세,경상
2020081600100200,2020년 8월 16일 12시,일요일,울산광역시 중구 우정동,중상사고,0,1,0,0,차대차 - 측면충돌,안전거리미확보,건조,맑음,단일로 - 기타,승용,남,29세,상해없음,이륜,남,46세,중상
2020081600100367,2020년 8월 16일 17시,일요일,울산광역시 중구 성남동,중상사고,0,3,2,0,차대차 - 측면충돌,안전거리미확보,건조,맑음,단일로 - 기타,화물,남,76세,기타불명,승용,남,71세,중상
2020081600100437,2020년 8월 16일 19시,일요일,울산광역시 울주군 범서읍,중상사고,0,1,0,0,차대사람 - 기타,안전운전불이행,건조,맑음,단일로 - 기타,이륜,남,16세,상해없음,보행자,여,52세,중상
2020081600100469,2020년 8월 16일 20시,일요일,울산광역시 울주군 범서읍,중상사고,0,1,0,0,차대차 - 정면충돌,기타,건조,맑음,단일로 - 기타,승용,남,66세,상해없음,이륜,남,21세,중상
2020081600100515,2020년 8월 16일 22시,일요일,울산광역시 동구 동부동,경상사고,0,0,1,0,차량단독 - 공작물충돌,안전운전불이행,건조,맑음,단일로 - 기타,이륜,남,32세,경상,,,,
2020081700100026,2020년 8월 17일 04시,월요일,울산광역시 남구 신정동,중상사고,0,1,0,0,차대사람 - 횡단중,안전운전불이행,건조,맑음,교차로 - 교차로부근,승용,여,50세,상해없음,보행자,여,50세,중상
2020081700100286,2020년 8월 17일 14시,월요일,울산광역시 남구 신정동,경상사고,0,0,1,0,차대차 - 기타,안전거리미확보,건조,맑음,교차로 - 교차로안,승합,남,62세,상해없음,승용,남,34세,경상
2020081700100367,2020년 8월 17일 16시,월요일,울산광역시 동구 주전동,경상사고,0,0,1,0,차대사람 - 횡단중,안전운전불이행,건조,맑음,단일로 - 기타,승용,남,68세,상해없음,보행자,남,14세,경상
2020081700100368,2020년 8월 17일 16시,월요일,울산광역시 울주군 온산읍,중상사고,0,1,0,0,차대차 - 기타,안전운전불이행,건조,맑음,교차로 - 교차로안,승용,남,58세,상해없음,이륜,남,28세,중상
2020081700100487,2020년 8월 17일 19시,월요일,울산광역시 남구 야음동,중상사고,0,1,1,0,차대차 - 추돌,안전운전불이행,건조,맑음,교차로 - 교차로부근,승용,남,57세,중상,승용,남,51세,경상
2020081700100488,2020년 8월 17일 19시,월요일,울산광역시 남구 야음동,중상사고,0,1,0,0,차대사람 - 횡단중,보행자보호의무위반,건조,맑음,교차로 - 교차로횡단보도내,이륜,남,49세,상해없음,보행자,여,65세,중상