사고번호,사고일시,요일,시군구,사고내용,사망자수,중상자수,경상자수,부상신고자수,사고유형,법규위반,노면상태,기상상태,도로형태,가해운전자 차종,가해운전자 성별,가해운전자 연령,가해운전자 상해정도,피해운전자 차종,피해운전자 성별,피해운전자 연령,피해운전자 상해정도
2020081700100489,2020년 8월 17일 19시,월요일,울산광역시 북구 산하동,경상사고,0,0,1,0,차대차 - 기타,안전운전불이행,건조,맑음,주차장 - 주차장,승용,남,37세,상해없음,이륜,남,36세,경상
2020081700100519,2020년 8월 17일 20시,월요일,울산광역시 남구 달동,경상사고,0,0,1,0,차대차 - 추돌,안전운전불이행,건조,맑음,교차로 - 교차로안,승용,남,24세,상해없음,승용,남,45세,경상
2020081700100556,2020년 8월 17일 22시,월요일,울산광역시 울주군 삼동면,중상사고,0,1,0,0,차량단독 - 공작물충돌,안전운전불이행,건조,맑음,단일로 - 기타,화물,남,52세,중상,,,,
2020081800100052,2020년 8월 18일 06시,화요일,울산광역시 북구 진장동,경상사고,0,0,1,0,차대차 - 측면충돌,안전운전불이행,건조,맑음,교차로 - 교차로부근,승용,남,52세,상해없음,자전거,남,58세,경상
2020081800100077,2020년 8월 18일 07시,화요일,울산광역시 남구 무거동,경상사고,0,0,1,0,차대차 - 측면충돌,안전거리미확보,건조,맑음,단일로 - 기타,건설기계,남,57세,상해없음,승용,남,64세,경상
2020081800100117,2020년 8월 18일 08시,화요일,울산광역시 중구 약사동,경상사고,0,0,1,0,차대사람 - 횡단중,안전운전불이행,건조,맑음,단일로 - 기타,승합,남,62세,상해없음,보행자,여,16세,경상
2020081800100181,2020년 8월 18일 10시,화요일,울산광역시 울주군 범서읍,경상사고,0,0,3,0,차대차 - 측면충돌,안전운전불이행,건조,맑음,교차로 - 교차로안,승용,남,64세,상해없음,승용,남,28세,경상
2020081800100226,2020년 8월 18일 11시,화요일,울산광역시 남구 야음동,경상사고,0,0,1,0,차대차 - 정면충돌,안전운전불이행,건조,맑음,교차로 - 교차로안,승용,여,41세,상해없음,자전거,남,76세,경상
2020081800100317,2020년 8월 18일 13시,화요일,울산광역시 동구 전하동,경상사고,0,0,1,0,차대차 - 측면충돌,직진우회전진행방해,건조,맑음,교차로 - 교차로안,승용,남,38세,상해없음,승용,여,46세,경상
2020081800100362,2020년 8월 18일 14시,화요일,울산광역시 중구 반구동,경상사고,0,0,1,0,차대차 - 측면충돌,중앙선침범,건조,맑음,교차로 - 교차로안,이륜,남,22세,경상,화물,남,32세,상해없음
2020081800100363,2020년 8월 18일 14시,화요일,울산광역시 북구 중산동,중상사고,0,1,0,1,차대차 - 측면충돌,안전운전불이행,건조,맑음,단일로 - 기타,승용,여,40세,부상신고,이륜,남,53세,중상
2020081800100396,2020년 8월 18일 15시,화요일,울산광역시 남구 야음동,중상사고,0,1,0,0,차대사람 - 횡단중,과속,건조,맑음,단일로 - 기타,승용,여,42세,상해없음,보행자,여,6세,중상
2020081800100585,2020년 8월 18일 19시,화요일,울산광역시 울주군 범서읍,중상사고,0,1,0,0,차대차 - 기타,안전운전불이행,건조,맑음,단일로 - 기타,승용,남,23세,상해없음,이륜,남,42세,중상
2020081800100586,2020년 8월 18일 19시,화요일,울산광역시 울주군 온산읍,경상사고,0,0,1,0,차대차 - 기타,안전운전불이행,건조,맑음,단일로 - 기타,승용,남,54세,상해없음,이륜,남,32세,경상
2020081800100621,2020년 8월 18일 20시,화요일,울산광역시 중구 복산동,중상사고,0,1,0,1,차대차 - 기타,안전거리미확보,건조,맑음,단일로 - 기타,이륜,남,64세,부상신고,이륜,남,48세,중상
2020081800100622,2020년 8월 18일 20시,화요일,울산광역시 남구 삼산동,경상사고,0,0,1,0,차대차 - 측면충돌,교차로운행방법위반,건조,맑음,교차로 - 교차로안,승용,여,31세,상해없음,승용,남,56세,경상
2020081800100623,2020년 8월 18일 20시,화요일,울산광역시 울주군 범서읍,경상사고,0,0,1,0,차대차 - 측면충돌,차로위반,건조,맑음,단일로 - 기타,승용,여,45세,상해없음,승용,여,51세,경상
2020081800100674,2020년 8월 18일 22시,화요일,울산광역시 북구 상안동,경상사고,0,0,3,0,차대차 - 기타,신호위반,건조,맑음,교차로 - 교차로안,승용,여,43세,경상,승용,여,34세,경상
2020081800100675,2020년 8월 18일 22시,화요일,울산광역시 북구 진장동,중상사고,0,1,0,0,차대차 - 기타,중앙선침범,건조,맑음,단일로 - 기타,자전거,남,77세,중상,승용,남,71세,상해없음
2020081900100113,2020년 8월 19일 08시,수요일,울산광역시 중구 복산동,경상사고,0,0,1,0,차대차 - 추돌,안전운전불이행,건조,맑음,단일로 - 기타,화물,남,60세,상해없음,승용,여,43세,경상
2020081900100114,2020년 8월 19일 08시,수요일,울산광역시 북구 효문동,경상사고,0,0,1,0,차대차 - 측면충돌,안전운전불이행,건조,맑음,교차로 - 교차로안,화물,남,63세,상해없음,승용,여,53세,경상
2020081900100146,2020년 8월 19일 09시,수요일,울산광역시 북구 호계동,경상사고,0,0,1,1,차대차 - 측면충돌,교차로운행방법위반,건조,맑음,교차로 - 교차로안,화물,남,59세,부상신고,승용,여,52세,경상
2020081900100261,2020년 8월 19일 12시,수요일,울산광역시 동구 방어동,경상사고,0,0,1,0,차대차 - 측면충돌,안전운전불이행,기타,맑음,단일로 - 기타,이륜,남,76세,경상,화물,남,27세,상해없음
2020081900100301,2020년 8월 19일 13시,수요일,울산광역시 중구 학산동,중상사고,0,1,2,0,차대차 - 기타,안전운전불이행,건조,맑음,단일로 - 기타,승용,남,51세,상해없음,승합,남,43세,중상
2020081900100383,2020년 8월 19일 15시,수요일,울산광역시 중구 성안동,경상사고,0,0,1,0,차대차 - 측면충돌,안전운전불이행,건조,맑음,단일로 - 기타,승용,여,46세,상해없음,이륜,남,52세,경상
2020081900100427,2020년 8월 19일 16시,수요일,울산광역시 중구 유곡동,중상사고,0,1,3,0,차대차 - 측면충돌,안전운전불이행,건조,맑음,교차로 - 교차로부근,승용,남,63세,경상,승용,여,35세,중상
2020081900100593,2020년 8월 19일 20시,수요일,울산광역시 남구 신정동,부상신고사고,0,0,0,1,차대차 - 기타,안전운전불이행,건조,맑음,교차로 - 교차로안,이륜,남,25세,부상신고,승용,남,51세,상해없음
2020081900100643,2020년 8월 19일 22시,수요일,울산광역시 중구 남외동,사망사고,1,0,0,0,차대차 - 추돌,안전운전불이행,건조,맑음,단일로 - 기타,승용,남,61세,사망,승합,남,67세,기타불명
2020081900100667,2020년 8월 19일 23시,수요일,울산광역시 남구 신정동,경상사고,0,0,1,0,차대사람 - 기타,안전운전불이행,건조,맑음,교차로 - 교차로부근,승용,남,62세,상해없음,보행자,남,50세,경상
2020082000100059,2020년 8월 20일 06시,목요일,울산광역시 동구 전하동,경상사고,0,0,1,0,차대차 - 측면충돌,신호위반,건조,맑음,교차로 - 교차로안,이륜,남,54세,경상,승용,남,45세,상해없음
2020082000100218,2020년 8월 20일 11시,목요일,울산광역시 남구 달동,중상사고,0,1,0,0,차대차 - 측면충돌,안전운전불이행,건조,맑음,교차로 - 교차로안,이륜,여,56세,중상,승용,여,53세,상해없음
2020082000100349,2020년 8월 20일 14시,목요일,울산광역시 북구 중산동,경상사고,0,0,1,0,차대차 - 측면충돌,신호위반,건조,맑음,교차로 - 교차로안,승용,남,55세,상해없음,승합,남,48세,상해없음
2020082000100385,2020년 8월 20일 15시,목요일,울산광역시 중구 서동,경상사고,0,0,1,0,차대차 - 측면충돌,안전운전불이행,건조,맑음,교차로 - 교차로안,승용,여,44세,상해없음,승용,여,37세,경상
2020082100100176,2020년 8월 21일 10시,금요일,울산광역시 남구 무거동,경상사고,0,0,1,0,차대차 - 기타,신호위반,건조,맑음,교차로 - 교차로안,화물,남,53세,상해없음,승용,여,47세,경상
2020082100100177,2020년 8월 21일 10시,금요일,울산광역시 북구 산하동,경상사고,0,0,1,0,차대차 - 측면충돌,안전운전불이행,건조,맑음,기타 - 기타,승용,여,24세,상해없음,승용,여,28세,경상
2020082100100270,2020년 8월 21일 13시,금요일,울산광역시 동구 전하동,경상사고,0,0,2,0,차대차 - 측면충돌,신호위반,건조,맑음,교차로 - 교차로안,승용,여,55세,상해없음,승용,남,70세,경상
2020082100100307,2020년 8월 21일 14시,금요일,울산광역시 북구 진장동,경상사고,0,0,1,1,차대차 - 기타,직진우회전진행방해,건조,맑음,교차로 - 교차로안,승용,남,60세,부상신고,승용,여,31세,경상
2020082100100308,2020년 8월 21일 14시,금요일,울산광역시 중구 옥교동,경상사고,0,0,2,0,차대차 - 측면충돌,안전운전불이행,건조,맑음,교차로 - 교차로부근,승용,여,55세,상해없음,승용,여,46세,경상
2020082100100455,2020년 8월 21일 18시,금요일,울산광역시 북구 진장동,경상사고,0,0,1,0,차대차 - 측면충돌,안전거리미확보,건조,맑음,단일로 - 기타,승용,남,40세,상해없음,이륜,남,32세,경상
2020082100100503,2020년 8월 21일 19시,금요일,울산광역시 남구 무거동,중상사고,0,1,0,0,차대차 - 기타,교차로운행방법위반,건조,맑음,교차로 - 교차로안,화물,남,51세,상해없음,이륜,남,41세,중상
2020082100100544,2020년 8월 21일 20시,금요일,울산광역시 동구 일산동,경상사고,0,0,1,0,차대차 - 기타,중앙선침범,건조,맑음,단일로 - 기타,승용,남,38세,상해없음,승용,여,62세,경상
2020082100100605,2020년 8월 21일 22시,금요일,울산광역시 남구 야음동,경상사고,0,0,1,0,차대차 - 기타,교차로운행방법위반,건조,맑음,교차로 - 교차로부근,승용,남,52세,상해없음,이륜,남,38세,경상
2020082200100015,2020년 8월 22일 00시,토요일,울산광역시 울주군 언양읍,중상사고,0,1,0,0,차대사람 - 기타,안전운전불이행,건조,흐림,단일로 - 기타,승합,남,45세,상해없음,보행자,남,34세,중상
2020082200100035,2020년 8월 22일 01시,토요일,울산광역시 중구 태화동,중상사고,0,1,0,0,차대차 - 추돌,안전운전불이행,건조,맑음,교차로 - 교차로부근,화물,남,48세,상해없음,승용,남,65세,중상
2020082200100098,2020년 8월 22일 07시,토요일,울산광역시 중구 성남동,경상사고,0,0,2,0,차대차 - 추돌,안전운전불이행,젖음/습기,맑음,교차로 - 교차로부근,승용,남,51세,상해없음,승용,여,40세,경상
2020082200100099,2020년 8월 22일 07시,토요일,울산광역시 동구 일산동,중상사고,0,1,0,0,차대사람 - 기타,안전운전불이행,건조,맑음,단일로 - 기타,자전거,남,37세,상해없음,보행자,여,77세,중상
2020082200100245,2020년 8월 22일 12시,토요일,울산광역시 중구 우정동,경상사고,0,0,2,0,차대차 - 측면충돌,안전운전불이행,건조,맑음,교차로 - 교차로안,승용,남,44세,경상,승용,남,25세,경상
2020082200100246,2020년 8월 22일 12시,토요일,울산광역시 동구 서부동,경상사고,0,0,2,0,차대차 - 측면충돌,신호위반,건조,맑음,교차로 - 교차로안,이륜,남,51세,경상,승용,남,31세,경상
2020082200100324,2020년 8월 22일 14시,토요일,울산광역시 동구 일산동,중상사고,0,1,1,0,차대사람 - 보도통행중,안전운전불이행,건조,맑음,기타 - 기타,승용,남,50세,상해없음,보행자,남,78세,중상
2020082200100325,2020년 8월 22일 14시,토요일,울산광역시 울주군 서생면,경상사고,0,0,1,0,차대차 - 측면충돌,교차로운행방법위반,건조,맑음,교차로 - 교차로안,승용,여,56세,상해없음,화물,남,54세,상해없음
2020082200100371,2020년 8월 22일 15시,토요일,울산광역시 울주군 언양읍,중상사고,0,1,2,0,차대차 - 정면충돌,신호위반,건조,맑음,교차로 - 교차로안,승용,여,58세,상해없음,승용,남,32세,경상
2020082200100405,2020년 8월 22일 16시,토요일,울산광역시 남구 삼산동,경상사고,0,0,2,0,차대차 - 추돌,안전운전불이행,건조,맑음,단일로 - 기타,승용,남,61세,상해없음,승용,여,35세,경상
2020082200100406,2020년 8월 22일 16시,토요일,울산광역시 남구 야음동,중상사고,0,1,0,0,차대차 - 측면충돌,직진우회전진행방해,건조,맑음,교차로 - 교차로안,승용,남,48세,상해없음,자전거,남,75세,중상
2020082200100452,2020년 8월 22일 17시,토요일,울산광역시 동구 전하동,경상사고,0,0,1,0,차대차 - 측면충돌,안전운전불이행,건조,맑음,교차로 - 교차로부근,이륜,남,34세,경상,승용,남,58세,상해없음
2020082200100487,2020년 8월 22일 18시,토요일,울산광역시 울주군 삼남면,중상사고,0,1,0,0,차대차 - 기타,교차로운행방법위반,건조,맑음,교차로 - 교차로안,이륜,남,24세,중상,화물,남,55세,상해없음
2020082200100561,2020년 8월 22일 20시,토요일,울산광역시 울주군 서생면,중상사고,0,2,3,0,차량단독 - 전도전복 - 전도,안전운전불이행,건조,맑음,단일로 - 기타,승용,남,64세,경상,,,,
2020082200100562,2020년 8월 22일 20시,토요일,울산광역시 울주군 언양읍,경상사고,0,0,1,0,차대차 - 기타,안전운전불이행,건조,맑음,기타 - 기타,기타불명,기타불명,미분류,기타불명,승용,남,57세,경상
2020082200100602,2020년 8월 22일 21시,토요일,울산광역시 중구 서동,경상사고,0,0,1,0,차대차 - 측면충돌,차로위반,건조,흐림,교차로 - 교차로안,승용,여,47세,상해없음,승합,남,42세,경상
2020082300100019,2020년 8월 23일 00시,일요일,울산광역시 울주군 온산읍,부상신고사고,0,0,0,1,차대사람 - 차도통행중,안전운전불이행,건조,맑음,단일로 - 기타,승용,남,36세,상해없음,보행자,남,40세,부상신고
2020082300100109,2020년 8월 23일 09시,일요일,울산광역시 북구 호계동,중상사고,0,1,1,0,차대차 - 추돌,안전운전불이행,건조,맑음,단일로 - 기타,이륜,남,51세,중상,승용,남,65세,경상
2020082300100110,2020년 8월 23일 09시,일요일,울산광역시 울주군 온양읍,중상사고,0,1,0,0,차대차 - 정면충돌,중앙선침범,건조,맑음,교차로 - 교차로안,화물,남,59세,기타불명,이륜,여,54세,중상
2020082300100165,2020년 8월 23일 12시,일요일,울산광역시 울주군 범서읍,경상사고,0,0,1,0,차대차 - 정면충돌,안전운전불이행,건조,맑음,기타 - 기타,자전거,남,65세,상해없음,자전거,여,58세,경상
2020082300100191,2020년 8월 23일 13시,일요일,울산광역시 중구 서동,경상사고,0,0,1,0,차대차 - 기타,안전운전불이행,건조,맑음,교차로 - 교차로부근,승용,남,58세,상해없음,승용,여,47세,경상
2020082300100229,2020년 8월 23일 14시,일요일,울산광역시 북구 명촌동,경상사고,0,0,1,0,차대차 - 기타,안전운전불이행,건조,맑음,교차로 - 교차로안,이륜,남,25세,경상,승용,여,31세,상해없음
2020082300100230,2020년 8월 23일 14시,일요일,울산광역시 북구 정자동,경상사고,0,0,1,0,차대사람 - 기타,안전운전불이행,건조,맑음,단일로 - 기타,승용,여,53세,상해없음,보행자,남,62세,경상
2020082300100252,2020년 8월 23일 15시,일요일,울산광역시 동구 화정동,중상사고,0,2,0,0,차대차 - 측면충돌,안전운전불이행,건조,맑음,교차로 - 교차로안,승용,남,53세,상해없음,이륜,남,70세,중상
2020082300100412,2020년 8월 23일 20시,일요일,울산광역시 울주군 상북면,경상사고,0,0,1,0,차대사람 - 길가장자리구역통행중,안전운전불이행,건조,맑음,단일로 - 기타,원동기,남,52세,상해없음,보행자,여,58세,경상
2020082300100430,2020년 8월 23일 21시,일요일,울산광역시 동구 일산동,경상사고,0,0,1,0,차대사람 - 기타,안전운전불이행,건조,맑음,교차로 - 교차로부근,승용,남,25세,상해없음,보행자,남,52세,경상
2020082300100459,2020년 8월 23일 23시,일요일,울산광역시 북구 호계동,경상사고,0,0,3,0,차대차 - 측면충돌,안전운전불이행,건조,맑음,교차로 - 교차로안,승용,남,30세,경상,승용,남,29세,경상
2020082300100460,2020년 8월 23일 23시,일요일,울산광역시 북구 신천동,중상사고,0,1,1,0,차대사람 - 보도통행중,안전운전불이행,젖음/습기,비,단일로 - 기타,이륜,남,31세,상해없음,보행자,남,29세,중상
2020082300100461,2020년 8월 23일 23시,일요일,울산광역시 남구 선암동,경상사고,0,0,1,0,차대차 - 기타,신호위반,건조,맑음,교차로 - 교차로안,승용,남,56세,기타불명,승용,남,26세,경상
2020082300100462,2020년 8월 23일 23시,일요일,울산광역시 남구 달동,경상사고,0,0,1,0,차대차 - 기타,교차로운행방법위반,건조,맑음,교차로 - 교차로안,승용,남,35세,상해없음,승용,남,27세,경상
2020082400100058,2020년 8월 24일 06시,월요일,울산광역시 남구 삼산동,경상사고,0,0,1,0,차대차 - 추돌,안전운전불이행,건조,맑음,단일로 - 기타,승용,남,38세,상해없음,승용,여,39세,경상
2020082400100059,2020년 8월 24일 06시,월요일,울산광역시 북구 염포동,경상사고,0,0,1,0,차대차 - 측면충돌,안전운전불이행,건조,흐림,단일로 - 기타,승용,남,50세,상해없음,승합,남,65세,상해없음
2020082400100085,2020년 8월 24일 07시,월요일,울산광역시 동구 방어동,중상사고,0,1,1,0,차대차 - 추돌,안전거리미확보,건조,맑음,단일로 - 기타,승용,남,48세,경상,이륜,남,37세,중상
2020082400100126,2020년 8월 24일 08시,월요일,울산광역시 북구 호계동,경상사고,0,0,2,0,차대차 - 기타,신호위반,건조,맑음,교차로 - 교차로안,화물,남,34세,상해없음,승용,여,65세,경상
2020082400100127,2020년 8월 24일 08시,월요일,울산광역시 울주군 언양읍,경상사고,0,0,1,0,차대차 - 측면충돌,신호위반,건조,맑음,교차로 - 교차로안,농기계,남,68세,경상,승용,남,26세,상해없음
2020082400100163,2020년 8월 24일 09시,월요일,울산광역시 북구 명촌동,경상사고,0,0,1,0,차대차 - 기타,안전운전불이행,건조,맑음,기타 - 기타,승용,남,27세,상해없음,승용,남,23세,상해없음
2020082400100380,2020년 8월 24일 15시,월요일,울산광역시 중구 남외동,경상사고,0,0,1,0,차대차 - 기타,신호위반,건조,맑음,교차로 - 교차로안,승용,여,64세,상해없음,승합,남,43세,경상
2020082400100381,2020년 8월 24일 15시,월요일,울산광역시 울주군 온양읍,경상사고,0,0,2,0,차대차 - 측면충돌,안전운전불이행,건조,맑음,단일로 - 기타,승용,여,47세,경상,승용,남,68세,경상
2020082400100643,2020년 8월 24일 22시,월요일,울산광역시 동구 일산동,경상사고,0,0,1,0,차대차 - 측면충돌,안전운전불이행,건조,맑음,교차로 - 교차로안,승용,여,38세,상해없음,승용,여,47세,경상
2020082500100010,2020년 8월 25일 00시,화요일,울산광역시 중구 학성동,경상사고,0,0,1,0,차대사람 - 길가장자리구역통행중,안전운전불이행,건조,맑음,단일로 - 기타,승합,남,46세,상해없음,보행자,남,24세,경상
2020082500100011,2020년 8월 25일 00시,화요일,울산광역시 남구 신정동,부상신고사고,0,0,0,1,차량단독 - 공작물충돌,안전운전불이행,건조,맑음,교차로 - 교차로안,승용,남,33세,부상신고,,,,
2020082500100023,2020년 8월 25일 01시,화요일,울산광역시 동구 화정동,경상사고,0,0,1,0,차량단독 - 기타,안전운전불이행,건조,맑음,단일로 - 기타,이륜,여,42세,경상,,,,
2020082500100035,2020년 8월 25일 03시,화요일,울산광역시 북구 연암동,중상사고,0,1,0,0,차량단독 - 도로외이탈 - 기타,안전운전불이행,건조,맑음,단일로 - 기타,승용,남,67세,중상,,,,
2020082500100092,2020년 8월 25일 07시,화요일,울산광역시 동구 서부동,부상신고사고,0,0,0,1,차대사람 - 횡단중,보행자보호의무위반,건조,맑음,교차로 - 교차로횡단보도내,기타불명,기타불명,미분류,기타불명,보행자,여,28세,부상신고
2020082500100200,2020년 8월 25일 10시,화요일,울산광역시 남구 신정동,경상사고,0,0,2,0,차대차 - 기타,안전거리미확보,건조,맑음,교차로 - 교차로안,승용,남,73세,경상,화물,남,37세,경상
2020082500100240,2020년 8월 25일 11시,화요일,울산광역시 동구 서부동,중상사고,0,1,0,0,차대사람 - 차도통행중,안전운전불이행,건조,맑음,단일로 - 기타,승용,여,39세,상해없음,보행자,남,46세,중상
2020082500100348,2020년 8월 25일 14시,화요일,울산광역시 남구 신정동,경상사고,0,0,1,0,차대차 - 기타,안전운전불이행,건조,맑음,교차로 - 교차로부근,화물,남,48세,상해없음,자전거,남,31세,경상
2020082500100426,2020년 8월 25일 16시,화요일,울산광역시 동구 서부동,중상사고,0,1,0,0,차대차 - 기타,안전운전불이행,건조,맑음,교차로 - 교차로부근,승용,남,32세,상해없음,자전거,남,60세,중상
2020082500100471,2020년 8월 25일 17시,화요일,울산광역시 울주군 온산읍,경상사고,0,0,1,0,차대차 - 측면충돌,안전운전불이행,건조,맑음,교차로 - 교차로안,이륜,남,71세,경상,승용,남,52세,상해없음
2020082500100514,2020년 8월 25일 18시,화요일,울산광역시 북구 염포동,경상사고,0,0,1,0,차대사람 - 차도통행중,신호위반,건조,맑음,교차로 - 교차로횡단보도내,이륜,남,34세,경상,보행자,기타불명,미분류,기타불명
2020082500100668,2020년 8월 25일 23시,화요일,울산광역시 중구 태화동,경상사고,0,0,1,1,차대차 - 정면충돌,중앙선침범,건조,맑음,교차로 - 교차로부근,승용,여,57세,부상신고,승용,남,30세,경상
2020082500100669,2020년 8월 25일 23시,화요일,울산광역시 중구 남외동,경상사고,0,0,2,0,차대차 - 측면충돌,신호위반,건조,맑음,교차로 - 교차로안,이륜,남,27세,경상,승용,남,56세,경상
2020082500100670,2020년 8월 25일 23시,화요일,울산광역시 북구 화봉동,경상사고,0,0,2,1,차대차 - 추돌,안전운전불이행,건조,맑음,단일로 - 기타,승용,남,40세,부상신고,승용,남,54세,경상
2020082600100080,2020년 8월 26일 07시,수요일,울산광역시 동구 전하동,경상사고,0,0,2,0,차대차 - 측면충돌,안전운전불이행,건조,맑음,단일로 - 기타,이륜,남,23세,경상,승용,여,57세,상해없음
2020082600100111,2020년 8월 26일 08시,수요일,울산광역시 동구 서부동,중상사고,0,1,0,0,차대차 - 측면충돌,신호위반,건조,맑음,교차로 - 교차로부근,이륜,남,70세,중상,승용,여,42세,상해없음
2020082600100157,2020년 8월 26일 10시,수요일,울산광역시 남구 무거동,중상사고,0,1,0,0,차량단독 - 공작물충돌,안전운전불이행,건조,맑음,단일로 - 터널,승용,남,23세,중상,,,,
2020082600100225,2020년 8월 26일 12시,수요일,울산광역시 동구 일산동,경상사고,0,0,2,0,차대차 - 후진중충돌,안전운전불이행,건조,맑음,교차로 - 교차로안,승용,여,69세,상해없음,이륜,남,75세,경상
2020082600100288,2020년 8월 26일 14시,수요일,울산광역시 남구 신정동,경상사고,0,0,1,0,차대차 - 추돌,안전운전불이행,건조,맑음,교차로 - 교차로부근,기타불명,기타불명,미분류,기타불명,승용,남,24세,경상
2020082600100362,2020년 8월 26일 17시,수요일,울산광역시 울주군 범서읍,경상사고,0,0,1,0,차대차 - 추돌,안전운전불이행,건조,맑음,단일로 - 기타,승용,남,39세,상해없음,승용,여,18세,경상
2020082600100393,2020년 8월 26일 17시,수요일,울산광역시 중구 반구동,부상신고사고,0,0,0,2,차대차 - 측면충돌,불법유턴,건조,맑음,교차로 - 교차로횡단보도내,이륜,남,39세,부상신고,승용,여,53세,상해없음
2020082600100455,2020년 8월 26일 19시,수요일,울산광역시 남구 신정동,경상사고,0,0,1,0,차량단독 - 공작물충돌,안전운전불이행,건조,맑음,단일로 - 지하차도(도로)내,화물,남,59세,경상,,,,
2020082600100486,2020년 8월 26일 20시,수요일,울산광역시 중구 태화동,중상사고,0,2,0,0,차대차 - 측면충돌,교차로운행방법위반,젖음/습기,흐림,교차로 - 교차로안,승용,남,54세,상해없음,승용,여,42세,중상
2020082600100533,2020년 8월 26일 22시,수요일,울산광역시 남구 신정동,중상사고,0,1,1,0,차대차 - 측면충돌,직진우회전진행방해,건조,맑음,교차로 - 교차로안,승용,남,53세,상해없음,승용,남,48세,중상
2020082600100558,2020년 8월 26일 23시,수요일,울산광역시 동구 동부동,경상사고,0,0,1,0,차대차 - 기타,안전운전불이행,건조,맑음,교차로 - 교차로안,자전거,남,48세,경상,승용,남,62세,상해없음
2020082700100021,2020년 8월 27일 02시,목요일,울산광역시 중구 우정동,경상사고,0,0,1,0,차대차 - 기타,교차로운행방법위반,건조,맑음,교차로 - 교차로안,승용,남,63세,경상,승용,남,36세,상해없음
2020082700100076,2020년 8월 27일 07시,목요일,울산광역시 남구 신정동,경상사고,0,0,3,0,차대차 - 기타,중앙선침범,젖음/습기,비,단일로 - 기타,화물,남,66세,상해없음,화물,남,38세,경상
2020082700100077,2020년 8월 27일 07시,목요일,울산광역시 동구 일산동,중상사고,0,1,1,0,차대차 - 측면충돌,신호위반,젖음/습기,맑음,교차로 - 교차로안,승용,남,71세,경상,이륜,남,47세,중상
2020082700100149,2020년 8월 27일 09시,목요일,울산광역시 울주군 범서읍,중상사고,0,1,0,1,차대차 - 측면충돌,불법유턴,젖음/습기,흐림,교차로 - 교차로안,승용,남,37세,부상신고,화물,남,52세,중상
2020082700100172,2020년 8월 27일 10시,목요일,울산광역시 북구 연암동,경상사고,0,0,2,0,차대차 - 측면충돌,직진우회전진행방해,건조,맑음,교차로 - 교차로안,승합,남,59세,기타불명,승용,남,57세,경상
2020082700100229,2020년 8월 27일 12시,목요일,울산광역시 중구 태화동,경상사고,0,0,1,0,차대차 - 추돌,안전거리미확보,건조,맑음,단일로 - 기타,승용,남,67세,상해없음,화물,남,53세,경상
2020082700100230,2020년 8월 27일 12시,목요일,울산광역시 울주군 상북면,경상사고,0,0,4,0,차대차 - 기타,안전운전불이행,건조,맑음,단일로 - 지하차도(도로)내,화물,남,75세,상해없음,승용,여,25세,경상
2020082700100249,2020년 8월 27일 13시,목요일,울산광역시 동구 서부동,중상사고,0,1,2,0,차대차 - 추돌,안전운전불이행,건조,맑음,단일로 - 기타,승용,여,61세,경상,승용,남,48세,상해없음
2020082700100332,2020년 8월 27일 15시,목요일,울산광역시 중구 성안동,경상사고,0,0,1,0,차대차 - 후진중충돌,안전운전불이행,건조,맑음,단일로 - 기타,승용,여,38세,상해없음,승용,여,46세,경상
2020082700100367,2020년 8월 27일 16시,목요일,울산광역시 남구 선암동,경상사고,0,0,1,0,차대차 - 추돌,안전거리미확보,건조,맑음,단일로 - 기타,승용,남,63세,상해없음,승용,여,57세,경상
2020082700100438,2020년 8월 27일 18시,목요일,울산광역시 남구 신정동,경상사고,0,0,1,0,차대차 - 정면충돌,직진우회전진행방해,건조,맑음,교차로 - 교차로안,화물,남,65세,상해없음,이륜,남,26세,경상
2020082700100504,2020년 8월 27일 20시,목요일,울산광역시 중구 태화동,경상사고,0,0,1,0,차대차 - 측면충돌,신호위반,건조,맑음,교차로 - 교차로안,이륜,남,21세,경상,승용,여,52세,상해없음
2020082700100505,2020년 8월 27일 20시,목요일,울산광역시 동구 서부동,중상사고,0,1,0,0,차대사람 - 횡단중,안전운전불이행,건조,맑음,교차로 - 교차로안,화물,남,44세,상해없음,보행자,여,65세,중상
2020082800100014,2020년 8월 28일 00시,금요일,울산광역시 울주군 온양읍,경상사고,0,0,3,0,차대차 - 정면충돌,안전운전불이행,젖음/습기,비,단일로 - 지하차도(도로)내,승용,남,26세,경상,화물,남,43세,경상
2020082800100116,2020년 8월 28일 08시,금요일,울산광역시 동구 전하동,경상사고,0,0,1,0,차대차 - 측면충돌,안전운전불이행,건조,맑음,교차로 - 교차로안,이륜,남,56세,경상,승용,남,65세,상해없음
2020082800100117,2020년 8월 28일 08시,금요일,울산광역시 동구 방어동,중상사고,0,1,0,0,차대사람 - 횡단중,안전운전불이행,건조,맑음,교차로 - 교차로안,승합,여,42세,상해없음,보행자,여,55세,중상
2020082800100176,2020년 8월 28일 10시,금요일,울산광역시 남구 삼산동,경상사고,0,0,1,0,차대차 - 기타,안전운전불이행,건조,맑음,단일로 - 기타,승용,남,55세,상해없음,승용,남,68세,상해없음
2020082800100177,2020년 8월 28일 10시,금요일,울산광역시 울주군 웅촌면,경상사고,0,0,1,0,차대차 - 측면충돌,중앙선침범,젖음/습기,비,단일로 - 기타,화물,남,50세,상해없음,승합,남,40세,경상