사고번호,사고일시,요일,시군구,사고내용,사망자수,중상자수,경상자수,부상신고자수,사고유형,법규위반,노면상태,기상상태,도로형태,가해운전자 차종,가해운전자 성별,가해운전자 연령,가해운전자 상해정도,피해운전자 차종,피해운전자 성별,피해운전자 연령,피해운전자 상해정도
2020082800100361,2020년 8월 28일 15시,금요일,울산광역시 울주군 온산읍,경상사고,0,0,1,0,차대차 - 측면충돌,교차로운행방법위반,건조,맑음,교차로 - 교차로안,화물,남,58세,상해없음,승용,남,57세,경상
2020082800100537,2020년 8월 28일 19시,금요일,울산광역시 동구 화정동,경상사고,0,0,1,0,차대차 - 측면충돌,안전운전불이행,건조,맑음,단일로 - 기타,이륜,남,25세,상해없음,이륜,남,37세,경상
2020082800100578,2020년 8월 28일 20시,금요일,울산광역시 남구 무거동,경상사고,0,0,3,0,차대차 - 추돌,안전운전불이행,건조,맑음,교차로 - 교차로부근,화물,남,61세,경상,승용,남,22세,경상
2020082800100605,2020년 8월 28일 21시,금요일,울산광역시 울주군 범서읍,경상사고,0,0,1,4,차대차 - 추돌,안전운전불이행,건조,맑음,단일로 - 기타,승용,남,40세,상해없음,승용,여,55세,부상신고
2020082900100015,2020년 8월 29일 00시,토요일,울산광역시 동구 동부동,부상신고사고,0,0,0,1,차대차 - 기타,안전운전불이행,기타,맑음,교차로 - 교차로부근,이륜,남,14세,상해없음,승용,남,45세,상해없음
2020082900100091,2020년 8월 29일 06시,토요일,울산광역시 남구 상개동,경상사고,0,0,1,0,차대차 - 측면충돌,신호위반,건조,맑음,교차로 - 교차로안,화물,남,59세,상해없음,승용,남,27세,경상
2020082900100148,2020년 8월 29일 09시,토요일,울산광역시 동구 방어동,중상사고,0,1,0,0,차대차 - 추돌,안전거리미확보,건조,맑음,단일로 - 기타,승용,남,76세,상해없음,이륜,남,41세,중상
2020082900100149,2020년 8월 29일 09시,토요일,울산광역시 울주군 언양읍,중상사고,0,1,1,0,차대차 - 기타,안전운전불이행,건조,맑음,교차로 - 교차로부근,화물,남,46세,기타불명,승용,남,53세,중상
2020082900100172,2020년 8월 29일 10시,토요일,울산광역시 남구 삼산동,중상사고,0,1,0,0,차대차 - 기타,기타,건조,맑음,단일로 - 기타,승용,남,73세,상해없음,이륜,남,45세,중상
2020082900100245,2020년 8월 29일 12시,토요일,울산광역시 북구 효문동,중상사고,0,1,0,0,차대사람 - 횡단중,안전운전불이행,건조,맑음,단일로 - 기타,승용,여,66세,상해없음,보행자,남,57세,중상
2020082900100285,2020년 8월 29일 13시,토요일,울산광역시 동구 방어동,중상사고,0,1,0,0,차대차 - 측면충돌,신호위반,건조,맑음,교차로 - 교차로안,승용,여,40세,상해없음,이륜,남,21세,중상
2020082900100315,2020년 8월 29일 14시,토요일,울산광역시 울주군 온양읍,경상사고,0,0,2,2,차대차 - 측면충돌,직진우회전진행방해,건조,맑음,교차로 - 교차로안,승용,남,41세,상해없음,승용,남,45세,경상
2020082900100439,2020년 8월 29일 18시,토요일,울산광역시 북구 어물동,중상사고,0,1,0,0,차대차 - 측면충돌,안전운전불이행,건조,맑음,단일로 - 기타,승용,남,63세,상해없음,이륜,남,51세,중상
2020082900100476,2020년 8월 29일 19시,토요일,울산광역시 남구 야음동,경상사고,0,0,1,0,차대사람 - 횡단중,안전운전불이행,건조,맑음,교차로 - 교차로안,승용,남,35세,상해없음,보행자,여,61세,경상
2020082900100477,2020년 8월 29일 19시,토요일,울산광역시 동구 방어동,경상사고,0,0,1,0,차대사람 - 횡단중,안전운전불이행,건조,맑음,단일로 - 기타,승용,여,31세,상해없음,보행자,남,58세,경상
2020083000100030,2020년 8월 30일 01시,일요일,울산광역시 울주군 삼남면,중상사고,0,2,0,0,차대사람 - 길가장자리구역통행중,안전운전불이행,건조,맑음,기타 - 기타,승용,남,45세,상해없음,보행자,남,50세,중상
2020083000100086,2020년 8월 30일 08시,일요일,울산광역시 남구 여천동,중상사고,0,1,0,0,차대차 - 기타,신호위반,건조,맑음,교차로 - 교차로안,승용,여,60세,상해없음,승용,남,65세,중상
2020083000100119,2020년 8월 30일 10시,일요일,울산광역시 북구 천곡동,경상사고,0,0,1,0,차대사람 - 기타,안전운전불이행,건조,맑음,단일로 - 기타,승용,여,42세,상해없음,보행자,남,45세,경상
2020083000100120,2020년 8월 30일 10시,일요일,울산광역시 남구 두왕동,경상사고,0,0,1,0,차량단독 - 전도전복 - 전도,안전운전불이행,건조,맑음,단일로 - 기타,이륜,남,40세,경상,,,,
2020083000100137,2020년 8월 30일 11시,일요일,울산광역시 남구 달동,경상사고,0,0,1,0,차대차 - 측면충돌,직진우회전진행방해,건조,맑음,교차로 - 교차로안,승용,여,45세,상해없음,이륜,남,76세,경상
2020083000100253,2020년 8월 30일 15시,일요일,울산광역시 동구 서부동,경상사고,0,0,1,0,차대차 - 측면충돌,신호위반,건조,맑음,교차로 - 교차로안,승용,남,73세,상해없음,승용,남,28세,경상
2020083000100278,2020년 8월 30일 16시,일요일,울산광역시 중구 반구동,경상사고,0,0,1,0,차대차 - 측면충돌,안전거리미확보,건조,맑음,교차로 - 교차로안,승용,남,59세,상해없음,이륜,남,24세,경상
2020083000100279,2020년 8월 30일 16시,일요일,울산광역시 울주군 청량읍,경상사고,0,0,1,5,차대차 - 측면충돌,직진우회전진행방해,건조,맑음,교차로 - 교차로안,승용,남,30세,부상신고,승용,여,52세,경상
2020083000100366,2020년 8월 30일 19시,일요일,울산광역시 동구 일산동,중상사고,0,1,1,0,차대차 - 측면충돌,신호위반,건조,맑음,교차로 - 교차로안,이륜,남,24세,경상,이륜,남,35세,중상
2020083000100367,2020년 8월 30일 19시,일요일,울산광역시 동구 방어동,중상사고,0,1,3,0,차대차 - 정면충돌,신호위반,건조,맑음,교차로 - 교차로안,승용,여,68세,경상,이륜,남,23세,중상
2020083000100393,2020년 8월 30일 20시,일요일,울산광역시 남구 달동,경상사고,0,0,1,0,차대차 - 기타,신호위반,건조,맑음,교차로 - 교차로안,승용,남,35세,상해없음,이륜,남,40세,경상
2020083000100406,2020년 8월 30일 21시,일요일,울산광역시 동구 주전동,경상사고,0,0,4,0,차대차 - 정면충돌,안전거리미확보,건조,맑음,단일로 - 기타,이륜,남,25세,경상,승용,여,45세,경상
2020083100100105,2020년 8월 31일 08시,월요일,울산광역시 남구 신정동,경상사고,0,0,2,0,차대차 - 추돌,안전운전불이행,젖음/습기,비,교차로 - 교차로부근,승용,여,49세,상해없음,승용,여,46세,경상
2020083100100106,2020년 8월 31일 08시,월요일,울산광역시 울주군 청량읍,경상사고,0,0,1,0,차대차 - 측면충돌,안전거리미확보,건조,맑음,단일로 - 기타,승용,여,30세,상해없음,승용,여,42세,경상
2020083100100442,2020년 8월 31일 18시,월요일,울산광역시 중구 남외동,중상사고,0,1,0,0,차대차 - 측면충돌,직진우회전진행방해,건조,맑음,교차로 - 교차로안,이륜,남,63세,상해없음,이륜,남,62세,중상
2020083100100443,2020년 8월 31일 18시,월요일,울산광역시 울주군 언양읍,부상신고사고,0,0,0,1,차대차 - 측면충돌,교차로운행방법위반,건조,맑음,교차로 - 교차로안,이륜,남,53세,부상신고,승용,여,41세,상해없음
2020083100100528,2020년 8월 31일 20시,월요일,울산광역시 동구 서부동,경상사고,0,0,2,0,차대차 - 추돌,안전운전불이행,건조,맑음,교차로 - 교차로부근,승용,남,65세,경상,승용,남,40세,경상
2020090100100050,2020년 9월 1일 06시,화요일,울산광역시 중구 태화동,경상사고,0,0,1,0,차대차 - 측면충돌,신호위반,건조,맑음,교차로 - 교차로안,화물,남,57세,상해없음,승용,여,62세,경상
2020090100100107,2020년 9월 1일 08시,화요일,울산광역시 북구 연암동,경상사고,0,0,1,0,차대사람 - 차도통행중,안전운전불이행,건조,맑음,단일로 - 기타,이륜,남,53세,상해없음,보행자,여,21세,경상
2020090100100204,2020년 9월 1일 12시,화요일,울산광역시 울주군 언양읍,중상사고,0,2,0,0,차대차 - 정면충돌,중앙선침범,건조,맑음,단일로 - 기타,승용,남,72세,상해없음,승용,여,31세,중상
2020090100100311,2020년 9월 1일 15시,화요일,울산광역시 울주군 상북면,경상사고,0,0,1,0,차대차 - 측면충돌,중앙선침범,건조,맑음,단일로 - 기타,승용,남,36세,상해없음,승용,남,52세,경상
2020090100100340,2020년 9월 1일 16시,화요일,울산광역시 중구 복산동,경상사고,0,0,1,0,차대차 - 측면충돌,교차로운행방법위반,건조,맑음,교차로 - 교차로안,승용,남,54세,상해없음,자전거,남,25세,경상
2020090100100341,2020년 9월 1일 16시,화요일,울산광역시 울주군 서생면,중상사고,0,1,1,0,차대사람 - 길가장자리구역통행중,안전운전불이행,건조,맑음,단일로 - 기타,승용,남,51세,중상,보행자,여,18세,경상
2020090100100523,2020년 9월 1일 21시,화요일,울산광역시 남구 신정동,중상사고,0,1,0,0,차대사람 - 기타,안전운전불이행,건조,흐림,교차로 - 교차로부근,승용,여,43세,상해없음,보행자,남,68세,중상
2020090200100072,2020년 9월 2일 07시,수요일,울산광역시 동구 서부동,경상사고,0,0,1,0,차량단독 - 기타,안전운전불이행,젖음/습기,비,교차로 - 교차로안,승합,남,50세,상해없음,,,,
2020090200100107,2020년 9월 2일 08시,수요일,울산광역시 북구 신천동,중상사고,0,1,0,0,차대차 - 측면충돌,차로위반,젖음/습기,비,단일로 - 기타,승용,남,52세,상해없음,이륜,남,23세,중상
2020090200100146,2020년 9월 2일 10시,수요일,울산광역시 남구 무거동,중상사고,0,2,1,0,차대차 - 기타,중앙선침범,젖음/습기,비,단일로 - 지하차도(도로)내,화물,남,54세,경상,화물,남,57세,중상
2020090200100265,2020년 9월 2일 15시,수요일,울산광역시 남구 달동,부상신고사고,0,0,0,1,차대차 - 기타,교차로운행방법위반,건조,흐림,단일로 - 터널,승용,여,58세,상해없음,이륜,남,26세,상해없음
2020090200100293,2020년 9월 2일 16시,수요일,울산광역시 북구 중산동,중상사고,0,1,1,0,차대차 - 측면충돌,안전운전불이행,건조,맑음,단일로 - 기타,승용,남,50세,상해없음,승용,남,20세,경상
2020090200100368,2020년 9월 2일 18시,수요일,울산광역시 북구 진장동,경상사고,0,0,2,0,차대차 - 측면충돌,직진우회전진행방해,젖음/습기,비,교차로 - 교차로안,승용,남,26세,경상,승용,여,29세,경상
2020090300100009,2020년 9월 3일 00시,목요일,울산광역시 남구 달동,경상사고,0,0,3,0,차대차 - 추돌,안전운전불이행,젖음/습기,비,교차로 - 교차로부근,승용,남,36세,상해없음,승용,남,24세,경상
2020090300100010,2020년 9월 3일 00시,목요일,울산광역시 북구 양정동,경상사고,0,0,3,0,차대차 - 추돌,안전운전불이행,젖음/습기,비,단일로 - 기타,승용,남,30세,상해없음,승용,남,60세,상해없음
2020090300100033,2020년 9월 3일 02시,목요일,울산광역시 남구 삼산동,중상사고,0,1,1,0,차량단독 - 기타,안전운전불이행,젖음/습기,비,단일로 - 기타,승용,남,52세,상해없음,,,,
2020090300100034,2020년 9월 3일 02시,목요일,울산광역시 남구 달동,중상사고,0,1,0,0,차대차 - 후진중충돌,안전운전불이행,젖음/습기,비,교차로 - 교차로부근,승용,남,26세,상해없음,승용,남,27세,중상
2020090300100074,2020년 9월 3일 07시,목요일,울산광역시 북구 송정동,중상사고,0,2,5,0,차대차 - 측면충돌,안전거리미확보,건조,맑음,단일로 - 기타,승용,남,33세,중상,승용,여,50세,중상
2020090300100075,2020년 9월 3일 07시,목요일,울산광역시 울주군 온산읍,경상사고,0,0,1,0,차대차 - 측면충돌,교차로운행방법위반,건조,맑음,교차로 - 교차로안,화물,남,38세,상해없음,화물,남,68세,경상
2020090300100140,2020년 9월 3일 09시,목요일,울산광역시 중구 태화동,경상사고,0,0,2,0,차대차 - 측면충돌,안전운전불이행,건조,맑음,단일로 - 기타,승용,여,53세,상해없음,승용,남,34세,경상
2020090300100173,2020년 9월 3일 11시,목요일,울산광역시 남구 여천동,경상사고,0,0,1,0,차대차 - 측면충돌,교차로운행방법위반,건조,맑음,교차로 - 교차로안,승용,남,66세,상해없음,승용,남,71세,상해없음
2020090300100266,2020년 9월 3일 14시,목요일,울산광역시 남구 달동,경상사고,0,0,1,0,차대차 - 기타,신호위반,건조,맑음,교차로 - 교차로안,승용,여,48세,상해없음,이륜,남,25세,경상
2020090300100267,2020년 9월 3일 14시,목요일,울산광역시 울주군 온산읍,경상사고,0,0,1,0,차대차 - 정면충돌,교차로운행방법위반,건조,맑음,교차로 - 교차로안,승용,여,59세,상해없음,이륜,남,57세,경상
2020090300100466,2020년 9월 3일 20시,목요일,울산광역시 북구 호계동,경상사고,0,0,1,0,차대차 - 측면충돌,신호위반,건조,맑음,교차로 - 교차로안,승용,남,29세,상해없음,승용,남,50세,경상
2020090400100048,2020년 9월 4일 06시,금요일,울산광역시 남구 달동,중상사고,0,1,1,0,차대차 - 기타,교차로운행방법위반,건조,맑음,교차로 - 교차로안,승용,남,39세,경상,승용,남,47세,중상
2020090400100073,2020년 9월 4일 07시,금요일,울산광역시 동구 방어동,경상사고,0,0,1,0,차대차 - 측면충돌,안전운전불이행,건조,맑음,단일로 - 기타,승용,남,27세,상해없음,자전거,남,42세,경상
2020090400100108,2020년 9월 4일 08시,금요일,울산광역시 북구 연암동,경상사고,0,0,4,0,차대차 - 측면충돌,안전거리미확보,건조,맑음,단일로 - 기타,승용,여,27세,상해없음,승합,남,34세,경상
2020090400100140,2020년 9월 4일 09시,금요일,울산광역시 남구 무거동,경상사고,0,0,1,0,차대차 - 측면충돌,안전운전불이행,건조,맑음,단일로 - 기타,승용,여,46세,상해없음,자전거,남,74세,경상
2020090400100173,2020년 9월 4일 10시,금요일,울산광역시 북구 화봉동,중상사고,0,1,0,0,차대차 - 측면충돌,직진우회전진행방해,건조,맑음,교차로 - 교차로안,이륜,남,86세,중상,승용,남,62세,상해없음
2020090400100303,2020년 9월 4일 14시,금요일,울산광역시 남구 신정동,경상사고,0,0,1,0,차대차 - 측면충돌,신호위반,건조,맑음,교차로 - 교차로안,승용,남,55세,상해없음,이륜,남,43세,경상
2020090400100342,2020년 9월 4일 15시,금요일,울산광역시 동구 방어동,중상사고,0,1,0,0,차대차 - 기타,안전운전불이행,건조,맑음,단일로 - 기타,승용,남,66세,상해없음,이륜,여,56세,중상
2020090400100343,2020년 9월 4일 15시,금요일,울산광역시 동구 화정동,경상사고,0,0,1,0,차대차 - 측면충돌,중앙선침범,건조,맑음,단일로 - 기타,승용,남,72세,상해없음,이륜,남,36세,경상
2020090400100344,2020년 9월 4일 15시,금요일,울산광역시 북구 양정동,경상사고,0,0,1,0,차대차 - 추돌,안전거리미확보,건조,맑음,교차로 - 교차로부근,승용,남,37세,상해없음,승용,남,22세,경상
2020090400100526,2020년 9월 4일 19시,금요일,울산광역시 남구 달동,경상사고,0,0,1,0,차대차 - 추돌,안전운전불이행,건조,맑음,단일로 - 기타,승용,남,69세,상해없음,승용,남,61세,경상
2020090400100610,2020년 9월 4일 22시,금요일,울산광역시 중구 성남동,경상사고,0,0,2,0,차대차 - 측면충돌,직진우회전진행방해,건조,맑음,교차로 - 교차로안,승용,남,58세,상해없음,승용,남,75세,경상
2020090400100611,2020년 9월 4일 22시,금요일,울산광역시 울주군 범서읍,경상사고,0,0,1,0,차대차 - 측면충돌,안전운전불이행,건조,맑음,단일로 - 기타,승용,남,63세,상해없음,이륜,남,55세,경상
2020090500100105,2020년 9월 5일 09시,토요일,울산광역시 북구 상안동,경상사고,0,0,2,0,차대차 - 측면충돌,신호위반,건조,맑음,교차로 - 교차로안,화물,남,54세,상해없음,화물,남,52세,경상
2020090500100162,2020년 9월 5일 11시,토요일,울산광역시 남구 신정동,중상사고,0,2,2,0,차대차 - 측면충돌,중앙선침범,젖음/습기,비,단일로 - 기타,화물,남,60세,상해없음,승용,여,57세,중상
2020090500100278,2020년 9월 5일 14시,토요일,울산광역시 북구 효문동,경상사고,0,0,2,0,차대차 - 측면충돌,신호위반,젖음/습기,비,교차로 - 교차로안,승용,여,45세,경상,화물,남,42세,경상
2020090500100279,2020년 9월 5일 14시,토요일,울산광역시 울주군 범서읍,중상사고,0,3,0,1,차대차 - 측면충돌,중앙선침범,젖음/습기,비,단일로 - 기타,화물,남,54세,상해없음,승용,여,27세,중상
2020090500100351,2020년 9월 5일 16시,토요일,울산광역시 남구 삼산동,경상사고,0,0,1,0,차대사람 - 길가장자리구역통행중,안전운전불이행,젖음/습기,비,교차로 - 교차로부근,화물,남,55세,상해없음,보행자,여,58세,경상
2020090500100459,2020년 9월 5일 19시,토요일,울산광역시 북구 신천동,중상사고,0,1,0,0,차대사람 - 횡단중,보행자보호의무위반,젖음/습기,비,교차로 - 교차로횡단보도내,이륜,남,50세,상해없음,보행자,여,31세,중상
2020090500100460,2020년 9월 5일 19시,토요일,울산광역시 남구 삼산동,경상사고,0,0,1,0,차대차 - 기타,안전운전불이행,젖음/습기,비,단일로 - 지하차도(도로)내,승용,남,25세,상해없음,승용,남,31세,경상
2020090500100461,2020년 9월 5일 19시,토요일,울산광역시 울주군 온산읍,경상사고,0,0,1,0,차대차 - 후진중충돌,안전운전불이행,젖음/습기,비,단일로 - 지하차도(도로)내,승용,남,65세,상해없음,이륜,남,30세,경상
2020090600100184,2020년 9월 6일 14시,일요일,울산광역시 남구 달동,중상사고,0,1,0,0,차대차 - 기타,안전운전불이행,젖음/습기,비,단일로 - 기타,승용,남,30세,상해없음,이륜,남,35세,중상
2020090600100320,2020년 9월 6일 19시,일요일,울산광역시 중구 남외동,경상사고,0,0,1,0,차대차 - 측면충돌,직진우회전진행방해,젖음/습기,비,교차로 - 교차로안,이륜,남,22세,경상,승용,남,53세,상해없음
2020090700100254,2020년 9월 7일 13시,월요일,울산광역시 동구 일산동,경상사고,0,0,1,0,차대차 - 추돌,안전운전불이행,건조,맑음,단일로 - 기타,승용,남,76세,경상,화물,남,35세,기타불명
2020090700100290,2020년 9월 7일 14시,월요일,울산광역시 남구 달동,중상사고,0,1,0,0,차대차 - 측면충돌,직진우회전진행방해,건조,맑음,교차로 - 교차로안,승용,여,41세,상해없음,이륜,남,66세,중상
2020090700100393,2020년 9월 7일 17시,월요일,울산광역시 동구 서부동,경상사고,0,0,1,0,차대차 - 기타,안전거리미확보,건조,맑음,단일로 - 기타,승용,남,41세,상해없음,승합,남,64세,경상
2020090700100480,2020년 9월 7일 19시,월요일,울산광역시 울주군 서생면,중상사고,0,3,0,0,차대차 - 측면충돌,교차로운행방법위반,건조,맑음,교차로 - 교차로안,승용,남,39세,상해없음,승용,남,26세,중상
2020090800100016,2020년 9월 8일 00시,화요일,울산광역시 남구 삼산동,경상사고,0,0,1,0,차대차 - 추돌,안전운전불이행,건조,맑음,단일로 - 기타,승용,여,23세,상해없음,승용,여,47세,경상
2020090800100022,2020년 9월 8일 01시,화요일,울산광역시 울주군 온양읍,중상사고,0,1,4,0,차대차 - 측면충돌,신호위반,건조,맑음,교차로 - 교차로안,화물,남,44세,상해없음,승용,남,21세,경상
2020090800100047,2020년 9월 8일 06시,화요일,울산광역시 중구 성남동,중상사고,0,1,0,0,차대사람 - 횡단중,신호위반,건조,맑음,단일로 - 기타,화물,남,70세,상해없음,보행자,여,82세,중상
2020090800100085,2020년 9월 8일 07시,화요일,울산광역시 남구 신정동,경상사고,0,0,1,0,차대차 - 측면충돌,중앙선침범,건조,맑음,단일로 - 기타,승용,여,29세,상해없음,자전거,남,64세,경상
2020090800100225,2020년 9월 8일 11시,화요일,울산광역시 동구 방어동,중상사고,0,1,1,0,차대차 - 측면충돌,안전거리미확보,건조,맑음,단일로 - 기타,이륜,남,36세,경상,이륜,남,41세,중상
2020090800100283,2020년 9월 8일 13시,화요일,울산광역시 울주군 두서면,중상사고,0,1,1,0,차대차 - 측면충돌,중앙선침범,건조,맑음,교차로 - 교차로부근,승용,여,59세,상해없음,승용,남,70세,경상
2020090800100360,2020년 9월 8일 15시,화요일,울산광역시 중구 학성동,경상사고,0,0,1,0,차대차 - 추돌,안전운전불이행,건조,맑음,교차로 - 교차로부근,승용,남,25세,상해없음,승용,남,60세,경상
2020090800100361,2020년 9월 8일 15시,화요일,울산광역시 북구 산하동,경상사고,0,0,2,0,차대차 - 추돌,안전거리미확보,건조,맑음,교차로 - 교차로부근,승용,남,37세,경상,승합,남,49세,경상
2020090800100453,2020년 9월 8일 17시,화요일,울산광역시 동구 화정동,경상사고,0,0,1,0,차대차 - 측면충돌,안전운전불이행,건조,맑음,교차로 - 교차로안,승용,여,37세,경상,승용,남,46세,상해없음
2020090800100537,2020년 9월 8일 19시,화요일,울산광역시 중구 교동,경상사고,0,0,1,0,차대사람 - 보도통행중,기타,건조,맑음,단일로 - 기타,이륜,남,69세,상해없음,보행자,여,60세,경상
2020090800100570,2020년 9월 8일 20시,화요일,울산광역시 남구 달동,경상사고,0,0,1,0,차대차 - 기타,안전운전불이행,건조,맑음,단일로 - 기타,화물,남,44세,상해없음,승용,남,50세,상해없음
2020090900100072,2020년 9월 9일 07시,수요일,울산광역시 북구 효문동,경상사고,0,0,2,0,차대차 - 측면충돌,교차로운행방법위반,건조,맑음,교차로 - 교차로안,승용,남,51세,상해없음,화물,남,32세,경상
2020090900100127,2020년 9월 9일 09시,수요일,울산광역시 남구 선암동,경상사고,0,0,1,0,차대차 - 추돌,안전운전불이행,건조,맑음,교차로 - 교차로부근,화물,남,29세,상해없음,화물,남,34세,경상
2020090900100152,2020년 9월 9일 10시,수요일,울산광역시 북구 호계동,부상신고사고,0,0,0,1,차대차 - 측면충돌,차로위반,건조,맑음,단일로 - 기타,승용,여,56세,부상신고,화물,남,50세,상해없음
2020090900100153,2020년 9월 9일 10시,수요일,울산광역시 울주군 언양읍,중상사고,0,1,0,0,차대사람 - 횡단중,안전운전불이행,건조,맑음,교차로 - 교차로안,화물,남,53세,상해없음,보행자,여,62세,중상
2020090900100235,2020년 9월 9일 13시,수요일,울산광역시 남구 삼산동,중상사고,0,1,0,0,차대차 - 정면충돌,안전운전불이행,건조,맑음,교차로 - 교차로안,이륜,남,17세,상해없음,이륜,남,26세,중상
2020090900100336,2020년 9월 9일 16시,수요일,울산광역시 북구 신천동,경상사고,0,0,1,0,차대차 - 측면충돌,안전운전불이행,건조,맑음,교차로 - 교차로부근,건설기계,남,47세,상해없음,승용,남,60세,경상
2020090900100520,2020년 9월 9일 21시,수요일,울산광역시 울주군 언양읍,경상사고,0,0,1,0,차대차 - 추돌,안전운전불이행,건조,맑음,교차로 - 교차로부근,승용,남,58세,상해없음,승용,여,27세,경상
2020090900100542,2020년 9월 9일 22시,수요일,울산광역시 남구 옥동,중상사고,0,1,0,0,차대사람 - 횡단중,안전운전불이행,건조,맑음,단일로 - 기타,승용,남,49세,상해없음,보행자,여,38세,중상
2020091000100008,2020년 9월 10일 00시,목요일,울산광역시 북구 명촌동,경상사고,0,0,1,0,차대차 - 후진중충돌,안전운전불이행,건조,맑음,단일로 - 기타,승용,여,59세,상해없음,승용,남,24세,상해없음
2020091000100136,2020년 9월 10일 10시,목요일,울산광역시 남구 삼산동,경상사고,0,0,1,0,차대차 - 측면충돌,직진우회전진행방해,건조,맑음,교차로 - 교차로안,승용,여,67세,상해없음,승용,여,37세,경상
2020091000100183,2020년 9월 10일 11시,목요일,울산광역시 북구 호계동,경상사고,0,0,1,0,차대차 - 기타,안전운전불이행,건조,맑음,주차장 - 주차장,화물,남,72세,상해없음,승용,여,27세,경상
2020091000100184,2020년 9월 10일 11시,목요일,울산광역시 남구 삼산동,중상사고,0,1,3,0,차대차 - 추돌,안전운전불이행,건조,맑음,단일로 - 지하차도(도로)내,승용,남,29세,경상,승용,여,80세,중상
2020091000100185,2020년 9월 10일 11시,목요일,울산광역시 울주군 언양읍,경상사고,0,0,1,0,차대차 - 추돌,안전거리미확보,건조,맑음,단일로 - 기타,건설기계,남,30세,상해없음,승용,남,31세,경상
2020091000100217,2020년 9월 10일 12시,목요일,울산광역시 중구 반구동,중상사고,0,1,0,0,차대차 - 기타,중앙선침범,건조,맑음,교차로 - 교차로부근,화물,남,55세,상해없음,이륜,남,18세,중상
2020091000100277,2020년 9월 10일 14시,목요일,울산광역시 울주군 범서읍,경상사고,0,0,1,0,차대차 - 추돌,안전거리미확보,건조,맑음,단일로 - 기타,승용,여,52세,상해없음,승용,여,27세,경상
2020091000100347,2020년 9월 10일 16시,목요일,울산광역시 북구 창평동,경상사고,0,0,1,0,차대차 - 측면충돌,차로위반,건조,맑음,단일로 - 기타,승용,여,28세,상해없음,승용,여,37세,경상
2020091000100348,2020년 9월 10일 16시,목요일,울산광역시 울주군 웅촌면,부상신고사고,0,0,0,1,차대차 - 추돌,안전거리미확보,건조,맑음,단일로 - 기타,이륜,남,18세,상해없음,화물,남,54세,상해없음
2020091000100400,2020년 9월 10일 17시,목요일,울산광역시 울주군 온양읍,경상사고,0,0,3,0,차대차 - 추돌,안전거리미확보,건조,맑음,단일로 - 교량,승용,여,28세,경상,승용,남,24세,경상
2020091000100525,2020년 9월 10일 20시,목요일,울산광역시 울주군 삼남면,중상사고,0,1,0,0,차대차 - 측면충돌,교차로운행방법위반,건조,맑음,교차로 - 교차로안,승용,남,69세,상해없음,이륜,남,26세,중상
2020091100100025,2020년 9월 11일 02시,금요일,울산광역시 북구 화봉동,부상신고사고,0,0,0,1,차대차 - 측면충돌,안전운전불이행,건조,맑음,교차로 - 교차로안,이륜,남,23세,부상신고,승용,남,26세,기타불명
2020091100100026,2020년 9월 11일 02시,금요일,울산광역시 남구 신정동,중상사고,0,1,0,0,차대차 - 측면충돌,안전운전불이행,건조,맑음,교차로 - 교차로안,승용,남,35세,상해없음,승용,남,58세,중상
2020091100100108,2020년 9월 11일 08시,금요일,울산광역시 남구 삼산동,경상사고,0,0,2,0,차대차 - 측면충돌,교차로운행방법위반,건조,맑음,교차로 - 교차로안,승용,여,36세,경상,승용,남,53세,경상
2020091100100191,2020년 9월 11일 11시,금요일,울산광역시 북구 진장동,경상사고,0,0,2,1,차대차 - 측면충돌,신호위반,건조,맑음,교차로 - 교차로안,화물,남,56세,부상신고,승합,남,51세,경상
2020091100100250,2020년 9월 11일 13시,금요일,울산광역시 남구 삼산동,중상사고,0,1,0,0,차량단독 - 기타,안전운전불이행,건조,맑음,단일로 - 기타,승합,남,38세,상해없음,,,,
2020091100100302,2020년 9월 11일 15시,금요일,울산광역시 남구 무거동,중상사고,0,1,0,0,차대차 - 측면충돌,신호위반,건조,맑음,교차로 - 교차로안,승용,여,56세,상해없음,승용,여,49세,중상
2020091100100303,2020년 9월 11일 15시,금요일,울산광역시 울주군 온양읍,경상사고,0,0,1,0,차대차 - 추돌,안전거리미확보,젖음/습기,비,단일로 - 지하차도(도로)내,승용,남,34세,상해없음,승용,여,45세,경상
2020091100100400,2020년 9월 11일 17시,금요일,울산광역시 남구 신정동,경상사고,0,0,1,0,차대차 - 기타,교차로운행방법위반,건조,맑음,교차로 - 교차로안,승용,남,54세,상해없음,승용,여,35세,경상
2020091100100401,2020년 9월 11일 17시,금요일,울산광역시 울주군 언양읍,중상사고,0,1,0,0,차량단독 - 기타,안전운전불이행,건조,맑음,단일로 - 기타,승용,남,49세,중상,,,,
2020091100100519,2020년 9월 11일 19시,금요일,울산광역시 동구 서부동,경상사고,0,0,1,0,차대차 - 측면충돌,신호위반,건조,맑음,교차로 - 교차로안,승용,남,43세,상해없음,이륜,남,25세,경상
2020091100100621,2020년 9월 11일 21시,금요일,울산광역시 남구 신정동,중상사고,0,1,0,1,차대차 - 측면충돌,불법유턴,건조,맑음,단일로 - 지하차도(도로)내,자전거,남,20세,중상,승용,남,31세,부상신고
2020091100100622,2020년 9월 11일 21시,금요일,울산광역시 남구 여천동,중상사고,0,2,0,0,차대차 - 정면충돌,신호위반,젖음/습기,비,교차로 - 교차로안,승용,남,53세,중상,승용,남,45세,중상