사고번호,사고일시,요일,시군구,사고내용,사망자수,중상자수,경상자수,부상신고자수,사고유형,법규위반,노면상태,기상상태,도로형태,가해운전자 차종,가해운전자 성별,가해운전자 연령,가해운전자 상해정도,피해운전자 차종,피해운전자 성별,피해운전자 연령,피해운전자 상해정도
2020100400100153,2020년 10월 4일 12시,일요일,울산광역시 울주군 온양읍,경상사고,0,0,4,0,차대차 - 기타,신호위반,건조,맑음,교차로 - 교차로안,승용,남,24세,경상,승용,남,68세,경상
2020100400100188,2020년 10월 4일 14시,일요일,울산광역시 울주군 범서읍,경상사고,0,0,4,0,차대차 - 측면충돌,안전거리미확보,건조,맑음,단일로 - 기타,승용,남,28세,상해없음,승용,남,42세,경상
2020100400100266,2020년 10월 4일 16시,일요일,울산광역시 중구 교동,경상사고,0,0,3,0,차대차 - 기타,안전거리미확보,건조,맑음,단일로 - 기타,이륜,남,83세,경상,승용,남,37세,경상
2020100400100402,2020년 10월 4일 22시,일요일,울산광역시 북구 산하동,중상사고,0,1,2,0,차대차 - 기타,과속,건조,맑음,단일로 - 기타,승용,남,26세,상해없음,승용,남,41세,중상
2020100500100016,2020년 10월 5일 01시,월요일,울산광역시 남구 달동,경상사고,0,0,1,0,차대사람 - 횡단중,안전운전불이행,건조,맑음,단일로 - 기타,승용,여,52세,상해없음,보행자,남,20세,경상
2020100500100125,2020년 10월 5일 08시,월요일,울산광역시 남구 여천동,경상사고,0,0,1,0,차대차 - 측면충돌,신호위반,건조,맑음,교차로 - 교차로안,승용,남,24세,상해없음,승용,남,46세,경상
2020100500100232,2020년 10월 5일 11시,월요일,울산광역시 동구 전하동,중상사고,0,1,0,0,차대차 - 추돌,안전운전불이행,건조,맑음,교차로 - 교차로부근,이륜,남,65세,중상,승합,남,56세,상해없음
2020100500100275,2020년 10월 5일 12시,월요일,울산광역시 남구 삼산동,중상사고,0,1,0,0,차대사람 - 길가장자리구역통행중,안전운전불이행,건조,맑음,교차로 - 교차로부근,승용,남,65세,상해없음,보행자,여,28세,중상
2020100500100316,2020년 10월 5일 13시,월요일,울산광역시 울주군 범서읍,경상사고,0,0,1,0,차대차 - 정면충돌,안전거리미확보,건조,맑음,교차로 - 교차로안,이륜,남,19세,경상,승용,여,35세,상해없음
2020100500100366,2020년 10월 5일 14시,월요일,울산광역시 중구 태화동,부상신고사고,0,0,0,1,차대사람 - 횡단중,신호위반,건조,맑음,단일로 - 기타,기타불명,기타불명,미분류,기타불명,보행자,남,38세,부상신고
2020100500100455,2020년 10월 5일 16시,월요일,울산광역시 남구 신정동,경상사고,0,0,4,0,차대차 - 측면충돌,안전거리미확보,건조,맑음,교차로 - 교차로안,승용,남,40세,경상,승용,여,49세,경상
2020100500100456,2020년 10월 5일 16시,월요일,울산광역시 울주군 언양읍,경상사고,0,0,2,0,차대차 - 측면충돌,중앙선침범,건조,맑음,단일로 - 기타,승용,남,55세,상해없음,승용,여,40세,경상
2020100600100119,2020년 10월 6일 08시,화요일,울산광역시 북구 호계동,부상신고사고,0,0,0,1,차대차 - 기타,안전운전불이행,건조,맑음,단일로 - 기타,승용,여,52세,부상신고,승용,남,56세,상해없음
2020100600100120,2020년 10월 6일 08시,화요일,울산광역시 남구 신정동,중상사고,0,1,0,0,차대사람 - 횡단중,보행자보호의무위반,건조,맑음,교차로 - 교차로부근,승용,남,60세,상해없음,보행자,여,8세,중상
2020100600100121,2020년 10월 6일 08시,화요일,울산광역시 울주군 범서읍,부상신고사고,0,0,0,1,차대사람 - 횡단중,안전운전불이행,건조,맑음,교차로 - 교차로안,기타불명,기타불명,미분류,기타불명,보행자,남,11세,부상신고
2020100600100122,2020년 10월 6일 08시,화요일,울산광역시 울주군 언양읍,경상사고,0,0,1,0,차대차 - 측면충돌,안전운전불이행,건조,맑음,단일로 - 기타,승합,여,62세,상해없음,승용,여,44세,경상
2020100600100161,2020년 10월 6일 09시,화요일,울산광역시 울주군 청량읍,경상사고,0,0,2,0,차대차 - 기타,중앙선침범,건조,맑음,단일로 - 기타,승용,남,53세,상해없음,승용,여,61세,경상
2020100600100264,2020년 10월 6일 12시,화요일,울산광역시 울주군 웅촌면,부상신고사고,0,0,0,1,차대차 - 기타,안전운전불이행,건조,맑음,교차로 - 교차로부근,이륜,남,36세,부상신고,화물,남,47세,상해없음
2020100600100298,2020년 10월 6일 13시,화요일,울산광역시 남구 옥동,경상사고,0,0,1,0,차대사람 - 차도통행중,안전운전불이행,건조,맑음,단일로 - 기타,승용,여,44세,상해없음,보행자,남,51세,경상
2020100600100299,2020년 10월 6일 13시,화요일,울산광역시 북구 양정동,경상사고,0,0,1,0,차대차 - 기타,안전운전불이행,건조,맑음,단일로 - 기타,자전거,남,40세,경상,승용,남,75세,상해없음
2020100600100350,2020년 10월 6일 14시,화요일,울산광역시 중구 서동,경상사고,0,0,2,0,차대차 - 측면충돌,안전거리미확보,건조,맑음,단일로 - 기타,승용,여,62세,경상,승용,남,29세,경상
2020100600100388,2020년 10월 6일 15시,화요일,울산광역시 남구 여천동,중상사고,0,1,0,0,차대차 - 측면충돌,신호위반,건조,맑음,교차로 - 교차로안,자전거,남,78세,중상,승용,여,60세,상해없음
2020100600100389,2020년 10월 6일 15시,화요일,울산광역시 울주군 언양읍,중상사고,0,1,0,0,차대차 - 기타,안전운전불이행,건조,맑음,기타 - 기타,기타불명,기타불명,미분류,기타불명,자전거,남,40세,중상
2020100600100525,2020년 10월 6일 18시,화요일,울산광역시 중구 다운동,경상사고,0,0,2,0,차대차 - 측면충돌,교차로운행방법위반,건조,맑음,교차로 - 교차로안,승용,남,66세,상해없음,승용,남,55세,경상
2020100600100569,2020년 10월 6일 19시,화요일,울산광역시 중구 복산동,경상사고,0,0,5,0,차대차 - 추돌,안전운전불이행,건조,맑음,교차로 - 교차로부근,승용,여,48세,상해없음,승용,남,23세,경상
2020100600100570,2020년 10월 6일 19시,화요일,울산광역시 남구 신정동,경상사고,0,0,2,0,차대차 - 측면충돌,중앙선침범,건조,맑음,단일로 - 기타,승용,여,57세,경상,승용,남,38세,경상
2020100600100571,2020년 10월 6일 19시,화요일,울산광역시 북구 염포동,경상사고,0,0,2,0,차대차 - 측면충돌,신호위반,건조,맑음,교차로 - 교차로안,승용,남,40세,상해없음,승용,남,27세,경상
2020100600100624,2020년 10월 6일 21시,화요일,울산광역시 남구 달동,경상사고,0,0,1,0,차대차 - 측면충돌,안전거리미확보,건조,맑음,단일로 - 기타,자전거,남,61세,경상,승용,남,57세,상해없음
2020100700100143,2020년 10월 7일 09시,수요일,울산광역시 중구 서동,중상사고,0,1,0,0,차대차 - 추돌,안전운전불이행,건조,맑음,단일로 - 기타,승용,여,41세,상해없음,화물,남,58세,중상
2020100700100208,2020년 10월 7일 11시,수요일,울산광역시 남구 달동,경상사고,0,0,1,0,차대차 - 기타,안전운전불이행,건조,맑음,교차로 - 교차로부근,승용,여,51세,기타불명,승용,남,29세,경상
2020100700100275,2020년 10월 7일 13시,수요일,울산광역시 울주군 언양읍,경상사고,0,0,1,0,차대차 - 추돌,안전거리미확보,건조,맑음,단일로 - 기타,화물,남,59세,상해없음,승용,여,25세,경상
2020100700100315,2020년 10월 7일 14시,수요일,울산광역시 남구 신정동,경상사고,0,0,1,0,차량단독 - 기타,안전운전불이행,건조,맑음,교차로 - 교차로안,승합,남,37세,기타불명,,,,
2020100700100316,2020년 10월 7일 14시,수요일,울산광역시 울주군 삼남면,중상사고,0,1,0,0,차량단독 - 전도전복 - 전도,교차로운행방법위반,건조,맑음,단일로 - 기타,이륜,남,83세,상해없음,,,,
2020100700100493,2020년 10월 7일 18시,수요일,울산광역시 남구 옥동,부상신고사고,0,0,0,1,차대차 - 기타,안전운전불이행,건조,기타,단일로 - 기타,기타불명,남,79세,부상신고,승용,여,45세,상해없음
2020100800100101,2020년 10월 8일 07시,목요일,울산광역시 동구 일산동,경상사고,0,0,1,0,차대차 - 기타,안전운전불이행,기타,맑음,교차로 - 교차로부근,이륜,남,25세,경상,승용,여,51세,상해없음
2020100800100154,2020년 10월 8일 08시,목요일,울산광역시 북구 호계동,부상신고사고,0,0,0,1,차대차 - 측면충돌,안전운전불이행,건조,맑음,단일로 - 기타,승용,여,32세,부상신고,승용,남,63세,상해없음
2020100800100201,2020년 10월 8일 09시,목요일,울산광역시 중구 약사동,중상사고,0,1,0,0,차대사람 - 기타,신호위반,건조,맑음,교차로 - 교차로안,승용,여,58세,상해없음,보행자,여,20세,중상
2020100800100202,2020년 10월 8일 09시,목요일,울산광역시 울주군 언양읍,경상사고,0,0,1,0,차대사람 - 기타,안전운전불이행,건조,맑음,주차장 - 주차장,승용,남,67세,상해없음,보행자,여,26세,상해없음
2020100800100238,2020년 10월 8일 10시,목요일,울산광역시 남구 여천동,경상사고,0,0,2,0,차대차 - 추돌,안전거리미확보,건조,맑음,단일로 - 기타,승용,여,70세,경상,화물,남,50세,경상
2020100800100239,2020년 10월 8일 10시,목요일,울산광역시 동구 전하동,경상사고,0,0,1,0,차대차 - 기타,안전거리미확보,건조,맑음,단일로 - 기타,승용,여,48세,상해없음,이륜,남,35세,경상
2020100800100310,2020년 10월 8일 12시,목요일,울산광역시 중구 우정동,경상사고,0,0,1,0,차대차 - 후진중충돌,안전운전불이행,건조,맑음,단일로 - 기타,승용,남,45세,상해없음,승용,남,37세,경상
2020100800100311,2020년 10월 8일 12시,목요일,울산광역시 북구 양정동,경상사고,0,0,1,0,차대차 - 정면충돌,안전운전불이행,건조,맑음,교차로 - 교차로안,승용,여,26세,상해없음,자전거,남,38세,경상
2020100800100335,2020년 10월 8일 13시,목요일,울산광역시 동구 화정동,중상사고,0,1,0,0,차대차 - 기타,안전운전불이행,건조,맑음,교차로 - 교차로부근,이륜,남,46세,중상,승용,남,48세,상해없음
2020100800100336,2020년 10월 8일 13시,목요일,울산광역시 울주군 범서읍,경상사고,0,0,2,0,차대차 - 측면충돌,안전운전불이행,건조,맑음,기타 - 기타,건설기계,남,45세,상해없음,승용,여,46세,경상
2020100800100464,2020년 10월 8일 16시,목요일,울산광역시 남구 신정동,부상신고사고,0,0,0,1,차대차 - 측면충돌,안전거리미확보,건조,맑음,단일로 - 기타,화물,남,73세,상해없음,이륜,남,27세,부상신고
2020100800100585,2020년 10월 8일 18시,목요일,울산광역시 남구 무거동,경상사고,0,0,1,0,차대사람 - 횡단중,보행자보호의무위반,건조,맑음,교차로 - 교차로횡단보도내,승용,여,43세,상해없음,보행자,여,48세,경상
2020100800100586,2020년 10월 8일 18시,목요일,울산광역시 남구 신정동,경상사고,0,0,1,0,차대차 - 기타,직진우회전진행방해,건조,맑음,교차로 - 교차로안,이륜,남,50세,기타불명,자전거,남,20세,경상
2020100800100587,2020년 10월 8일 18시,목요일,울산광역시 울주군 범서읍,경상사고,0,0,1,0,차대차 - 기타,안전운전불이행,건조,맑음,교차로 - 교차로안,승용,남,65세,경상,승용,여,47세,상해없음
2020100800100650,2020년 10월 8일 19시,목요일,울산광역시 남구 두왕동,중상사고,0,1,0,0,차대차 - 측면충돌,안전운전불이행,건조,맑음,단일로 - 기타,이륜,남,57세,중상,승용,여,59세,상해없음
2020100800100754,2020년 10월 8일 22시,목요일,울산광역시 중구 복산동,중상사고,0,1,0,0,차대차 - 측면충돌,안전운전불이행,건조,맑음,단일로 - 기타,승용,남,73세,상해없음,원동기,여,39세,중상
2020100900100020,2020년 10월 9일 00시,금요일,울산광역시 남구 두왕동,사망사고,1,0,0,0,차대사람 - 기타,안전운전불이행,건조,맑음,단일로 - 기타,승용,남,53세,기타불명,보행자,남,48세,사망
2020100900100496,2020년 10월 9일 19시,금요일,울산광역시 남구 무거동,경상사고,0,0,2,0,차대차 - 추돌,안전운전불이행,건조,맑음,교차로 - 교차로부근,승용,남,36세,상해없음,승용,남,28세,경상
2020100900100497,2020년 10월 9일 19시,금요일,울산광역시 울주군 삼남면,경상사고,0,0,5,0,차대차 - 추돌,안전운전불이행,건조,맑음,교차로 - 교차로부근,승용,남,58세,상해없음,승용,여,52세,경상
2020100900100558,2020년 10월 9일 21시,금요일,울산광역시 북구 신천동,중상사고,0,1,0,0,차대사람 - 기타,과속,건조,맑음,단일로 - 기타,이륜,남,31세,상해없음,보행자,여,59세,중상
2020100900100595,2020년 10월 9일 23시,금요일,울산광역시 울주군 범서읍,경상사고,0,0,1,0,차대사람 - 횡단중,신호위반,건조,맑음,교차로 - 교차로횡단보도내,승용,남,54세,상해없음,보행자,여,15세,경상
2020101000100026,2020년 10월 10일 01시,토요일,울산광역시 중구 서동,경상사고,0,0,5,1,차대차 - 기타,안전거리미확보,건조,맑음,교차로 - 교차로안,승용,남,52세,부상신고,승용,남,22세,경상
2020101000100027,2020년 10월 10일 01시,토요일,울산광역시 남구 신정동,경상사고,0,0,1,0,차대사람 - 기타,안전운전불이행,건조,맑음,단일로 - 기타,승용,남,50세,상해없음,보행자,남,34세,경상
2020101000100035,2020년 10월 10일 02시,토요일,울산광역시 남구 삼산동,경상사고,0,0,1,0,차대차 - 기타,직진우회전진행방해,건조,맑음,교차로 - 교차로안,승용,남,62세,상해없음,자전거,남,44세,경상
2020101000100059,2020년 10월 10일 05시,토요일,울산광역시 북구 호계동,경상사고,0,0,1,0,차대차 - 측면충돌,신호위반,건조,맑음,교차로 - 교차로안,승용,여,75세,상해없음,승합,남,56세,경상
2020101000100073,2020년 10월 10일 06시,토요일,울산광역시 울주군 온산읍,경상사고,0,0,1,0,차대차 - 측면충돌,교차로운행방법위반,건조,맑음,교차로 - 교차로안,이륜,남,26세,경상,승용,남,54세,상해없음
2020101000100106,2020년 10월 10일 08시,토요일,울산광역시 남구 야음동,경상사고,0,0,1,0,차대사람 - 기타,신호위반,건조,흐림,교차로 - 교차로횡단보도내,승용,남,67세,상해없음,보행자,남,33세,경상
2020101000100159,2020년 10월 10일 10시,토요일,울산광역시 중구 서동,중상사고,0,1,1,0,차대차 - 측면충돌,안전거리미확보,건조,맑음,교차로 - 교차로안,승용,남,70세,경상,승용,여,36세,중상
2020101000100237,2020년 10월 10일 12시,토요일,울산광역시 울주군 삼남면,경상사고,0,0,1,0,차대차 - 기타,중앙선침범,건조,맑음,단일로 - 기타,승용,여,54세,상해없음,승용,남,26세,경상
2020101000100285,2020년 10월 10일 13시,토요일,울산광역시 남구 삼산동,중상사고,0,1,1,0,차대차 - 측면충돌,신호위반,건조,맑음,단일로 - 기타,승용,남,48세,기타불명,승용,여,47세,경상
2020101000100483,2020년 10월 10일 18시,토요일,울산광역시 중구 복산동,경상사고,0,0,4,1,차대차 - 추돌,안전거리미확보,건조,맑음,교차로 - 교차로부근,이륜,남,24세,부상신고,승용,남,60세,경상
2020101000100484,2020년 10월 10일 18시,토요일,울산광역시 북구 호계동,경상사고,0,0,1,0,차대차 - 측면충돌,안전운전불이행,건조,맑음,단일로 - 기타,승용,여,56세,상해없음,이륜,남,41세,경상
2020101000100516,2020년 10월 10일 19시,토요일,울산광역시 남구 신정동,경상사고,0,0,1,0,차대차 - 측면충돌,직진우회전진행방해,건조,맑음,교차로 - 교차로횡단보도내,승용,남,65세,상해없음,자전거,남,14세,경상
2020101000100581,2020년 10월 10일 22시,토요일,울산광역시 남구 달동,경상사고,0,0,2,0,차대차 - 후진중충돌,안전운전불이행,건조,맑음,교차로 - 교차로부근,승용,남,56세,상해없음,승용,여,48세,경상
2020101100100097,2020년 10월 11일 09시,일요일,울산광역시 동구 미포동,중상사고,0,1,0,0,차대차 - 기타,안전운전불이행,건조,맑음,단일로 - 기타,승용,남,64세,상해없음,승용,여,68세,중상
2020101100100231,2020년 10월 11일 14시,일요일,울산광역시 중구 우정동,경상사고,0,0,1,0,차대차 - 측면충돌,안전거리미확보,건조,맑음,단일로 - 기타,이륜,남,40세,경상,승용,여,32세,상해없음
2020101100100406,2020년 10월 11일 19시,일요일,울산광역시 북구 연암동,경상사고,0,0,3,1,차대차 - 추돌,안전운전불이행,건조,맑음,교차로 - 교차로부근,이륜,남,47세,상해없음,승용,여,37세,경상
2020101100100471,2020년 10월 11일 23시,일요일,울산광역시 울주군 온양읍,경상사고,0,0,3,0,차대차 - 추돌,안전운전불이행,건조,맑음,단일로 - 기타,승합,남,51세,상해없음,승용,남,44세,경상
2020101200100012,2020년 10월 12일 00시,월요일,울산광역시 북구 상안동,경상사고,0,0,3,1,차대차 - 추돌,안전운전불이행,건조,맑음,단일로 - 기타,승용,여,58세,부상신고,승용,남,52세,경상
2020101200100288,2020년 10월 12일 12시,월요일,울산광역시 중구 반구동,중상사고,0,1,0,0,차대차 - 기타,신호위반,건조,맑음,교차로 - 교차로안,승용,여,41세,상해없음,이륜,남,47세,중상
2020101200100367,2020년 10월 12일 14시,월요일,울산광역시 남구 여천동,경상사고,0,0,1,0,차대차 - 측면충돌,안전운전불이행,건조,맑음,교차로 - 교차로안,승용,남,72세,상해없음,화물,남,35세,경상
2020101200100508,2020년 10월 12일 17시,월요일,울산광역시 남구 신정동,중상사고,0,1,0,0,차대사람 - 횡단중,안전운전불이행,건조,맑음,교차로 - 교차로안,화물,남,53세,상해없음,보행자,여,77세,중상
2020101200100652,2020년 10월 12일 20시,월요일,울산광역시 북구 매곡동,경상사고,0,0,2,0,차대차 - 추돌,안전운전불이행,건조,맑음,교차로 - 교차로부근,승용,남,40세,상해없음,승용,여,53세,경상
2020101200100653,2020년 10월 12일 20시,월요일,울산광역시 남구 삼산동,중상사고,0,1,0,0,차량단독 - 기타,안전운전불이행,건조,맑음,주차장 - 주차장,화물,남,49세,상해없음,,,,
2020101200100671,2020년 10월 12일 21시,월요일,울산광역시 남구 달동,중상사고,0,1,0,0,차대사람 - 횡단중,신호위반,건조,맑음,교차로 - 교차로횡단보도내,승용,남,36세,상해없음,보행자,남,26세,중상
2020101300100068,2020년 10월 13일 07시,화요일,울산광역시 동구 전하동,경상사고,0,0,1,0,차대차 - 추돌,안전운전불이행,건조,맑음,교차로 - 교차로부근,승용,남,28세,상해없음,이륜,남,45세,경상
2020101300100120,2020년 10월 13일 08시,화요일,울산광역시 남구 신정동,경상사고,0,0,1,0,차대차 - 추돌,안전운전불이행,건조,맑음,단일로 - 기타,승용,여,39세,상해없음,승용,여,39세,경상
2020101300100149,2020년 10월 13일 09시,화요일,울산광역시 남구 달동,경상사고,0,0,1,0,차대차 - 측면충돌,안전운전불이행,건조,맑음,교차로 - 교차로안,이륜,남,26세,경상,화물,남,65세,상해없음
2020101300100188,2020년 10월 13일 10시,화요일,울산광역시 남구 달동,중상사고,0,2,0,0,차대차 - 기타,교차로운행방법위반,건조,맑음,교차로 - 교차로안,화물,남,56세,상해없음,이륜,남,54세,중상
2020101300100227,2020년 10월 13일 11시,화요일,울산광역시 북구 어물동,경상사고,0,0,2,0,차대차 - 측면충돌,중앙선침범,건조,맑음,단일로 - 기타,화물,남,62세,상해없음,승용,여,48세,경상
2020101300100228,2020년 10월 13일 11시,화요일,울산광역시 울주군 범서읍,경상사고,0,0,2,0,차대차 - 추돌,안전운전불이행,건조,맑음,단일로 - 기타,승용,남,65세,상해없음,승용,남,37세,경상
2020101300100301,2020년 10월 13일 13시,화요일,울산광역시 북구 연암동,경상사고,0,0,1,0,차대차 - 측면충돌,중앙선침범,건조,맑음,단일로 - 기타,화물,남,52세,상해없음,승용,남,42세,경상
2020101300100302,2020년 10월 13일 13시,화요일,울산광역시 울주군 온양읍,경상사고,0,0,2,0,차대차 - 추돌,안전거리미확보,건조,맑음,단일로 - 기타,화물,남,67세,상해없음,승용,남,68세,경상
2020101300100331,2020년 10월 13일 14시,화요일,울산광역시 남구 신정동,경상사고,0,0,1,0,차량단독 - 기타,기타,건조,맑음,단일로 - 기타,승합,남,47세,상해없음,,,,
2020101300100332,2020년 10월 13일 14시,화요일,울산광역시 남구 달동,중상사고,0,1,0,0,차대차 - 기타,교차로운행방법위반,건조,맑음,교차로 - 교차로안,화물,남,55세,상해없음,자전거,남,63세,중상
2020101300100411,2020년 10월 13일 16시,화요일,울산광역시 북구 호계동,경상사고,0,0,1,1,차대사람 - 횡단중,신호위반,건조,맑음,교차로 - 교차로횡단보도내,이륜,남,27세,부상신고,보행자,여,6세,경상
2020101300100412,2020년 10월 13일 16시,화요일,울산광역시 남구 신정동,경상사고,0,0,1,0,차대차 - 측면충돌,안전운전불이행,건조,맑음,교차로 - 교차로안,승용,남,55세,상해없음,자전거,남,65세,경상
2020101300100413,2020년 10월 13일 16시,화요일,울산광역시 남구 야음동,경상사고,0,0,1,0,차대사람 - 기타,보행자보호의무위반,건조,맑음,교차로 - 교차로횡단보도내,승용,남,37세,상해없음,보행자,남,8세,경상
2020101300100414,2020년 10월 13일 16시,화요일,울산광역시 울주군 온산읍,경상사고,0,0,1,1,차대차 - 측면충돌,교차로운행방법위반,건조,맑음,교차로 - 교차로부근,특수,남,49세,부상신고,승용,남,70세,경상
2020101300100538,2020년 10월 13일 18시,화요일,울산광역시 남구 삼산동,경상사고,0,0,2,0,차대차 - 측면충돌,안전운전불이행,건조,맑음,교차로 - 교차로안,승합,남,54세,상해없음,승용,남,41세,상해없음
2020101300100539,2020년 10월 13일 18시,화요일,울산광역시 울주군 언양읍,중상사고,0,1,0,0,차대사람 - 횡단중,보행자보호의무위반,건조,맑음,단일로 - 기타,승용,여,41세,상해없음,보행자,여,44세,중상
2020101300100632,2020년 10월 13일 21시,화요일,울산광역시 남구 무거동,경상사고,0,0,1,0,차대차 - 측면충돌,안전운전불이행,건조,기타,교차로 - 교차로안,승용,여,28세,기타불명,승용,남,56세,경상
2020101300100633,2020년 10월 13일 21시,화요일,울산광역시 동구 전하동,경상사고,0,0,3,0,차대차 - 측면충돌,신호위반,건조,맑음,교차로 - 교차로안,승용,여,57세,경상,승용,남,61세,경상
2020101300100671,2020년 10월 13일 23시,화요일,울산광역시 울주군 범서읍,중상사고,0,1,0,0,차대차 - 측면충돌,교차로운행방법위반,건조,맑음,교차로 - 교차로안,승용,남,30세,상해없음,개인형이동수단(PM),남,22세,중상
2020101400100186,2020년 10월 14일 10시,수요일,울산광역시 남구 달동,경상사고,0,0,1,0,차대차 - 기타,교차로운행방법위반,건조,맑음,교차로 - 교차로안,승용,남,68세,상해없음,승용,여,32세,경상
2020101400100228,2020년 10월 14일 11시,수요일,울산광역시 울주군 상북면,중상사고,0,1,1,0,차대차 - 기타,안전운전불이행,건조,맑음,단일로 - 터널,화물,남,35세,중상,화물,남,68세,경상
2020101400100258,2020년 10월 14일 12시,수요일,울산광역시 중구 약사동,중상사고,0,1,0,0,차대차 - 측면충돌,신호위반,건조,맑음,교차로 - 교차로횡단보도내,승용,남,72세,상해없음,이륜,남,69세,중상
2020101400100354,2020년 10월 14일 15시,수요일,울산광역시 울주군 온양읍,경상사고,0,0,1,0,차대차 - 후진중충돌,중앙선침범,건조,맑음,단일로 - 지하차도(도로)내,건설기계,남,68세,상해없음,승용,여,60세,경상
2020101400100393,2020년 10월 14일 16시,수요일,울산광역시 울주군 삼남면,경상사고,0,0,1,0,차대차 - 측면충돌,안전거리미확보,건조,맑음,단일로 - 기타,화물,남,46세,상해없음,화물,남,51세,경상
2020101400100494,2020년 10월 14일 18시,수요일,울산광역시 남구 선암동,중상사고,0,1,0,0,차대차 - 측면충돌,차로위반,건조,맑음,단일로 - 기타,화물,남,51세,상해없음,승용,여,28세,중상
2020101400100576,2020년 10월 14일 20시,수요일,울산광역시 남구 달동,경상사고,0,0,1,0,차대사람 - 기타,안전운전불이행,건조,맑음,단일로 - 기타,자전거,여,23세,상해없음,보행자,여,64세,경상
2020101400100603,2020년 10월 14일 21시,수요일,울산광역시 남구 신정동,경상사고,0,0,1,0,차대차 - 측면충돌,교차로운행방법위반,건조,맑음,교차로 - 교차로안,승용,남,56세,상해없음,자전거,남,55세,경상
2020101500100122,2020년 10월 15일 08시,목요일,울산광역시 북구 천곡동,중상사고,0,1,1,0,차대사람 - 기타,신호위반,건조,맑음,교차로 - 교차로안,자전거,남,16세,경상,보행자,여,44세,중상
2020101500100123,2020년 10월 15일 08시,목요일,울산광역시 동구 방어동,중상사고,0,1,0,0,차대차 - 측면충돌,직진우회전진행방해,건조,맑음,교차로 - 교차로안,승용,여,37세,기타불명,승용,남,44세,중상
2020101500100159,2020년 10월 15일 09시,목요일,울산광역시 동구 방어동,경상사고,0,0,1,0,차대차 - 추돌,안전운전불이행,건조,맑음,교차로 - 교차로부근,승용,여,59세,상해없음,승용,남,71세,상해없음
2020101500100160,2020년 10월 15일 09시,목요일,울산광역시 동구 방어동,경상사고,0,0,1,0,차량단독 - 기타,안전운전불이행,건조,맑음,기타 - 기타,승용,여,29세,경상,,,,
2020101500100234,2020년 10월 15일 11시,목요일,울산광역시 남구 야음동,경상사고,0,0,2,0,차대차 - 후진중충돌,안전운전불이행,건조,맑음,단일로 - 기타,승용,여,43세,상해없음,승용,여,63세,경상
2020101500100275,2020년 10월 15일 12시,목요일,울산광역시 남구 달동,경상사고,0,0,1,0,차대차 - 후진중충돌,안전운전불이행,건조,맑음,단일로 - 기타,승용,여,64세,상해없음,화물,남,31세,경상
2020101500100315,2020년 10월 15일 13시,목요일,울산광역시 북구 진장동,중상사고,0,1,0,0,차대차 - 측면충돌,안전거리미확보,건조,맑음,단일로 - 기타,승용,여,49세,상해없음,이륜,남,41세,중상
2020101500100324,2020년 10월 15일 14시,목요일,울산광역시 울주군 언양읍,경상사고,0,0,3,0,차대차 - 측면충돌,안전운전불이행,건조,맑음,단일로 - 기타,승용,남,61세,경상,승용,남,52세,경상
2020101500100435,2020년 10월 15일 16시,목요일,울산광역시 북구 상안동,부상신고사고,0,0,0,1,차대차 - 측면충돌,안전운전불이행,건조,맑음,단일로 - 기타,자전거,여,61세,부상신고,화물,여,44세,상해없음
2020101500100436,2020년 10월 15일 16시,목요일,울산광역시 남구 달동,경상사고,0,0,1,0,차대차 - 기타,안전운전불이행,건조,맑음,교차로 - 교차로부근,승용,남,61세,상해없음,자전거,남,19세,경상
2020101500100437,2020년 10월 15일 16시,목요일,울산광역시 남구 달동,중상사고,0,1,0,0,차대사람 - 기타,안전거리미확보,건조,맑음,단일로 - 기타,승합,남,42세,상해없음,보행자,여,62세,중상
2020101500100495,2020년 10월 15일 17시,목요일,울산광역시 동구 일산동,경상사고,0,0,1,0,차대차 - 측면충돌,신호위반,건조,맑음,교차로 - 교차로부근,승용,남,58세,상해없음,자전거,남,40세,경상
2020101500100665,2020년 10월 15일 21시,목요일,울산광역시 동구 서부동,경상사고,0,0,1,0,차대차 - 측면충돌,신호위반,건조,맑음,교차로 - 교차로안,승용,남,67세,상해없음,승용,남,39세,경상
2020101500100689,2020년 10월 15일 22시,목요일,울산광역시 북구 신천동,중상사고,0,1,0,0,차대사람 - 횡단중,신호위반,건조,맑음,교차로 - 교차로안,화물,남,55세,상해없음,보행자,남,58세,중상
2020101500100701,2020년 10월 15일 23시,목요일,울산광역시 중구 우정동,중상사고,0,1,0,0,차대사람 - 횡단중,안전운전불이행,건조,맑음,단일로 - 기타,승용,남,58세,상해없음,보행자,남,51세,중상
2020101600100031,2020년 10월 16일 03시,금요일,울산광역시 중구 복산동,경상사고,0,0,4,0,차대차 - 기타,안전운전불이행,건조,맑음,교차로 - 교차로부근,승용,남,58세,상해없음,화물,남,78세,상해없음
2020101600100047,2020년 10월 16일 05시,금요일,울산광역시 북구 진장동,경상사고,0,0,1,0,차대차 - 기타,안전운전불이행,건조,맑음,교차로 - 교차로부근,승용,여,57세,기타불명,이륜,남,26세,경상