사고번호,사고일시,요일,시군구,사고내용,사망자수,중상자수,경상자수,부상신고자수,사고유형,법규위반,노면상태,기상상태,도로형태,가해운전자 차종,가해운전자 성별,가해운전자 연령,가해운전자 상해정도,피해운전자 차종,피해운전자 성별,피해운전자 연령,피해운전자 상해정도
2020102700100066,2020년 10월 27일 06시,화요일,울산광역시 중구 우정동,경상사고,0,0,1,0,차대사람 - 기타,안전운전불이행,건조,맑음,단일로 - 기타,승용,남,60세,상해없음,보행자,여,48세,경상
2020102700100067,2020년 10월 27일 06시,화요일,울산광역시 울주군 온산읍,중상사고,0,1,0,0,차대차 - 정면충돌,교차로운행방법위반,건조,맑음,교차로 - 교차로안,승용,여,60세,상해없음,자전거,남,38세,중상
2020102700100160,2020년 10월 27일 09시,화요일,울산광역시 북구 진장동,경상사고,0,0,2,0,차대차 - 추돌,안전운전불이행,건조,맑음,단일로 - 고가도로위,승용,남,36세,상해없음,승용,남,62세,경상
2020102700100268,2020년 10월 27일 12시,화요일,울산광역시 남구 무거동,경상사고,0,0,2,0,차대차 - 추돌,안전운전불이행,건조,맑음,교차로 - 교차로부근,화물,남,54세,상해없음,승용,여,58세,경상
2020102700100347,2020년 10월 27일 14시,화요일,울산광역시 북구 송정동,경상사고,0,0,3,0,차대차 - 추돌,안전운전불이행,건조,맑음,교차로 - 교차로부근,승합,남,59세,상해없음,승용,남,32세,경상
2020102700100348,2020년 10월 27일 14시,화요일,울산광역시 남구 달동,경상사고,0,0,5,0,차대차 - 측면충돌,안전운전불이행,건조,맑음,교차로 - 교차로부근,승용,여,61세,경상,승용,남,20세,경상
2020102700100471,2020년 10월 27일 17시,화요일,울산광역시 북구 진장동,경상사고,0,0,1,0,차대차 - 측면충돌,안전운전불이행,건조,맑음,교차로 - 교차로부근,승용,여,54세,상해없음,이륜,남,36세,경상
2020102700100536,2020년 10월 27일 18시,화요일,울산광역시 울주군 청량읍,부상신고사고,0,0,0,1,차량단독 - 전도전복 - 전도,안전운전불이행,건조,맑음,교차로 - 교차로안,이륜,남,43세,부상신고,,,,
2020102700100537,2020년 10월 27일 18시,화요일,울산광역시 울주군 삼동면,중상사고,0,1,0,0,차대사람 - 횡단중,보행자보호의무위반,건조,맑음,교차로 - 교차로횡단보도내,승용,여,66세,상해없음,보행자,여,54세,중상
2020102800100133,2020년 10월 28일 08시,수요일,울산광역시 북구 명촌동,경상사고,0,0,1,0,차대사람 - 기타,기타,건조,맑음,교차로 - 교차로부근,기타불명,기타불명,미분류,기타불명,보행자,남,13세,경상
2020102800100145,2020년 10월 28일 09시,수요일,울산광역시 울주군 두동면,사망사고,1,1,0,0,차대차 - 추돌,안전운전불이행,건조,맑음,단일로 - 기타,특수,남,67세,사망,화물,남,53세,중상
2020102800100253,2020년 10월 28일 11시,수요일,울산광역시 동구 서부동,경상사고,0,0,1,0,차대차 - 정면충돌,안전운전불이행,건조,맑음,교차로 - 교차로부근,승용,남,45세,상해없음,승용,남,21세,경상
2020102800100254,2020년 10월 28일 11시,수요일,울산광역시 동구 서부동,중상사고,0,1,0,0,차대차 - 정면충돌,신호위반,건조,맑음,교차로 - 교차로부근,승용,여,75세,상해없음,이륜,남,35세,중상
2020102800100255,2020년 10월 28일 11시,수요일,울산광역시 북구 산하동,경상사고,0,0,2,0,차대차 - 측면충돌,안전운전불이행,건조,맑음,단일로 - 기타,화물,남,56세,상해없음,승용,여,39세,경상
2020102800100440,2020년 10월 28일 16시,수요일,울산광역시 남구 무거동,경상사고,0,0,1,0,차대차 - 기타,안전운전불이행,건조,맑음,교차로 - 교차로안,승용,여,53세,상해없음,자전거,남,10세,경상
2020102800100594,2020년 10월 28일 19시,수요일,울산광역시 울주군 삼남면,경상사고,0,0,1,0,차대사람 - 보도통행중,안전운전불이행,건조,맑음,단일로 - 고가도로위,자전거,남,48세,상해없음,보행자,남,27세,경상
2020102800100652,2020년 10월 28일 21시,수요일,울산광역시 남구 야음동,중상사고,0,1,0,0,차대사람 - 횡단중,안전운전불이행,건조,맑음,교차로 - 교차로부근,승용,남,51세,상해없음,보행자,남,65세,중상
2020102900100046,2020년 10월 29일 04시,목요일,울산광역시 중구 우정동,부상신고사고,0,0,0,1,차량단독 - 공작물충돌,안전운전불이행,건조,맑음,단일로 - 기타,승용,남,29세,부상신고,,,,
2020102900100071,2020년 10월 29일 06시,목요일,울산광역시 북구 상안동,경상사고,0,0,1,0,차대차 - 측면충돌,안전운전불이행,건조,맑음,교차로 - 교차로부근,승용,남,22세,상해없음,승용,남,55세,경상
2020102900100072,2020년 10월 29일 06시,목요일,울산광역시 동구 일산동,경상사고,0,0,3,0,차대차 - 추돌,안전운전불이행,건조,맑음,단일로 - 기타,이륜,남,40세,상해없음,승용,남,63세,경상
2020102900100140,2020년 10월 29일 08시,목요일,울산광역시 북구 양정동,경상사고,0,0,2,0,차대차 - 추돌,안전운전불이행,건조,맑음,교차로 - 교차로부근,승용,여,26세,상해없음,이륜,남,42세,경상
2020102900100141,2020년 10월 29일 08시,목요일,울산광역시 북구 양정동,경상사고,0,0,2,0,차대차 - 추돌,안전운전불이행,건조,맑음,교차로 - 교차로부근,승용,남,23세,상해없음,승용,남,71세,경상
2020102900100290,2020년 10월 29일 12시,목요일,울산광역시 남구 달동,경상사고,0,0,2,0,차대차 - 후진중충돌,안전운전불이행,건조,맑음,교차로 - 교차로부근,승용,여,45세,상해없음,승용,여,60세,경상
2020102900100328,2020년 10월 29일 13시,목요일,울산광역시 중구 반구동,경상사고,0,0,1,0,차대차 - 측면충돌,안전운전불이행,건조,맑음,단일로 - 기타,승용,여,42세,상해없음,자전거,여,59세,경상
2020102900100371,2020년 10월 29일 14시,목요일,울산광역시 북구 연암동,경상사고,0,0,2,0,차대차 - 기타,중앙선침범,건조,맑음,단일로 - 기타,승용,남,67세,상해없음,승용,남,36세,경상
2020102900100404,2020년 10월 29일 15시,목요일,울산광역시 북구 진장동,경상사고,0,0,1,0,차대차 - 추돌,안전거리미확보,건조,맑음,단일로 - 기타,자전거,남,57세,경상,이륜,남,45세,상해없음
2020102900100617,2020년 10월 29일 19시,목요일,울산광역시 남구 삼산동,경상사고,0,0,1,0,차대사람 - 횡단중,보행자보호의무위반,건조,맑음,교차로 - 교차로안,승용,남,52세,상해없음,보행자,여,11세,경상
2020102900100652,2020년 10월 29일 20시,목요일,울산광역시 중구 다운동,경상사고,0,0,1,0,차대차 - 측면충돌,직진우회전진행방해,건조,맑음,교차로 - 교차로안,승용,남,50세,상해없음,이륜,남,30세,경상
2020102900100690,2020년 10월 29일 21시,목요일,울산광역시 중구 성안동,경상사고,0,0,1,0,차대사람 - 횡단중,안전운전불이행,건조,맑음,단일로 - 기타,승용,여,33세,상해없음,보행자,남,30세,경상
2020102900100691,2020년 10월 29일 21시,목요일,울산광역시 북구 염포동,경상사고,0,0,2,0,차대차 - 측면충돌,안전거리미확보,건조,맑음,단일로 - 기타,승용,남,37세,상해없음,승용,남,39세,경상
2020102900100715,2020년 10월 29일 22시,목요일,울산광역시 남구 삼산동,경상사고,0,0,4,0,차대차 - 기타,신호위반,건조,맑음,교차로 - 교차로안,승용,여,40세,경상,승용,남,53세,경상
2020103000100034,2020년 10월 30일 02시,금요일,울산광역시 울주군 언양읍,경상사고,0,0,1,0,차대차 - 추돌,안전운전불이행,건조,맑음,단일로 - 기타,승용,여,20세,상해없음,화물,남,54세,경상
2020103000100047,2020년 10월 30일 04시,금요일,울산광역시 중구 학산동,중상사고,0,1,0,0,차대사람 - 횡단중,안전운전불이행,건조,맑음,교차로 - 교차로횡단보도내,화물,남,63세,상해없음,보행자,여,85세,중상
2020103000100071,2020년 10월 30일 06시,금요일,울산광역시 울주군 온양읍,경상사고,0,0,1,0,차대차 - 추돌,안전운전불이행,건조,맑음,단일로 - 지하차도(도로)내,승용,남,29세,상해없음,승용,남,49세,경상
2020103000100102,2020년 10월 30일 07시,금요일,울산광역시 남구 야음동,중상사고,0,1,3,0,차대차 - 기타,신호위반,건조,맑음,교차로 - 교차로안,승합,남,48세,상해없음,승용,여,46세,경상
2020103000100187,2020년 10월 30일 09시,금요일,울산광역시 북구 송정동,중상사고,0,1,1,0,차대차 - 추돌,안전거리미확보,건조,맑음,단일로 - 기타,승용,남,30세,상해없음,화물,남,68세,상해없음
2020103000100221,2020년 10월 30일 10시,금요일,울산광역시 중구 복산동,경상사고,0,0,1,0,차대차 - 후진중충돌,안전운전불이행,건조,맑음,단일로 - 기타,승용,여,34세,상해없음,승용,여,53세,경상
2020103000100346,2020년 10월 30일 13시,금요일,울산광역시 남구 삼산동,경상사고,0,0,1,0,차대차 - 기타,안전운전불이행,건조,맑음,단일로 - 기타,승용,여,66세,상해없음,화물,남,59세,상해없음
2020103000100482,2020년 10월 30일 16시,금요일,울산광역시 북구 상안동,부상신고사고,0,0,0,1,차대차 - 기타,신호위반,건조,맑음,교차로 - 교차로안,이륜,남,38세,부상신고,승용,남,63세,상해없음
2020103000100529,2020년 10월 30일 17시,금요일,울산광역시 북구 중산동,경상사고,0,0,1,0,차대차 - 기타,신호위반,건조,맑음,교차로 - 교차로안,화물,남,54세,상해없음,승용,남,32세,경상
2020103000100615,2020년 10월 30일 18시,금요일,울산광역시 동구 서부동,경상사고,0,0,1,0,차대차 - 측면충돌,안전거리미확보,기타,맑음,단일로 - 기타,승용,여,51세,상해없음,승합,남,27세,경상
2020103100100053,2020년 10월 31일 03시,토요일,울산광역시 남구 삼산동,경상사고,0,0,1,0,차대차 - 측면충돌,안전운전불이행,건조,맑음,단일로 - 기타,승용,여,56세,상해없음,승용,남,27세,기타불명
2020103100100152,2020년 10월 31일 09시,토요일,울산광역시 남구 신정동,경상사고,0,0,1,0,차대차 - 기타,안전운전불이행,건조,맑음,교차로 - 교차로안,승용,남,41세,상해없음,자전거,남,84세,경상
2020103100100153,2020년 10월 31일 09시,토요일,울산광역시 동구 전하동,중상사고,0,1,1,0,차대차 - 측면충돌,기타,건조,맑음,교차로 - 교차로안,이륜,남,61세,중상,승용,남,39세,경상
2020103100100279,2020년 10월 31일 12시,토요일,울산광역시 울주군 언양읍,경상사고,0,0,1,0,차대사람 - 횡단중,보행자보호의무위반,건조,맑음,교차로 - 교차로횡단보도내,승용,남,29세,상해없음,보행자,남,9세,경상
2020103100100369,2020년 10월 31일 14시,토요일,울산광역시 울주군 서생면,경상사고,0,0,1,0,차대차 - 측면충돌,안전운전불이행,건조,맑음,교차로 - 교차로안,화물,남,61세,상해없음,이륜,남,43세,경상
2020103100100438,2020년 10월 31일 16시,토요일,울산광역시 중구 다운동,경상사고,0,0,1,0,차대차 - 기타,신호위반,건조,맑음,교차로 - 교차로횡단보도내,화물,남,73세,상해없음,자전거,남,49세,경상
2020103100100482,2020년 10월 31일 17시,토요일,울산광역시 북구 양정동,중상사고,0,1,0,0,차대차 - 정면충돌,신호위반,건조,맑음,교차로 - 교차로안,승용,남,41세,상해없음,이륜,남,32세,중상
2020103100100546,2020년 10월 31일 18시,토요일,울산광역시 중구 성남동,경상사고,0,0,1,0,차대사람 - 횡단중,안전운전불이행,건조,맑음,단일로 - 기타,승용,여,65세,상해없음,보행자,여,13세,경상
2020103100100547,2020년 10월 31일 18시,토요일,울산광역시 북구 중산동,중상사고,0,1,0,0,차대차 - 기타,교차로운행방법위반,건조,맑음,교차로 - 교차로안,기타불명,기타불명,미분류,기타불명,자전거,남,16세,중상
2020103100100592,2020년 10월 31일 19시,토요일,울산광역시 중구 남외동,경상사고,0,0,1,0,차대사람 - 길가장자리구역통행중,안전운전불이행,건조,맑음,단일로 - 기타,화물,남,59세,상해없음,보행자,여,76세,경상
2020103100100593,2020년 10월 31일 19시,토요일,울산광역시 남구 신정동,중상사고,0,1,2,0,차대차 - 기타,안전운전불이행,건조,맑음,교차로 - 교차로안,승합,남,69세,상해없음,승용,남,28세,중상
2020103100100624,2020년 10월 31일 20시,토요일,울산광역시 동구 주전동,중상사고,0,1,0,0,차대차 - 기타,직진우회전진행방해,건조,맑음,교차로 - 교차로안,농기계,남,64세,상해없음,이륜,남,42세,중상
2020103100100682,2020년 10월 31일 22시,토요일,울산광역시 남구 신정동,경상사고,0,0,3,0,차대차 - 추돌,안전운전불이행,건조,맑음,교차로 - 교차로부근,승용,남,40세,상해없음,승용,남,42세,경상
2020110100100032,2020년 11월 1일 02시,일요일,울산광역시 남구 삼산동,경상사고,0,0,3,0,차대차 - 추돌,안전운전불이행,건조,맑음,교차로 - 교차로부근,승용,남,25세,상해없음,승용,남,61세,경상
2020110100100060,2020년 11월 1일 04시,일요일,울산광역시 남구 달동,경상사고,0,0,1,0,차대차 - 추돌,안전운전불이행,건조,맑음,교차로 - 교차로부근,승용,남,22세,상해없음,승용,남,61세,경상
2020110100100099,2020년 11월 1일 08시,일요일,울산광역시 북구 연암동,중상사고,0,1,0,0,차대사람 - 횡단중,보행자보호의무위반,건조,맑음,단일로 - 기타,승용,남,34세,상해없음,보행자,여,52세,중상
2020110100100140,2020년 11월 1일 10시,일요일,울산광역시 중구 유곡동,경상사고,0,0,1,0,차대차 - 기타,안전운전불이행,건조,맑음,교차로 - 교차로안,자전거,남,72세,경상,승용,남,60세,상해없음
2020110100100194,2020년 11월 1일 12시,일요일,울산광역시 중구 서동,경상사고,0,0,1,0,차대차 - 측면충돌,안전운전불이행,건조,흐림,단일로 - 기타,승용,남,59세,상해없음,승용,여,33세,경상
2020110100100195,2020년 11월 1일 12시,일요일,울산광역시 남구 달동,중상사고,0,1,0,0,차대사람 - 기타,안전운전불이행,건조,흐림,단일로 - 기타,승용,남,26세,상해없음,보행자,여,54세,중상
2020110100100225,2020년 11월 1일 13시,일요일,울산광역시 남구 달동,경상사고,0,0,1,0,차대사람 - 횡단중,교차로운행방법위반,건조,맑음,교차로 - 교차로안,승용,여,53세,상해없음,보행자,여,65세,경상
2020110100100414,2020년 11월 1일 18시,일요일,울산광역시 울주군 서생면,경상사고,0,0,1,0,차대차 - 정면충돌,중앙선침범,건조,맑음,단일로 - 지하차도(도로)내,승용,남,57세,상해없음,승용,남,32세,경상
2020110100100500,2020년 11월 1일 21시,일요일,울산광역시 남구 달동,경상사고,0,0,2,0,차대차 - 기타,안전운전불이행,건조,맑음,교차로 - 교차로안,승용,남,62세,상해없음,승합,남,55세,경상
2020110100100501,2020년 11월 1일 21시,일요일,울산광역시 남구 달동,중상사고,0,1,0,0,차대차 - 기타,안전운전불이행,건조,맑음,교차로 - 교차로안,이륜,남,33세,중상,승용,남,46세,상해없음
2020110100100517,2020년 11월 1일 22시,일요일,울산광역시 남구 달동,경상사고,0,0,1,0,차대사람 - 길가장자리구역통행중,안전운전불이행,건조,맑음,주차장 - 주차장,승용,남,32세,상해없음,보행자,여,24세,경상
2020110200100017,2020년 11월 2일 01시,월요일,울산광역시 동구 서부동,경상사고,0,0,1,0,차대차 - 추돌,안전운전불이행,젖음/습기,흐림,단일로 - 기타,화물,남,71세,상해없음,승용,여,58세,경상
2020110200100019,2020년 11월 2일 02시,월요일,울산광역시 동구 일산동,경상사고,0,0,1,0,차대차 - 측면충돌,안전운전불이행,젖음/습기,비,단일로 - 기타,승용,남,38세,상해없음,승용,남,49세,경상
2020110200100027,2020년 11월 2일 03시,월요일,울산광역시 울주군 온산읍,중상사고,0,1,0,0,차량단독 - 공작물충돌,안전운전불이행,젖음/습기,흐림,교차로 - 교차로부근,승용,남,68세,중상,,,,
2020110200100138,2020년 11월 2일 08시,월요일,울산광역시 동구 일산동,경상사고,0,0,1,0,차대차 - 추돌,안전운전불이행,건조,맑음,교차로 - 교차로부근,이륜,남,64세,경상,승용,남,36세,상해없음
2020110200100579,2020년 11월 2일 19시,월요일,울산광역시 남구 신정동,부상신고사고,0,0,0,1,차대차 - 후진중충돌,안전운전불이행,건조,맑음,교차로 - 교차로부근,화물,남,54세,상해없음,승용,여,23세,부상신고
2020110200100654,2020년 11월 2일 22시,월요일,울산광역시 북구 천곡동,부상신고사고,0,0,0,1,차대사람 - 기타,안전운전불이행,건조,맑음,단일로 - 기타,자전거,남,15세,상해없음,보행자,여,42세,부상신고
2020110300100050,2020년 11월 3일 05시,화요일,울산광역시 울주군 언양읍,중상사고,0,1,0,0,차대차 - 정면충돌,중앙선침범,건조,맑음,단일로 - 기타,이륜,남,53세,중상,승합,남,70세,상해없음
2020110300100191,2020년 11월 3일 09시,화요일,울산광역시 동구 서부동,경상사고,0,0,1,0,차대차 - 측면충돌,불법유턴,건조,맑음,교차로 - 교차로횡단보도내,이륜,남,66세,경상,승용,여,52세,상해없음
2020110300100222,2020년 11월 3일 10시,화요일,울산광역시 남구 신정동,경상사고,0,0,2,0,차대차 - 측면충돌,안전운전불이행,건조,맑음,교차로 - 교차로안,승용,여,52세,경상,승용,남,31세,경상
2020110300100256,2020년 11월 3일 11시,화요일,울산광역시 북구 신천동,경상사고,0,0,1,0,차대차 - 측면충돌,신호위반,건조,맑음,교차로 - 교차로안,승용,여,28세,상해없음,승용,남,31세,경상
2020110300100355,2020년 11월 3일 14시,화요일,울산광역시 동구 전하동,경상사고,0,0,1,0,차대차 - 정면충돌,신호위반,건조,맑음,교차로 - 교차로안,승용,여,61세,상해없음,이륜,남,26세,경상
2020110300100356,2020년 11월 3일 14시,화요일,울산광역시 북구 연암동,경상사고,0,0,2,0,차대차 - 측면충돌,교차로운행방법위반,건조,맑음,교차로 - 교차로안,승용,남,52세,상해없음,승용,여,47세,경상
2020110300100399,2020년 11월 3일 15시,화요일,울산광역시 중구 우정동,경상사고,0,0,1,0,차대차 - 측면충돌,불법유턴,건조,맑음,교차로 - 교차로안,화물,남,63세,상해없음,승용,여,28세,경상
2020110300100443,2020년 11월 3일 16시,화요일,울산광역시 남구 신정동,경상사고,0,0,1,0,차대차 - 기타,안전운전불이행,건조,맑음,교차로 - 교차로부근,원동기,남,32세,경상,승용,여,31세,상해없음
2020110300100444,2020년 11월 3일 16시,화요일,울산광역시 남구 신정동,경상사고,0,0,2,0,차대차 - 추돌,안전운전불이행,건조,맑음,교차로 - 교차로부근,승용,남,67세,상해없음,승용,여,32세,경상
2020110300100559,2020년 11월 3일 18시,화요일,울산광역시 남구 신정동,중상사고,0,1,0,0,차대사람 - 횡단중,신호위반,건조,맑음,교차로 - 교차로횡단보도내,화물,남,57세,상해없음,보행자,여,57세,중상
2020110300100560,2020년 11월 3일 18시,화요일,울산광역시 동구 서부동,중상사고,0,1,0,0,차량단독 - 기타,안전운전불이행,건조,맑음,교차로 - 교차로부근,이륜,남,45세,중상,,,,
2020110300100561,2020년 11월 3일 18시,화요일,울산광역시 울주군 온산읍,중상사고,0,1,0,0,차대사람 - 횡단중,안전운전불이행,건조,맑음,단일로 - 기타,승용,남,40세,상해없음,보행자,남,56세,중상
2020110300100630,2020년 11월 3일 20시,화요일,울산광역시 남구 상개동,경상사고,0,0,1,0,차대차 - 정면충돌,안전운전불이행,건조,맑음,단일로 - 기타,이륜,남,51세,상해없음,자전거,남,52세,경상
2020110300100695,2020년 11월 3일 23시,화요일,울산광역시 울주군 온산읍,경상사고,0,0,1,0,차대사람 - 횡단중,보행자보호의무위반,건조,맑음,교차로 - 교차로횡단보도내,승용,남,61세,상해없음,보행자,남,44세,경상
2020110400100056,2020년 11월 4일 06시,수요일,울산광역시 북구 염포동,중상사고,0,1,0,0,차대차 - 측면충돌,신호위반,건조,맑음,교차로 - 교차로안,승용,남,60세,상해없음,원동기,남,36세,중상
2020110400100079,2020년 11월 4일 07시,수요일,울산광역시 동구 방어동,경상사고,0,0,1,0,차대차 - 측면충돌,안전운전불이행,건조,맑음,교차로 - 교차로안,승용,여,47세,상해없음,승용,남,27세,경상
2020110400100080,2020년 11월 4일 07시,수요일,울산광역시 울주군 온양읍,중상사고,0,1,2,0,차대차 - 정면충돌,중앙선침범,건조,맑음,기타 - 기타,승용,남,53세,상해없음,승용,여,43세,경상
2020110400100081,2020년 11월 4일 07시,수요일,울산광역시 북구 명촌동,경상사고,0,0,1,1,차대차 - 추돌,안전거리미확보,건조,맑음,단일로 - 기타,화물,남,42세,부상신고,승용,여,37세,경상
2020110400100146,2020년 11월 4일 08시,수요일,울산광역시 울주군 범서읍,경상사고,0,0,2,1,차대차 - 추돌,안전거리미확보,건조,맑음,단일로 - 기타,승용,남,42세,상해없음,승용,여,24세,부상신고
2020110400100189,2020년 11월 4일 09시,수요일,울산광역시 남구 무거동,경상사고,0,0,1,0,차대차 - 기타,안전거리미확보,건조,맑음,교차로 - 교차로안,승용,남,78세,상해없음,승용,남,39세,경상
2020110400100271,2020년 11월 4일 11시,수요일,울산광역시 남구 달동,경상사고,0,0,1,0,차대차 - 측면충돌,교차로운행방법위반,건조,맑음,교차로 - 교차로안,이륜,남,20세,경상,승용,남,50세,상해없음
2020110400100272,2020년 11월 4일 11시,수요일,울산광역시 울주군 서생면,중상사고,0,2,2,0,차대차 - 정면충돌,중앙선침범,건조,맑음,단일로 - 기타,승용,여,35세,경상,승합,남,39세,경상
2020110400100273,2020년 11월 4일 11시,수요일,울산광역시 북구 화봉동,중상사고,0,1,0,0,차대차 - 추돌,안전거리미확보,건조,맑음,단일로 - 기타,승용,여,35세,상해없음,화물,남,60세,중상
2020110400100356,2020년 11월 4일 13시,수요일,울산광역시 남구 야음동,경상사고,0,0,1,0,차량단독 - 기타,안전운전불이행,건조,맑음,단일로 - 지하차도(도로)내,승합,남,49세,상해없음,,,,
2020110400100659,2020년 11월 4일 20시,수요일,울산광역시 남구 신정동,부상신고사고,0,0,0,1,차대차 - 기타,안전운전불이행,건조,맑음,교차로 - 교차로부근,자전거,남,67세,부상신고,승용,남,32세,상해없음
2020110400100688,2020년 11월 4일 21시,수요일,울산광역시 북구 천곡동,경상사고,0,0,1,0,차대차 - 측면충돌,교차로운행방법위반,건조,맑음,교차로 - 교차로안,승용,남,28세,상해없음,승용,여,29세,경상
2020110400100689,2020년 11월 4일 21시,수요일,울산광역시 북구 천곡동,경상사고,0,0,1,0,차대차 - 후진중충돌,안전운전불이행,건조,맑음,교차로 - 교차로부근,승용,남,55세,상해없음,승용,여,28세,경상
2020110400100708,2020년 11월 4일 22시,수요일,울산광역시 중구 학산동,경상사고,0,0,1,0,차대사람 - 횡단중,안전운전불이행,건조,맑음,단일로 - 기타,승용,남,33세,상해없음,보행자,여,48세,경상
2020110400100723,2020년 11월 4일 23시,수요일,울산광역시 남구 달동,경상사고,0,0,1,0,차대사람 - 기타,안전운전불이행,건조,맑음,교차로 - 교차로안,승용,남,23세,상해없음,보행자,남,41세,경상
2020110500100026,2020년 11월 5일 01시,목요일,울산광역시 북구 화봉동,중상사고,0,1,1,0,차량단독 - 전도전복 - 전도,안전운전불이행,건조,맑음,단일로 - 기타,이륜,남,15세,경상,,,,
2020110500100088,2020년 11월 5일 07시,목요일,울산광역시 동구 일산동,경상사고,0,0,1,0,차대차 - 측면충돌,신호위반,건조,맑음,교차로 - 교차로안,화물,남,42세,상해없음,이륜,남,28세,경상
2020110500100089,2020년 11월 5일 07시,목요일,울산광역시 울주군 청량읍,중상사고,0,1,0,0,차대차 - 측면충돌,중앙선침범,건조,맑음,단일로 - 기타,승용,남,53세,상해없음,승용,남,56세,중상
2020110500100286,2020년 11월 5일 13시,목요일,울산광역시 중구 성남동,경상사고,0,0,1,0,차대사람 - 보도통행중,보행자보호의무위반,건조,맑음,교차로 - 교차로횡단보도내,승용,여,33세,상해없음,보행자,남,27세,경상
2020110500100434,2020년 11월 5일 17시,목요일,울산광역시 동구 서부동,중상사고,0,1,0,0,차대차 - 측면충돌,신호위반,기타,맑음,교차로 - 교차로부근,승용,남,67세,상해없음,이륜,남,19세,중상
2020110500100435,2020년 11월 5일 17시,목요일,울산광역시 동구 서부동,경상사고,0,0,1,0,차대차 - 측면충돌,안전운전불이행,건조,맑음,교차로 - 교차로안,승용,여,60세,경상,승용,남,73세,상해없음
2020110500100509,2020년 11월 5일 18시,목요일,울산광역시 북구 연암동,경상사고,0,0,1,0,차대차 - 측면충돌,신호위반,건조,맑음,교차로 - 교차로안,승용,여,47세,상해없음,승용,여,28세,경상
2020110500100558,2020년 11월 5일 19시,목요일,울산광역시 중구 학산동,경상사고,0,0,1,0,차대차 - 측면충돌,안전운전불이행,건조,맑음,교차로 - 교차로안,승합,남,52세,상해없음,화물,남,57세,기타불명
2020110500100620,2020년 11월 5일 21시,목요일,울산광역시 동구 화정동,경상사고,0,0,3,0,차대차 - 추돌,신호위반,건조,맑음,교차로 - 교차로안,승용,남,42세,상해없음,승용,여,22세,경상
2020110600100175,2020년 11월 6일 10시,금요일,울산광역시 중구 태화동,경상사고,0,0,1,0,차대차 - 추돌,안전운전불이행,건조,맑음,단일로 - 기타,화물,남,39세,상해없음,승용,여,54세,경상
2020110600100328,2020년 11월 6일 15시,금요일,울산광역시 북구 양정동,경상사고,0,0,1,0,차대사람 - 기타,안전운전불이행,건조,맑음,교차로 - 교차로부근,승용,남,81세,상해없음,보행자,여,69세,경상
2020110600100409,2020년 11월 6일 17시,금요일,울산광역시 중구 교동,중상사고,0,1,0,0,차대사람 - 차도통행중,안전운전불이행,건조,맑음,단일로 - 기타,승용,남,40세,상해없음,보행자,여,58세,중상
2020110600100410,2020년 11월 6일 17시,금요일,울산광역시 남구 신정동,경상사고,0,0,2,0,차대차 - 추돌,안전운전불이행,건조,맑음,단일로 - 지하차도(도로)내,승용,남,19세,상해없음,승용,남,57세,경상
2020110600100487,2020년 11월 6일 18시,금요일,울산광역시 동구 화정동,경상사고,0,0,1,0,차대차 - 측면충돌,안전운전불이행,건조,맑음,교차로 - 교차로안,이륜,남,61세,상해없음,이륜,남,26세,경상
2020110600100488,2020년 11월 6일 18시,금요일,울산광역시 북구 명촌동,경상사고,0,0,2,0,차대차 - 측면충돌,안전운전불이행,건조,맑음,단일로 - 교량,승용,남,55세,경상,화물,남,48세,경상
2020110600100600,2020년 11월 6일 21시,금요일,울산광역시 북구 상안동,중상사고,0,1,1,0,차대차 - 측면충돌,신호위반,건조,맑음,교차로 - 교차로안,이륜,남,19세,중상,승용,여,52세,경상
2020110600100652,2020년 11월 6일 23시,금요일,울산광역시 동구 전하동,중상사고,0,2,0,0,차대차 - 기타,안전운전불이행,기타,맑음,단일로 - 기타,이륜,남,22세,중상,이륜,남,36세,중상
2020110700100170,2020년 11월 7일 10시,토요일,울산광역시 남구 신정동,중상사고,0,1,0,0,차대사람 - 횡단중,안전운전불이행,건조,맑음,교차로 - 교차로부근,승용,여,47세,상해없음,보행자,남,63세,중상
2020110700100216,2020년 11월 7일 11시,토요일,울산광역시 남구 달동,경상사고,0,0,1,0,차대차 - 기타,안전운전불이행,건조,맑음,단일로 - 기타,승용,남,60세,상해없음,승용,남,23세,기타불명
2020110700100217,2020년 11월 7일 11시,토요일,울산광역시 북구 연암동,경상사고,0,0,2,0,차대차 - 기타,안전운전불이행,건조,맑음,단일로 - 기타,승용,남,54세,상해없음,화물,남,64세,상해없음
2020110700100262,2020년 11월 7일 12시,토요일,울산광역시 북구 명촌동,경상사고,0,0,1,0,차대차 - 기타,안전거리미확보,건조,맑음,단일로 - 기타,화물,남,74세,상해없음,승용,여,65세,경상
2020110700100297,2020년 11월 7일 13시,토요일,울산광역시 울주군 온산읍,중상사고,0,1,0,0,차대차 - 정면충돌,중앙선침범,건조,맑음,단일로 - 기타,승용,남,62세,상해없음,사륜오토바이(ATV),남,73세,중상
2020110700100344,2020년 11월 7일 14시,토요일,울산광역시 중구 태화동,부상신고사고,0,0,0,1,차대차 - 기타,안전운전불이행,건조,맑음,단일로 - 기타,자전거,남,17세,부상신고,승용,남,64세,상해없음
2020110700100345,2020년 11월 7일 14시,토요일,울산광역시 남구 무거동,경상사고,0,0,1,0,차대차 - 측면충돌,안전거리미확보,건조,맑음,교차로 - 교차로부근,승용,여,73세,상해없음,승용,여,40세,경상