사고번호,사고일시,요일,시군구,사고내용,사망자수,중상자수,경상자수,부상신고자수,사고유형,법규위반,노면상태,기상상태,도로형태,가해운전자 차종,가해운전자 성별,가해운전자 연령,가해운전자 상해정도,피해운전자 차종,피해운전자 성별,피해운전자 연령,피해운전자 상해정도
2020111600100548,2020년 11월 16일 18시,월요일,울산광역시 울주군 웅촌면,중상사고,0,1,0,0,차대차 - 기타,차로위반,건조,맑음,단일로 - 지하차도(도로)내,승용,남,29세,상해없음,승용,남,52세,상해없음
2020111600100589,2020년 11월 16일 19시,월요일,울산광역시 울주군 온양읍,중상사고,0,1,1,0,차대차 - 측면충돌,직진우회전진행방해,건조,맑음,교차로 - 교차로안,화물,남,24세,상해없음,승용,여,61세,중상
2020111600100647,2020년 11월 16일 21시,월요일,울산광역시 남구 달동,경상사고,0,0,1,0,차대차 - 측면충돌,안전운전불이행,건조,맑음,교차로 - 교차로안,승용,남,39세,상해없음,자전거,남,55세,경상
2020111700100023,2020년 11월 17일 02시,화요일,울산광역시 남구 달동,경상사고,0,0,1,0,차대차 - 추돌,안전운전불이행,건조,맑음,단일로 - 기타,승용,남,27세,상해없음,승용,남,46세,상해없음
2020111700100124,2020년 11월 17일 08시,화요일,울산광역시 남구 매암동,경상사고,0,0,2,0,차대차 - 추돌,안전거리미확보,건조,맑음,교차로 - 교차로부근,승용,남,30세,경상,승용,여,51세,경상
2020111700100246,2020년 11월 17일 12시,화요일,울산광역시 남구 달동,부상신고사고,0,0,0,1,차대사람 - 기타,안전운전불이행,건조,맑음,단일로 - 기타,화물,남,32세,상해없음,보행자,남,59세,부상신고
2020111700100272,2020년 11월 17일 13시,화요일,울산광역시 남구 용연동,중상사고,0,1,0,0,차대차 - 측면충돌,안전운전불이행,건조,맑음,단일로 - 기타,승용,남,65세,상해없음,승용,여,48세,중상
2020111700100273,2020년 11월 17일 13시,화요일,울산광역시 남구 무거동,경상사고,0,0,1,1,차대차 - 측면충돌,직진우회전진행방해,건조,맑음,교차로 - 교차로안,승용,남,65세,상해없음,승용,여,55세,경상
2020111700100274,2020년 11월 17일 13시,화요일,울산광역시 남구 달동,경상사고,0,0,1,0,차대차 - 기타,안전거리미확보,건조,맑음,단일로 - 기타,이륜,남,44세,상해없음,승합,남,53세,상해없음
2020111700100275,2020년 11월 17일 13시,화요일,울산광역시 울주군 두동면,경상사고,0,0,4,0,차대차 - 추돌,안전운전불이행,건조,맑음,단일로 - 기타,승용,여,55세,상해없음,승용,여,54세,경상
2020111700100438,2020년 11월 17일 17시,화요일,울산광역시 남구 달동,경상사고,0,0,1,0,차대사람 - 기타,안전운전불이행,건조,맑음,교차로 - 교차로부근,승용,여,26세,상해없음,보행자,남,23세,경상
2020111700100516,2020년 11월 17일 18시,화요일,울산광역시 중구 남외동,경상사고,0,0,1,0,차대사람 - 횡단중,안전운전불이행,건조,맑음,교차로 - 교차로안,승용,여,50세,상해없음,보행자,여,64세,경상
2020111700100517,2020년 11월 17일 18시,화요일,울산광역시 동구 서부동,중상사고,0,1,0,0,차대차 - 측면충돌,안전운전불이행,건조,맑음,교차로 - 교차로안,승합,여,63세,상해없음,이륜,남,32세,중상
2020111700100518,2020년 11월 17일 18시,화요일,울산광역시 북구 호계동,경상사고,0,0,2,0,차대차 - 기타,신호위반,건조,맑음,교차로 - 교차로안,승용,남,66세,상해없음,승용,남,19세,경상
2020111700100606,2020년 11월 17일 20시,화요일,울산광역시 남구 무거동,경상사고,0,0,2,0,차대차 - 측면충돌,안전거리미확보,건조,맑음,교차로 - 교차로부근,승용,여,52세,경상,화물,남,73세,경상
2020111700100607,2020년 11월 17일 20시,화요일,울산광역시 북구 진장동,경상사고,0,0,3,1,차대차 - 추돌,안전운전불이행,건조,맑음,단일로 - 기타,승용,남,37세,부상신고,승합,남,59세,경상
2020111700100663,2020년 11월 17일 23시,화요일,울산광역시 남구 신정동,경상사고,0,0,2,0,차대차 - 추돌,안전운전불이행,건조,맑음,교차로 - 교차로안,화물,남,60세,상해없음,승용,남,57세,경상
2020111800100069,2020년 11월 18일 06시,수요일,울산광역시 북구 중산동,중상사고,0,1,0,0,차대사람 - 횡단중,보행자보호의무위반,건조,흐림,교차로 - 교차로횡단보도내,승용,남,43세,상해없음,보행자,남,35세,중상
2020111800100102,2020년 11월 18일 07시,수요일,울산광역시 동구 전하동,경상사고,0,0,1,0,차량단독 - 전도전복 - 전도,안전운전불이행,젖음/습기,흐림,단일로 - 기타,이륜,남,27세,경상,,,,
2020111800100183,2020년 11월 18일 09시,수요일,울산광역시 남구 삼산동,중상사고,0,1,0,0,차대사람 - 기타,안전운전불이행,건조,맑음,단일로 - 기타,화물,남,66세,상해없음,보행자,남,71세,중상
2020111800100184,2020년 11월 18일 09시,수요일,울산광역시 남구 무거동,중상사고,0,1,0,0,차대사람 - 횡단중,보행자보호의무위반,건조,맑음,교차로 - 교차로횡단보도내,승용,여,34세,상해없음,보행자,여,75세,중상
2020111800100185,2020년 11월 18일 09시,수요일,울산광역시 남구 신정동,경상사고,0,0,1,0,차대차 - 측면충돌,교차로운행방법위반,건조,맑음,교차로 - 교차로안,승용,여,36세,상해없음,승용,여,30세,경상
2020111800100316,2020년 11월 18일 13시,수요일,울산광역시 동구 전하동,경상사고,0,0,1,0,차대차 - 측면충돌,안전운전불이행,건조,맑음,단일로 - 기타,이륜,남,38세,경상,승용,남,63세,상해없음
2020111800100345,2020년 11월 18일 14시,수요일,울산광역시 남구 신정동,부상신고사고,0,0,0,1,차대차 - 추돌,안전운전불이행,건조,맑음,단일로 - 기타,화물,남,49세,상해없음,자전거,남,77세,부상신고
2020111800100422,2020년 11월 18일 16시,수요일,울산광역시 울주군 온산읍,경상사고,0,0,1,0,차대차 - 측면충돌,안전운전불이행,건조,맑음,교차로 - 교차로부근,승용,여,59세,상해없음,화물,남,34세,경상
2020111800100471,2020년 11월 18일 17시,수요일,울산광역시 중구 반구동,경상사고,0,0,1,0,차대차 - 측면충돌,안전거리미확보,건조,맑음,단일로 - 기타,승용,남,71세,상해없음,승용,남,52세,경상
2020111800100472,2020년 11월 18일 17시,수요일,울산광역시 북구 천곡동,경상사고,0,0,1,0,차대차 - 후진중충돌,안전운전불이행,건조,흐림,단일로 - 기타,승용,남,52세,상해없음,이륜,남,21세,경상
2020111800100543,2020년 11월 18일 18시,수요일,울산광역시 북구 중산동,경상사고,0,0,1,0,차대차 - 측면충돌,안전운전불이행,건조,맑음,교차로 - 교차로안,승용,남,51세,상해없음,승용,남,57세,경상
2020111800100602,2020년 11월 18일 19시,수요일,울산광역시 남구 달동,경상사고,0,0,1,0,차대차 - 기타,안전운전불이행,젖음/습기,비,단일로 - 기타,승용,여,48세,상해없음,이륜,남,48세,경상
2020111800100625,2020년 11월 18일 20시,수요일,울산광역시 울주군 언양읍,부상신고사고,0,0,0,1,차대차 - 기타,교차로운행방법위반,젖음/습기,비,교차로 - 교차로안,승용,남,57세,상해없음,이륜,남,34세,부상신고
2020111800100626,2020년 11월 18일 20시,수요일,울산광역시 북구 명촌동,경상사고,0,0,1,0,차대차 - 정면충돌,안전운전불이행,젖음/습기,비,단일로 - 교량,화물,남,60세,상해없음,승용,여,31세,경상
2020111800100627,2020년 11월 18일 20시,수요일,울산광역시 북구 천곡동,중상사고,0,1,0,0,차대사람 - 횡단중,안전운전불이행,젖음/습기,비,교차로 - 교차로부근,승용,여,45세,상해없음,보행자,남,56세,중상
2020111800100681,2020년 11월 18일 22시,수요일,울산광역시 중구 태화동,중상사고,0,1,0,0,차량단독 - 기타,안전운전불이행,건조,맑음,단일로 - 기타,승용,남,60세,중상,,,,
2020111900100016,2020년 11월 19일 00시,목요일,울산광역시 남구 야음동,경상사고,0,0,1,0,차대사람 - 기타,안전운전불이행,젖음/습기,비,단일로 - 기타,승용,여,35세,상해없음,보행자,남,27세,경상
2020111900100045,2020년 11월 19일 03시,목요일,울산광역시 남구 야음동,경상사고,0,0,1,0,차대사람 - 기타,안전운전불이행,건조,맑음,교차로 - 교차로부근,기타불명,기타불명,미분류,기타불명,보행자,남,28세,경상
2020111900100095,2020년 11월 19일 06시,목요일,울산광역시 울주군 웅촌면,중상사고,0,2,1,0,차대차 - 기타,신호위반,젖음/습기,비,교차로 - 교차로안,이륜,남,76세,중상,승용,남,48세,경상
2020111900100134,2020년 11월 19일 07시,목요일,울산광역시 동구 서부동,경상사고,0,0,1,0,차대사람 - 횡단중,보행자보호의무위반,젖음/습기,비,교차로 - 교차로횡단보도내,승용,여,55세,상해없음,보행자,여,26세,경상
2020111900100267,2020년 11월 19일 10시,목요일,울산광역시 남구 야음동,경상사고,0,0,1,0,차대사람 - 기타,안전운전불이행,젖음/습기,비,교차로 - 교차로부근,승용,여,45세,기타불명,보행자,여,22세,경상
2020111900100268,2020년 11월 19일 10시,목요일,울산광역시 울주군 삼남면,경상사고,0,0,1,0,차대차 - 측면충돌,안전거리미확보,건조,맑음,단일로 - 기타,승합,남,59세,상해없음,승용,남,56세,상해없음
2020111900100368,2020년 11월 19일 13시,목요일,울산광역시 울주군 온산읍,중상사고,0,1,0,0,차대차 - 기타,신호위반,젖음/습기,맑음,교차로 - 교차로안,승용,남,27세,상해없음,승용,남,35세,중상
2020111900100430,2020년 11월 19일 15시,목요일,울산광역시 남구 달동,경상사고,0,0,1,0,차대사람 - 횡단중,보행자보호의무위반,젖음/습기,비,교차로 - 교차로횡단보도내,승용,남,34세,상해없음,보행자,여,51세,경상
2020111900100431,2020년 11월 19일 15시,목요일,울산광역시 북구 진장동,경상사고,0,0,1,0,차대차 - 기타,안전거리미확보,건조,맑음,단일로 - 기타,화물,남,54세,상해없음,승용,여,48세,경상
2020111900100432,2020년 11월 19일 15시,목요일,울산광역시 북구 효문동,경상사고,0,0,1,0,차대차 - 측면충돌,안전운전불이행,건조,흐림,교차로 - 교차로안,화물,남,61세,경상,특수,남,53세,상해없음
2020111900100465,2020년 11월 19일 16시,목요일,울산광역시 북구 호계동,중상사고,0,1,0,0,차대차 - 기타,직진우회전진행방해,건조,흐림,교차로 - 교차로안,승용,남,67세,상해없음,이륜,남,48세,중상
2020111900100510,2020년 11월 19일 17시,목요일,울산광역시 남구 무거동,중상사고,0,1,0,0,차대사람 - 횡단중,보행자보호의무위반,젖음/습기,비,교차로 - 교차로횡단보도내,화물,남,56세,상해없음,보행자,남,75세,중상
2020111900100511,2020년 11월 19일 17시,목요일,울산광역시 동구 전하동,경상사고,0,0,1,0,차대사람 - 횡단중,신호위반,젖음/습기,비,교차로 - 교차로안,원동기,남,63세,상해없음,보행자,여,43세,경상
2020111900100512,2020년 11월 19일 17시,목요일,울산광역시 북구 호계동,경상사고,0,0,4,0,차대차 - 기타,안전운전불이행,건조,맑음,단일로 - 기타,화물,남,64세,상해없음,승용,여,36세,경상
2020111900100567,2020년 11월 19일 18시,목요일,울산광역시 동구 일산동,경상사고,0,0,1,0,차대사람 - 차도통행중,안전운전불이행,건조,맑음,교차로 - 교차로부근,승용,남,65세,상해없음,보행자,남,54세,경상
2020111900100568,2020년 11월 19일 18시,목요일,울산광역시 울주군 웅촌면,경상사고,0,0,1,2,차대차 - 추돌,안전거리미확보,건조,맑음,단일로 - 지하차도(도로)내,승용,남,44세,경상,승용,여,68세,상해없음
2020111900100630,2020년 11월 19일 20시,목요일,울산광역시 중구 우정동,경상사고,0,0,1,0,차대차 - 측면충돌,직진우회전진행방해,건조,맑음,교차로 - 교차로부근,승용,여,59세,상해없음,승용,남,56세,경상
2020111900100631,2020년 11월 19일 20시,목요일,울산광역시 북구 연암동,중상사고,0,1,0,0,차량단독 - 공작물충돌,안전운전불이행,건조,맑음,단일로 - 기타,화물,남,44세,중상,,,,
2020111900100663,2020년 11월 19일 21시,목요일,울산광역시 남구 야음동,경상사고,0,0,1,0,차대차 - 측면충돌,직진우회전진행방해,건조,맑음,교차로 - 교차로안,화물,남,34세,상해없음,이륜,남,46세,경상
2020111900100698,2020년 11월 19일 23시,목요일,울산광역시 북구 호계동,중상사고,0,1,0,0,차대사람 - 횡단중,안전운전불이행,건조,맑음,교차로 - 교차로부근,승용,남,56세,상해없음,보행자,여,55세,중상
2020112000100052,2020년 11월 20일 04시,금요일,울산광역시 동구 화정동,중상사고,0,1,0,0,차대차 - 측면충돌,안전거리미확보,건조,맑음,단일로 - 기타,자전거,남,76세,중상,승용,여,51세,상해없음
2020112000100079,2020년 11월 20일 06시,금요일,울산광역시 남구 달동,경상사고,0,0,1,0,차대사람 - 차도통행중,교차로운행방법위반,건조,맑음,교차로 - 교차로부근,승용,남,59세,상해없음,보행자,여,60세,경상
2020112000100179,2020년 11월 20일 10시,금요일,울산광역시 울주군 범서읍,중상사고,0,1,0,0,차대사람 - 횡단중,안전운전불이행,건조,맑음,교차로 - 교차로부근,승용,남,58세,상해없음,보행자,여,41세,중상
2020112000100180,2020년 11월 20일 10시,금요일,울산광역시 북구 명촌동,경상사고,0,0,1,0,차대차 - 측면충돌,안전거리미확보,건조,맑음,단일로 - 고가도로위,승용,남,74세,상해없음,승합,남,52세,경상
2020112000100181,2020년 11월 20일 10시,금요일,울산광역시 북구 신천동,경상사고,0,0,1,0,차대차 - 측면충돌,안전운전불이행,건조,맑음,교차로 - 교차로안,승용,남,58세,상해없음,승용,남,32세,경상
2020112000100221,2020년 11월 20일 11시,금요일,울산광역시 동구 전하동,부상신고사고,0,0,0,1,차대사람 - 기타,안전운전불이행,건조,맑음,단일로 - 기타,자전거,남,71세,상해없음,보행자,여,42세,부상신고
2020112000100222,2020년 11월 20일 11시,금요일,울산광역시 북구 연암동,경상사고,0,0,1,1,차대차 - 추돌,신호위반,건조,맑음,교차로 - 교차로안,화물,남,46세,부상신고,승용,남,33세,경상
2020112000100299,2020년 11월 20일 13시,금요일,울산광역시 북구 구유동,경상사고,0,0,2,0,차대차 - 측면충돌,안전운전불이행,건조,맑음,단일로 - 기타,화물,남,53세,상해없음,승용,남,71세,경상
2020112000100410,2020년 11월 20일 16시,금요일,울산광역시 동구 화정동,중상사고,0,1,1,0,차대차 - 측면충돌,직진우회전진행방해,건조,맑음,교차로 - 교차로안,이륜,남,43세,경상,이륜,남,43세,중상
2020112000100474,2020년 11월 20일 17시,금요일,울산광역시 울주군 웅촌면,경상사고,0,0,1,0,차대차 - 기타,안전운전불이행,건조,맑음,교차로 - 교차로부근,건설기계,남,55세,상해없음,승용,여,50세,경상
2020112000100554,2020년 11월 20일 18시,금요일,울산광역시 동구 방어동,경상사고,0,0,1,0,차대차 - 기타,안전운전불이행,건조,맑음,교차로 - 교차로안,승용,남,26세,상해없음,원동기,남,30세,경상
2020112000100555,2020년 11월 20일 18시,금요일,울산광역시 울주군 범서읍,부상신고사고,0,0,0,2,차대사람 - 횡단중,안전운전불이행,건조,맑음,단일로 - 기타,화물,남,37세,부상신고,보행자,여,2세,부상신고
2020112000100603,2020년 11월 20일 19시,금요일,울산광역시 울주군 언양읍,부상신고사고,0,0,0,1,차대차 - 측면충돌,직진우회전진행방해,건조,맑음,교차로 - 교차로안,원동기,남,28세,부상신고,승합,남,42세,상해없음
2020112000100702,2020년 11월 20일 22시,금요일,울산광역시 남구 야음동,경상사고,0,0,2,0,차대차 - 추돌,안전운전불이행,건조,맑음,단일로 - 기타,승용,남,31세,상해없음,승용,남,68세,경상
2020112100100036,2020년 11월 21일 01시,토요일,울산광역시 중구 반구동,부상신고사고,0,0,0,1,차대사람 - 차도통행중,안전운전불이행,건조,맑음,단일로 - 기타,이륜,남,32세,부상신고,보행자,남,67세,상해없음
2020112100100055,2020년 11월 21일 03시,토요일,울산광역시 울주군 삼남면,중상사고,0,1,0,0,차대사람 - 차도통행중,안전운전불이행,건조,맑음,단일로 - 지하차도(도로)내,승용,남,49세,상해없음,보행자,남,59세,중상
2020112100100105,2020년 11월 21일 07시,토요일,울산광역시 북구 상안동,경상사고,0,0,4,0,차대차 - 기타,신호위반,건조,맑음,교차로 - 교차로안,화물,남,69세,경상,화물,남,33세,경상
2020112100100166,2020년 11월 21일 10시,토요일,울산광역시 중구 약사동,경상사고,0,0,2,0,차대차 - 기타,차로위반,건조,맑음,단일로 - 기타,승용,여,25세,상해없음,승용,남,35세,경상
2020112100100204,2020년 11월 21일 11시,토요일,울산광역시 중구 반구동,경상사고,0,0,1,0,차대차 - 기타,중앙선침범,건조,맑음,교차로 - 교차로안,승합,남,39세,상해없음,승용,남,66세,경상
2020112100100205,2020년 11월 21일 11시,토요일,울산광역시 울주군 삼동면,중상사고,0,1,0,0,차대차 - 기타,안전운전불이행,건조,맑음,단일로 - 기타,화물,남,54세,상해없음,자전거,남,51세,중상
2020112100100473,2020년 11월 21일 18시,토요일,울산광역시 동구 일산동,경상사고,0,0,1,0,차대차 - 추돌,안전운전불이행,건조,맑음,단일로 - 기타,승용,남,71세,상해없음,승용,남,57세,경상
2020112100100510,2020년 11월 21일 19시,토요일,울산광역시 동구 방어동,경상사고,0,0,2,0,차대차 - 정면충돌,안전운전불이행,건조,맑음,단일로 - 기타,승용,남,68세,상해없음,승용,여,45세,경상
2020112100100536,2020년 11월 21일 20시,토요일,울산광역시 동구 일산동,경상사고,0,0,1,0,차대차 - 측면충돌,기타,건조,맑음,교차로 - 교차로안,승용,남,53세,상해없음,승용,남,67세,상해없음
2020112100100559,2020년 11월 21일 21시,토요일,울산광역시 울주군 온산읍,경상사고,0,0,2,0,차대차 - 측면충돌,신호위반,건조,맑음,교차로 - 교차로안,이륜,남,64세,경상,승용,여,26세,경상
2020112100100599,2020년 11월 21일 23시,토요일,울산광역시 남구 무거동,경상사고,0,0,1,0,차대차 - 추돌,안전운전불이행,건조,맑음,단일로 - 기타,승용,남,48세,상해없음,승용,남,61세,상해없음
2020112100100600,2020년 11월 21일 23시,토요일,울산광역시 울주군 상북면,경상사고,0,0,3,0,차대차 - 측면충돌,안전운전불이행,건조,맑음,단일로 - 기타,승용,남,57세,상해없음,화물,남,63세,경상
2020112200100050,2020년 11월 22일 02시,일요일,울산광역시 중구 남외동,경상사고,0,0,1,0,차대차 - 측면충돌,안전운전불이행,건조,맑음,기타 - 기타,승용,남,30세,상해없음,승용,남,47세,경상
2020112200100051,2020년 11월 22일 02시,일요일,울산광역시 남구 신정동,중상사고,0,1,4,0,차대차 - 기타,안전운전불이행,건조,맑음,교차로 - 교차로부근,승용,여,45세,상해없음,승용,남,58세,경상
2020112200100163,2020년 11월 22일 12시,일요일,울산광역시 남구 신정동,경상사고,0,0,1,0,차대사람 - 횡단중,교차로운행방법위반,건조,기타,교차로 - 교차로안,승용,여,41세,상해없음,보행자,여,89세,경상
2020112200100189,2020년 11월 22일 13시,일요일,울산광역시 중구 복산동,경상사고,0,0,1,0,차대차 - 기타,안전운전불이행,젖음/습기,흐림,교차로 - 교차로부근,이륜,남,57세,경상,승용,남,68세,상해없음
2020112200100215,2020년 11월 22일 14시,일요일,울산광역시 남구 신정동,경상사고,0,0,2,0,차대차 - 측면충돌,안전운전불이행,건조,맑음,교차로 - 교차로안,승용,남,15세,상해없음,승용,남,34세,경상
2020112200100216,2020년 11월 22일 14시,일요일,울산광역시 울주군 두서면,중상사고,0,3,0,1,차대차 - 측면충돌,안전운전불이행,건조,맑음,교차로 - 교차로안,승용,남,51세,부상신고,승용,남,63세,중상
2020112200100242,2020년 11월 22일 15시,일요일,울산광역시 중구 다운동,중상사고,0,1,0,0,차대차 - 측면충돌,교차로운행방법위반,건조,맑음,교차로 - 교차로안,승용,남,50세,상해없음,자전거,남,69세,중상
2020112200100264,2020년 11월 22일 16시,일요일,울산광역시 남구 야음동,경상사고,0,0,1,0,차대차 - 추돌,안전운전불이행,건조,맑음,교차로 - 교차로부근,승용,남,41세,상해없음,승용,남,42세,경상
2020112200100379,2020년 11월 22일 20시,일요일,울산광역시 중구 유곡동,경상사고,0,0,3,0,차대차 - 기타,안전운전불이행,건조,맑음,단일로 - 기타,승용,여,50세,상해없음,승용,남,39세,경상
2020112200100428,2020년 11월 22일 23시,일요일,울산광역시 중구 약사동,경상사고,0,0,1,0,차대차 - 기타,안전거리미확보,건조,맑음,단일로 - 기타,승용,남,23세,상해없음,승용,남,36세,경상
2020112200100429,2020년 11월 22일 23시,일요일,울산광역시 남구 무거동,경상사고,0,0,1,0,차대차 - 추돌,안전운전불이행,건조,맑음,단일로 - 지하차도(도로)내,승용,남,37세,상해없음,승용,여,29세,경상
2020112200100430,2020년 11월 22일 23시,일요일,울산광역시 남구 무거동,경상사고,0,0,2,0,차대차 - 추돌,안전운전불이행,건조,맑음,단일로 - 기타,승용,남,51세,상해없음,승용,남,28세,경상
2020112300100051,2020년 11월 23일 06시,월요일,울산광역시 남구 신정동,경상사고,0,0,3,0,차대차 - 측면충돌,안전거리미확보,건조,맑음,단일로 - 기타,승용,남,68세,경상,승합,남,34세,경상
2020112300100265,2020년 11월 23일 12시,월요일,울산광역시 북구 중산동,중상사고,0,1,0,0,차대사람 - 횡단중,안전운전불이행,건조,맑음,교차로 - 교차로안,화물,여,46세,상해없음,보행자,여,24세,중상
2020112300100317,2020년 11월 23일 14시,월요일,울산광역시 울주군 언양읍,중상사고,0,1,1,0,차대차 - 측면충돌,안전거리미확보,건조,맑음,단일로 - 기타,특수,남,59세,상해없음,승용,남,29세,경상
2020112300100453,2020년 11월 23일 17시,월요일,울산광역시 동구 방어동,경상사고,0,0,1,0,차량단독 - 기타,안전운전불이행,건조,맑음,단일로 - 기타,승합,남,56세,기타불명,,,,
2020112300100595,2020년 11월 23일 21시,월요일,울산광역시 중구 옥교동,경상사고,0,0,2,0,차대차 - 측면충돌,안전운전불이행,건조,맑음,단일로 - 기타,승용,남,62세,상해없음,승용,남,51세,경상
2020112300100596,2020년 11월 23일 21시,월요일,울산광역시 남구 삼산동,경상사고,0,0,1,0,차대차 - 측면충돌,신호위반,건조,맑음,교차로 - 교차로안,승용,남,48세,상해없음,승용,여,33세,경상
2020112300100597,2020년 11월 23일 21시,월요일,울산광역시 남구 무거동,경상사고,0,0,2,0,차대차 - 측면충돌,안전운전불이행,건조,기타,단일로 - 기타,승용,여,28세,경상,승용,여,30세,경상
2020112400100110,2020년 11월 24일 08시,화요일,울산광역시 동구 방어동,중상사고,0,1,0,0,차대사람 - 횡단중,안전운전불이행,건조,맑음,단일로 - 기타,기타불명,기타불명,미분류,기타불명,보행자,여,13세,중상
2020112400100111,2020년 11월 24일 08시,화요일,울산광역시 북구 천곡동,중상사고,0,1,0,0,차대차 - 측면충돌,안전거리미확보,건조,맑음,단일로 - 기타,승용,여,37세,상해없음,승용,여,47세,중상
2020112400100112,2020년 11월 24일 08시,화요일,울산광역시 북구 호계동,중상사고,0,1,0,0,차대차 - 추돌,교차로운행방법위반,건조,맑음,교차로 - 교차로안,승용,여,36세,상해없음,이륜,남,52세,중상
2020112400100169,2020년 11월 24일 10시,화요일,울산광역시 중구 학산동,중상사고,0,1,2,0,차대차 - 추돌,안전운전불이행,건조,맑음,교차로 - 교차로부근,승용,남,66세,기타불명,화물,여,51세,경상
2020112400100198,2020년 11월 24일 11시,화요일,울산광역시 북구 진장동,경상사고,0,0,1,0,차대차 - 추돌,안전운전불이행,건조,맑음,교차로 - 교차로안,승용,남,60세,상해없음,승용,남,43세,상해없음
2020112400100299,2020년 11월 24일 14시,화요일,울산광역시 울주군 온양읍,경상사고,0,0,1,0,차대차 - 측면충돌,차로위반,건조,맑음,단일로 - 기타,농기계,남,60세,상해없음,승용,여,39세,경상
2020112400100347,2020년 11월 24일 15시,화요일,울산광역시 남구 옥동,경상사고,0,0,1,0,차대사람 - 기타,안전운전불이행,건조,맑음,교차로 - 교차로부근,승용,여,49세,상해없음,보행자,남,9세,경상
2020112400100348,2020년 11월 24일 15시,화요일,울산광역시 북구 진장동,경상사고,0,0,3,0,차대차 - 기타,안전운전불이행,건조,맑음,단일로 - 기타,승용,여,30세,상해없음,승용,남,60세,상해없음
2020112400100504,2020년 11월 24일 18시,화요일,울산광역시 울주군 온양읍,경상사고,0,0,1,0,차대차 - 측면충돌,중앙선침범,건조,맑음,단일로 - 기타,승용,남,59세,상해없음,원동기,남,31세,경상
2020112400100505,2020년 11월 24일 18시,화요일,울산광역시 북구 신천동,경상사고,0,0,1,0,차대사람 - 기타,안전운전불이행,건조,맑음,단일로 - 기타,승용,남,64세,상해없음,보행자,여,16세,경상
2020112400100618,2020년 11월 24일 22시,화요일,울산광역시 북구 신천동,경상사고,0,0,2,0,차대차 - 기타,차로위반,건조,맑음,단일로 - 기타,승용,남,71세,상해없음,화물,남,56세,상해없음
2020112500100014,2020년 11월 25일 01시,수요일,울산광역시 북구 신천동,중상사고,0,1,0,0,차대차 - 추돌,안전운전불이행,건조,맑음,교차로 - 교차로안,승용,남,47세,상해없음,화물,남,44세,중상
2020112500100030,2020년 11월 25일 05시,수요일,울산광역시 동구 방어동,경상사고,0,0,1,0,차대차 - 정면충돌,중앙선침범,건조,맑음,기타 - 기타,승용,여,23세,상해없음,승용,남,59세,경상
2020112500100106,2020년 11월 25일 08시,수요일,울산광역시 울주군 온산읍,경상사고,0,0,1,0,차대차 - 기타,교차로운행방법위반,건조,맑음,교차로 - 교차로안,승합,남,56세,상해없음,승용,남,47세,경상
2020112500100130,2020년 11월 25일 09시,수요일,울산광역시 북구 양정동,경상사고,0,0,1,0,차대차 - 추돌,안전운전불이행,건조,맑음,교차로 - 교차로부근,화물,남,26세,상해없음,승용,남,60세,경상
2020112500100209,2020년 11월 25일 11시,수요일,울산광역시 중구 옥교동,중상사고,0,1,1,0,차대차 - 기타,안전운전불이행,건조,맑음,기타 - 기타,자전거,남,66세,경상,자전거,남,81세,중상
2020112500100311,2020년 11월 25일 14시,수요일,울산광역시 울주군 두서면,경상사고,0,0,1,0,차대차 - 기타,안전운전불이행,건조,맑음,단일로 - 기타,화물,남,40세,경상,화물,남,51세,상해없음
2020112500100351,2020년 11월 25일 15시,수요일,울산광역시 동구 전하동,경상사고,0,0,1,0,차대사람 - 차도통행중,안전운전불이행,건조,맑음,단일로 - 기타,승용,여,72세,상해없음,보행자,여,44세,경상
2020112500100395,2020년 11월 25일 16시,수요일,울산광역시 남구 삼산동,중상사고,0,1,0,0,차대사람 - 횡단중,안전운전불이행,건조,맑음,단일로 - 기타,승용,여,35세,상해없음,보행자,여,62세,중상
2020112500100396,2020년 11월 25일 16시,수요일,울산광역시 울주군 언양읍,중상사고,0,1,0,0,차대사람 - 횡단중,안전운전불이행,건조,맑음,교차로 - 교차로부근,화물,남,69세,상해없음,보행자,여,67세,중상
2020112500100442,2020년 11월 25일 17시,수요일,울산광역시 북구 명촌동,중상사고,0,1,2,0,차대차 - 추돌,안전운전불이행,건조,맑음,단일로 - 기타,승용,여,26세,경상,승용,여,67세,중상
2020112500100506,2020년 11월 25일 18시,수요일,울산광역시 북구 중산동,중상사고,0,1,0,0,차대사람 - 횡단중,보행자보호의무위반,건조,맑음,단일로 - 기타,승용,남,29세,상해없음,보행자,여,14세,중상
2020112500100591,2020년 11월 25일 21시,수요일,울산광역시 동구 서부동,중상사고,0,1,0,0,차대차 - 측면충돌,안전운전불이행,건조,맑음,교차로 - 교차로부근,승용,남,66세,상해없음,이륜,남,34세,중상
2020112600100032,2020년 11월 26일 03시,목요일,울산광역시 중구 남외동,경상사고,0,0,1,0,차대차 - 추돌,안전운전불이행,건조,맑음,교차로 - 교차로부근,승용,남,31세,상해없음,특수,남,24세,경상