사고번호,사고일시,요일,시군구,사고내용,사망자수,중상자수,경상자수,부상신고자수,사고유형,법규위반,노면상태,기상상태,도로형태,가해운전자 차종,가해운전자 성별,가해운전자 연령,가해운전자 상해정도,피해운전자 차종,피해운전자 성별,피해운전자 연령,피해운전자 상해정도
2020112600100092,2020년 11월 26일 07시,목요일,울산광역시 동구 일산동,경상사고,0,0,2,0,차대차 - 측면충돌,기타,건조,맑음,교차로 - 교차로안,이륜,남,23세,경상,자전거,남,47세,경상
2020112600100148,2020년 11월 26일 09시,목요일,울산광역시 동구 화정동,경상사고,0,0,1,0,차대차 - 측면충돌,안전운전불이행,건조,흐림,기타 - 기타,승용,여,53세,상해없음,자전거,남,61세,경상
2020112600100149,2020년 11월 26일 09시,목요일,울산광역시 북구 산하동,경상사고,0,0,2,0,차대차 - 측면충돌,안전운전불이행,건조,맑음,교차로 - 교차로안,승용,여,55세,경상,승용,남,36세,경상
2020112600100199,2020년 11월 26일 11시,목요일,울산광역시 남구 신정동,경상사고,0,0,4,0,차대차 - 추돌,안전운전불이행,건조,맑음,단일로 - 기타,승용,남,39세,상해없음,승용,여,52세,경상
2020112600100262,2020년 11월 26일 13시,목요일,울산광역시 울주군 청량읍,경상사고,0,0,1,0,차대차 - 측면충돌,신호위반,건조,맑음,교차로 - 교차로안,승용,남,70세,상해없음,승합,남,59세,경상
2020112600100408,2020년 11월 26일 17시,목요일,울산광역시 울주군 서생면,중상사고,0,1,0,0,차대사람 - 차도통행중,안전운전불이행,건조,맑음,단일로 - 기타,승용,남,43세,상해없음,보행자,여,65세,중상
2020112600100584,2020년 11월 26일 21시,목요일,울산광역시 북구 양정동,경상사고,0,0,3,0,차대차 - 추돌,안전운전불이행,건조,맑음,기타 - 기타,승용,남,39세,상해없음,승합,남,47세,경상
2020112600100614,2020년 11월 26일 23시,목요일,울산광역시 중구 성안동,중상사고,0,1,0,0,차대차 - 기타,안전운전불이행,건조,맑음,교차로 - 교차로안,승용,남,38세,상해없음,개인형이동수단(PM),남,43세,중상
2020112700100113,2020년 11월 27일 09시,금요일,울산광역시 남구 달동,부상신고사고,0,0,0,1,차대차 - 기타,안전운전불이행,건조,맑음,교차로 - 교차로부근,이륜,남,37세,부상신고,승용,남,64세,상해없음
2020112700100114,2020년 11월 27일 09시,금요일,울산광역시 북구 창평동,경상사고,0,0,1,0,차대차 - 기타,안전거리미확보,건조,맑음,단일로 - 기타,승용,남,62세,상해없음,승용,남,55세,경상
2020112700100169,2020년 11월 27일 11시,금요일,울산광역시 남구 무거동,경상사고,0,0,1,0,차대차 - 측면충돌,안전운전불이행,건조,맑음,교차로 - 교차로안,승용,남,64세,상해없음,승용,여,32세,경상
2020112700100308,2020년 11월 27일 15시,금요일,울산광역시 중구 태화동,경상사고,0,0,1,1,차대차 - 정면충돌,안전운전불이행,건조,맑음,교차로 - 교차로안,이륜,남,19세,부상신고,승용,여,42세,경상
2020112700100309,2020년 11월 27일 15시,금요일,울산광역시 북구 호계동,경상사고,0,0,1,0,차대차 - 측면충돌,안전운전불이행,건조,맑음,단일로 - 기타,이륜,남,41세,경상,화물,남,63세,상해없음
2020112700100490,2020년 11월 27일 18시,금요일,울산광역시 중구 약사동,중상사고,0,1,0,0,차대차 - 측면충돌,안전운전불이행,건조,맑음,교차로 - 교차로안,승용,여,46세,상해없음,이륜,남,35세,중상
2020112700100491,2020년 11월 27일 18시,금요일,울산광역시 울주군 언양읍,경상사고,0,0,2,2,차대차 - 추돌,안전운전불이행,건조,기타,기타 - 기타,화물,남,59세,기타불명,승용,남,29세,경상
2020112700100492,2020년 11월 27일 18시,금요일,울산광역시 울주군 청량읍,경상사고,0,0,1,0,차대차 - 기타,안전거리미확보,건조,맑음,교차로 - 교차로부근,승용,남,27세,상해없음,이륜,남,42세,경상
2020112700100584,2020년 11월 27일 20시,금요일,울산광역시 북구 연암동,경상사고,0,0,2,0,차대차 - 추돌,안전운전불이행,건조,맑음,단일로 - 기타,승용,남,54세,상해없음,승용,여,41세,경상
2020112700100651,2020년 11월 27일 22시,금요일,울산광역시 동구 일산동,경상사고,0,0,2,0,차대차 - 측면충돌,교차로운행방법위반,건조,맑음,교차로 - 교차로안,승용,여,61세,상해없음,승용,여,29세,경상
2020112800100029,2020년 11월 28일 03시,토요일,울산광역시 중구 성안동,중상사고,0,1,1,0,차대차 - 측면충돌,신호위반,건조,맑음,교차로 - 교차로안,승용,남,53세,상해없음,승용,여,62세,중상
2020112800100053,2020년 11월 28일 07시,토요일,울산광역시 동구 방어동,중상사고,0,2,1,0,차대차 - 측면충돌,신호위반,건조,맑음,교차로 - 교차로안,이륜,남,31세,중상,승용,남,60세,경상
2020112800100098,2020년 11월 28일 09시,토요일,울산광역시 중구 반구동,중상사고,0,1,0,0,차량단독 - 공작물충돌,안전운전불이행,건조,맑음,교차로 - 교차로부근,승용,남,28세,중상,,,,
2020112800100100,2020년 11월 28일 09시,토요일,울산광역시 동구 방어동,중상사고,0,1,0,0,차대사람 - 보도통행중,안전운전불이행,기타,맑음,기타 - 기타,승용,여,60세,상해없음,보행자,여,78세,중상
2020112800100166,2020년 11월 28일 11시,토요일,울산광역시 울주군 온산읍,경상사고,0,0,1,0,차대차 - 기타,안전운전불이행,건조,맑음,교차로 - 교차로부근,이륜,남,39세,경상,승용,남,46세,상해없음
2020112800100200,2020년 11월 28일 12시,토요일,울산광역시 남구 신정동,경상사고,0,0,1,0,차대차 - 측면충돌,안전운전불이행,건조,맑음,교차로 - 교차로안,승용,남,50세,상해없음,자전거,여,81세,경상
2020112800100338,2020년 11월 28일 15시,토요일,울산광역시 북구 호계동,중상사고,0,1,0,0,차대사람 - 횡단중,안전운전불이행,건조,맑음,단일로 - 기타,화물,남,45세,상해없음,보행자,여,13세,중상
2020112800100458,2020년 11월 28일 18시,토요일,울산광역시 북구 매곡동,중상사고,0,2,0,0,차대차 - 측면충돌,중앙선침범,건조,맑음,단일로 - 기타,이륜,남,46세,중상,이륜,남,34세,중상
2020112800100572,2020년 11월 28일 22시,토요일,울산광역시 울주군 온산읍,중상사고,0,1,0,0,차대차 - 측면충돌,직진우회전진행방해,건조,맑음,교차로 - 교차로안,승용,남,31세,상해없음,이륜,남,24세,중상
2020112800100585,2020년 11월 28일 23시,토요일,울산광역시 중구 성안동,경상사고,0,0,4,0,차대차 - 정면충돌,중앙선침범,건조,맑음,단일로 - 기타,승용,남,34세,상해없음,승용,남,52세,경상
2020112800100586,2020년 11월 28일 23시,토요일,울산광역시 동구 전하동,경상사고,0,0,1,0,차량단독 - 공작물충돌,안전운전불이행,건조,맑음,교차로 - 교차로부근,승용,남,46세,경상,,,,
2020112900100029,2020년 11월 29일 01시,일요일,울산광역시 남구 삼산동,중상사고,0,1,0,0,차대차 - 측면충돌,안전운전불이행,건조,맑음,교차로 - 교차로안,승용,남,29세,상해없음,승용,남,50세,상해없음
2020112900100030,2020년 11월 29일 01시,일요일,울산광역시 북구 호계동,중상사고,0,1,0,0,차대차 - 기타,직진우회전진행방해,건조,맑음,교차로 - 교차로안,승용,남,63세,상해없음,이륜,남,60세,중상
2020112900100045,2020년 11월 29일 03시,일요일,울산광역시 울주군 서생면,경상사고,0,0,1,0,차량단독 - 전도전복 - 전도,안전운전불이행,젖음/습기,맑음,단일로 - 기타,승용,남,22세,경상,,,,
2020112900100142,2020년 11월 29일 12시,일요일,울산광역시 중구 서동,중상사고,0,1,0,0,차대차 - 기타,기타,건조,맑음,단일로 - 기타,이륜,남,36세,중상,승합,남,59세,상해없음
2020112900100143,2020년 11월 29일 12시,일요일,울산광역시 울주군 언양읍,중상사고,0,1,1,0,차대차 - 기타,안전운전불이행,건조,맑음,단일로 - 기타,승용,남,67세,경상,이륜,남,42세,중상
2020112900100195,2020년 11월 29일 14시,일요일,울산광역시 북구 진장동,중상사고,0,1,0,0,차대차 - 추돌,안전운전불이행,건조,맑음,단일로 - 교량,승용,여,46세,상해없음,승용,남,66세,중상
2020112900100207,2020년 11월 29일 15시,일요일,울산광역시 울주군 언양읍,경상사고,0,0,2,0,차대차 - 측면충돌,안전거리미확보,건조,맑음,단일로 - 기타,승용,남,57세,상해없음,승용,남,56세,경상
2020112900100251,2020년 11월 29일 16시,일요일,울산광역시 울주군 범서읍,중상사고,0,1,1,0,차대차 - 측면충돌,신호위반,건조,맑음,교차로 - 교차로안,사륜오토바이(ATV),남,54세,중상,승용,남,41세,경상
2020112900100333,2020년 11월 29일 19시,일요일,울산광역시 중구 장현동,중상사고,0,1,2,0,차대차 - 측면충돌,직진우회전진행방해,건조,맑음,교차로 - 교차로안,이륜,남,50세,중상,승용,여,45세,경상
2020112900100334,2020년 11월 29일 19시,일요일,울산광역시 동구 방어동,경상사고,0,0,1,0,차대사람 - 횡단중,안전운전불이행,건조,맑음,교차로 - 교차로부근,원동기,남,40세,상해없음,보행자,남,57세,경상
2020112900100335,2020년 11월 29일 19시,일요일,울산광역시 울주군 언양읍,중상사고,0,1,0,0,차대차 - 측면충돌,안전운전불이행,건조,맑음,단일로 - 기타,승용,남,55세,상해없음,이륜,남,34세,중상
2020113000100016,2020년 11월 30일 01시,월요일,울산광역시 남구 달동,경상사고,0,0,1,0,차대차 - 추돌,안전운전불이행,건조,맑음,교차로 - 교차로부근,승용,남,36세,상해없음,승용,남,22세,상해없음
2020113000100252,2020년 11월 30일 12시,월요일,울산광역시 중구 태화동,경상사고,0,0,1,0,차대사람 - 차도통행중,안전운전불이행,건조,맑음,단일로 - 기타,승용,여,63세,상해없음,보행자,남,65세,경상
2020113000100287,2020년 11월 30일 13시,월요일,울산광역시 동구 서부동,경상사고,0,0,1,0,차대사람 - 보도통행중,안전운전불이행,건조,맑음,주차장 - 주차장,승용,여,40세,상해없음,보행자,여,78세,경상
2020113000100326,2020년 11월 30일 14시,월요일,울산광역시 남구 무거동,중상사고,0,1,0,0,차대사람 - 횡단중,보행자보호의무위반,건조,맑음,교차로 - 교차로안,승용,여,41세,상해없음,보행자,여,61세,중상
2020113000100335,2020년 11월 30일 15시,월요일,울산광역시 울주군 범서읍,경상사고,0,0,1,0,차대차 - 기타,안전운전불이행,건조,맑음,단일로 - 기타,화물,남,66세,상해없음,화물,남,53세,경상
2020113000100461,2020년 11월 30일 17시,월요일,울산광역시 북구 신천동,경상사고,0,0,1,0,차대차 - 기타,안전운전불이행,건조,맑음,단일로 - 기타,승용,여,51세,상해없음,승용,여,53세,경상
2020113000100524,2020년 11월 30일 18시,월요일,울산광역시 동구 서부동,경상사고,0,0,1,0,차대차 - 측면충돌,안전운전불이행,건조,맑음,교차로 - 교차로안,승용,여,56세,상해없음,승용,여,46세,경상
2020113000100567,2020년 11월 30일 19시,월요일,울산광역시 남구 달동,경상사고,0,0,1,0,차대차 - 후진중충돌,안전운전불이행,건조,맑음,단일로 - 기타,화물,여,62세,상해없음,승용,여,27세,경상
2020113000100589,2020년 11월 30일 20시,월요일,울산광역시 울주군 언양읍,경상사고,0,0,1,0,차대차 - 추돌,안전운전불이행,건조,맑음,단일로 - 기타,화물,남,47세,상해없음,승용,여,53세,경상
2020113000100615,2020년 11월 30일 21시,월요일,울산광역시 남구 삼산동,사망사고,1,0,1,0,차대차 - 측면충돌,신호위반,건조,맑음,교차로 - 교차로안,승용,남,66세,상해없음,이륜,남,40세,사망
2020120100100024,2020년 12월 1일 05시,화요일,울산광역시 북구 진장동,중상사고,0,1,0,0,차대차 - 측면충돌,안전운전불이행,건조,맑음,교차로 - 교차로횡단보도내,승용,남,58세,상해없음,자전거,남,44세,중상
2020120100100045,2020년 12월 1일 06시,화요일,울산광역시 북구 염포동,경상사고,0,0,1,0,차대차 - 기타,안전거리미확보,건조,맑음,단일로 - 기타,승용,남,45세,상해없음,이륜,남,28세,경상
2020120100100072,2020년 12월 1일 07시,화요일,울산광역시 북구 연암동,중상사고,0,1,0,0,차대차 - 측면충돌,신호위반,건조,맑음,교차로 - 교차로안,화물,남,56세,상해없음,이륜,남,33세,중상
2020120100100118,2020년 12월 1일 08시,화요일,울산광역시 중구 태화동,중상사고,0,1,1,0,차대차 - 기타,안전운전불이행,건조,맑음,교차로 - 교차로안,승용,남,34세,경상,승용,여,43세,중상
2020120100100119,2020년 12월 1일 08시,화요일,울산광역시 남구 신정동,중상사고,0,1,0,0,차대사람 - 횡단중,신호위반,건조,맑음,교차로 - 교차로횡단보도내,화물,남,29세,상해없음,보행자,남,56세,중상
2020120100100152,2020년 12월 1일 09시,화요일,울산광역시 남구 삼산동,경상사고,0,0,1,0,차대차 - 정면충돌,안전운전불이행,건조,맑음,단일로 - 지하차도(도로)내,승용,남,40세,경상,승용,남,24세,기타불명
2020120100100153,2020년 12월 1일 09시,화요일,울산광역시 동구 일산동,경상사고,0,0,2,0,차대차 - 기타,안전운전불이행,건조,맑음,단일로 - 기타,승용,여,61세,상해없음,승용,남,32세,경상
2020120100100183,2020년 12월 1일 10시,화요일,울산광역시 남구 달동,경상사고,0,0,2,0,차대차 - 추돌,안전운전불이행,건조,맑음,단일로 - 기타,승용,남,25세,상해없음,승용,여,45세,경상
2020120100100215,2020년 12월 1일 11시,화요일,울산광역시 중구 교동,경상사고,0,0,1,0,차대차 - 기타,안전운전불이행,건조,맑음,교차로 - 교차로안,승용,여,29세,상해없음,이륜,여,47세,경상
2020120100100257,2020년 12월 1일 12시,화요일,울산광역시 울주군 언양읍,부상신고사고,0,0,0,1,차대차 - 측면충돌,안전운전불이행,건조,맑음,교차로 - 교차로안,승용,남,35세,부상신고,승용,남,63세,상해없음
2020120100100304,2020년 12월 1일 13시,화요일,울산광역시 울주군 웅촌면,중상사고,0,1,0,0,차대차 - 추돌,안전거리미확보,건조,맑음,단일로 - 기타,화물,남,55세,상해없음,승용,여,56세,중상
2020120100100305,2020년 12월 1일 13시,화요일,울산광역시 북구 매곡동,경상사고,0,0,1,0,차대사람 - 기타,안전운전불이행,건조,맑음,단일로 - 기타,승용,남,64세,상해없음,보행자,남,8세,경상
2020120100100430,2020년 12월 1일 16시,화요일,울산광역시 중구 성남동,경상사고,0,0,1,1,차량단독 - 전도전복 - 전도,안전운전불이행,건조,맑음,단일로 - 지하차도(도로)내,승용,여,33세,부상신고,,,,
2020120100100534,2020년 12월 1일 18시,화요일,울산광역시 남구 삼산동,경상사고,0,0,1,0,차대차 - 측면충돌,안전운전불이행,건조,맑음,교차로 - 교차로안,승용,남,65세,상해없음,승용,여,29세,경상
2020120100100535,2020년 12월 1일 18시,화요일,울산광역시 울주군 온산읍,경상사고,0,0,4,1,차대차 - 추돌,안전거리미확보,건조,맑음,단일로 - 지하차도(도로)내,승용,남,49세,상해없음,승용,남,33세,부상신고
2020120100100621,2020년 12월 1일 21시,화요일,울산광역시 남구 선암동,경상사고,0,0,1,0,차대차 - 측면충돌,신호위반,건조,기타,교차로 - 교차로안,승용,남,57세,상해없음,화물,남,43세,경상
2020120100100638,2020년 12월 1일 22시,화요일,울산광역시 남구 신정동,중상사고,0,1,0,0,차대차 - 기타,안전운전불이행,건조,맑음,교차로 - 교차로안,승용,여,29세,상해없음,자전거,남,13세,중상
2020120100100646,2020년 12월 1일 23시,화요일,울산광역시 남구 달동,부상신고사고,0,0,0,1,차대차 - 기타,교차로운행방법위반,건조,기타,교차로 - 교차로안,승용,남,55세,상해없음,자전거,남,53세,부상신고
2020120200100016,2020년 12월 2일 04시,수요일,울산광역시 남구 달동,경상사고,0,0,1,0,차대차 - 정면충돌,안전운전불이행,건조,맑음,교차로 - 교차로안,승용,남,25세,상해없음,승용,남,72세,경상
2020120200100058,2020년 12월 2일 07시,수요일,울산광역시 남구 여천동,경상사고,0,0,1,0,차대사람 - 기타,안전운전불이행,건조,맑음,단일로 - 기타,승용,남,52세,상해없음,보행자,남,51세,경상
2020120200100170,2020년 12월 2일 11시,수요일,울산광역시 중구 유곡동,경상사고,0,0,1,0,차대차 - 측면충돌,안전운전불이행,건조,맑음,단일로 - 교량,승용,여,36세,상해없음,자전거,여,74세,경상
2020120200100171,2020년 12월 2일 11시,수요일,울산광역시 남구 야음동,경상사고,0,0,1,0,차대차 - 기타,교차로운행방법위반,건조,맑음,교차로 - 교차로안,이륜,여,20세,경상,승용,여,67세,상해없음
2020120200100268,2020년 12월 2일 14시,수요일,울산광역시 울주군 삼남면,경상사고,0,0,1,0,차대차 - 추돌,안전운전불이행,건조,맑음,단일로 - 기타,승용,남,71세,상해없음,승용,남,65세,경상
2020120200100327,2020년 12월 2일 16시,수요일,울산광역시 중구 옥교동,중상사고,0,1,0,0,차대차 - 측면충돌,신호위반,건조,맑음,교차로 - 교차로부근,승용,여,59세,상해없음,자전거,남,75세,중상
2020120200100328,2020년 12월 2일 16시,수요일,울산광역시 남구 옥동,경상사고,0,0,1,0,차대차 - 측면충돌,교차로운행방법위반,건조,맑음,교차로 - 교차로부근,승용,남,58세,상해없음,승용,여,34세,경상
2020120200100382,2020년 12월 2일 17시,수요일,울산광역시 동구 방어동,중상사고,0,1,0,0,차대사람 - 횡단중,안전운전불이행,건조,맑음,교차로 - 교차로안,이륜,남,57세,상해없음,보행자,여,48세,중상
2020120200100446,2020년 12월 2일 18시,수요일,울산광역시 울주군 온산읍,중상사고,0,1,1,0,차대차 - 기타,안전운전불이행,건조,맑음,단일로 - 기타,승용,남,38세,상해없음,화물,남,56세,상해없음
2020120300100009,2020년 12월 3일 00시,목요일,울산광역시 동구 전하동,경상사고,0,0,2,0,차대차 - 추돌,안전거리미확보,건조,맑음,단일로 - 기타,승용,남,27세,상해없음,승용,남,19세,경상
2020120300100045,2020년 12월 3일 06시,목요일,울산광역시 북구 효문동,중상사고,0,1,1,0,차대차 - 추돌,안전거리미확보,건조,맑음,교차로 - 교차로부근,이륜,남,36세,중상,이륜,남,49세,경상
2020120300100179,2020년 12월 3일 11시,목요일,울산광역시 남구 삼산동,경상사고,0,0,2,0,차대차 - 기타,안전거리미확보,건조,맑음,단일로 - 기타,승용,남,52세,상해없음,승합,남,60세,경상
2020120300100275,2020년 12월 3일 14시,목요일,울산광역시 남구 옥동,중상사고,0,2,1,0,차대차 - 추돌,안전운전불이행,건조,맑음,교차로 - 교차로부근,승용,남,55세,상해없음,승용,여,56세,중상
2020120300100276,2020년 12월 3일 14시,목요일,울산광역시 북구 양정동,중상사고,0,1,0,0,차대차 - 측면충돌,안전운전불이행,건조,맑음,단일로 - 기타,자전거,남,57세,중상,자전거,남,43세,상해없음
2020120300100315,2020년 12월 3일 15시,목요일,울산광역시 동구 일산동,경상사고,0,0,1,0,차대사람 - 횡단중,안전운전불이행,건조,맑음,단일로 - 기타,승합,남,49세,상해없음,보행자,남,7세,경상
2020120300100316,2020년 12월 3일 15시,목요일,울산광역시 울주군 온산읍,중상사고,0,1,0,0,차대차 - 기타,안전운전불이행,건조,맑음,단일로 - 기타,화물,남,30세,중상,화물,남,59세,기타불명
2020120300100361,2020년 12월 3일 17시,목요일,울산광역시 울주군 청량읍,경상사고,0,0,2,0,차대차 - 기타,안전운전불이행,건조,맑음,단일로 - 기타,승용,남,42세,상해없음,승용,남,52세,경상
2020120300100396,2020년 12월 3일 17시,목요일,울산광역시 남구 선암동,부상신고사고,0,0,0,1,차대차 - 측면충돌,안전거리미확보,건조,맑음,교차로 - 교차로안,자전거,남,12세,부상신고,승용,남,65세,상해없음
2020120300100397,2020년 12월 3일 17시,목요일,울산광역시 동구 화정동,중상사고,0,1,1,0,차대사람 - 횡단중,신호위반,건조,맑음,교차로 - 교차로안,이륜,남,34세,중상,보행자,여,32세,경상
2020120300100534,2020년 12월 3일 21시,목요일,울산광역시 남구 옥동,경상사고,0,0,1,0,차대사람 - 횡단중,중앙선침범,건조,맑음,교차로 - 교차로부근,승용,여,44세,상해없음,보행자,여,24세,경상
2020120300100548,2020년 12월 3일 22시,목요일,울산광역시 남구 선암동,경상사고,0,0,2,0,차대차 - 추돌,안전운전불이행,건조,맑음,교차로 - 교차로안,승용,남,45세,상해없음,승용,여,32세,경상
2020120400100013,2020년 12월 4일 00시,금요일,울산광역시 북구 연암동,중상사고,0,1,0,0,차대차 - 측면충돌,안전운전불이행,건조,맑음,단일로 - 기타,승용,남,57세,상해없음,이륜,남,32세,중상
2020120400100068,2020년 12월 4일 06시,금요일,울산광역시 울주군 언양읍,경상사고,0,0,1,0,차대차 - 측면충돌,중앙선침범,건조,맑음,단일로 - 지하차도(도로)내,승용,여,53세,상해없음,승용,남,51세,경상
2020120400100191,2020년 12월 4일 10시,금요일,울산광역시 북구 연암동,경상사고,0,0,1,0,차대차 - 측면충돌,안전거리미확보,건조,맑음,단일로 - 기타,화물,남,57세,상해없음,승용,남,63세,경상
2020120400100218,2020년 12월 4일 11시,금요일,울산광역시 중구 우정동,경상사고,0,0,1,0,차대차 - 측면충돌,신호위반,건조,맑음,교차로 - 교차로안,원동기,남,25세,상해없음,화물,남,59세,경상
2020120400100347,2020년 12월 4일 15시,금요일,울산광역시 동구 일산동,경상사고,0,0,1,0,차대차 - 측면충돌,교차로운행방법위반,건조,맑음,교차로 - 교차로부근,이륜,여,54세,경상,이륜,남,61세,상해없음
2020120400100348,2020년 12월 4일 15시,금요일,울산광역시 북구 연암동,중상사고,0,1,0,0,차대차 - 측면충돌,신호위반,건조,맑음,교차로 - 교차로안,원동기,남,58세,중상,승용,남,23세,상해없음
2020120400100393,2020년 12월 4일 16시,금요일,울산광역시 중구 반구동,경상사고,0,0,1,0,차대차 - 측면충돌,안전거리미확보,건조,맑음,단일로 - 기타,승용,남,38세,상해없음,이륜,남,40세,경상
2020120400100446,2020년 12월 4일 17시,금요일,울산광역시 남구 부곡동,경상사고,0,0,1,0,차대차 - 측면충돌,차로위반,건조,맑음,단일로 - 기타,화물,남,30세,기타불명,이륜,남,40세,경상
2020120400100518,2020년 12월 4일 18시,금요일,울산광역시 울주군 온산읍,경상사고,0,0,1,0,차대차 - 측면충돌,교차로운행방법위반,건조,맑음,교차로 - 교차로안,승용,남,45세,상해없음,승용,남,52세,경상
2020120400100556,2020년 12월 4일 19시,금요일,울산광역시 북구 화봉동,경상사고,0,0,2,0,차대차 - 측면충돌,안전운전불이행,건조,맑음,교차로 - 교차로부근,승용,남,24세,상해없음,승용,여,48세,경상
2020120400100595,2020년 12월 4일 20시,금요일,울산광역시 남구 옥동,중상사고,0,1,0,0,차대사람 - 횡단중,보행자보호의무위반,건조,맑음,교차로 - 교차로안,승용,여,46세,상해없음,보행자,남,46세,중상
2020120400100672,2020년 12월 4일 23시,금요일,울산광역시 북구 화봉동,경상사고,0,0,1,0,차대사람 - 기타,안전운전불이행,건조,맑음,단일로 - 기타,화물,남,31세,기타불명,보행자,남,39세,경상
2020120500100027,2020년 12월 5일 01시,토요일,울산광역시 북구 양정동,경상사고,0,0,1,0,차대차 - 측면충돌,안전거리미확보,건조,맑음,단일로 - 기타,승용,남,27세,상해없음,승용,여,62세,경상
2020120500100075,2020년 12월 5일 08시,토요일,울산광역시 울주군 삼남면,경상사고,0,0,1,0,차대차 - 측면충돌,직진우회전진행방해,건조,맑음,교차로 - 교차로안,화물,남,48세,상해없음,승용,남,43세,경상
2020120500100127,2020년 12월 5일 10시,토요일,울산광역시 남구 신정동,중상사고,0,1,0,0,차대사람 - 횡단중,보행자보호의무위반,건조,맑음,교차로 - 교차로횡단보도내,승용,남,46세,상해없음,보행자,여,68세,중상
2020120500100169,2020년 12월 5일 11시,토요일,울산광역시 동구 방어동,경상사고,0,0,1,0,차대차 - 기타,안전운전불이행,건조,맑음,교차로 - 교차로안,승용,남,65세,상해없음,이륜,남,27세,경상
2020120500100204,2020년 12월 5일 12시,토요일,울산광역시 남구 삼산동,경상사고,0,0,1,0,차대사람 - 기타,안전운전불이행,건조,맑음,단일로 - 기타,승용,여,38세,상해없음,보행자,남,40세,경상
2020120500100205,2020년 12월 5일 12시,토요일,울산광역시 울주군 언양읍,부상신고사고,0,0,0,1,차대사람 - 차도통행중,안전운전불이행,건조,맑음,단일로 - 지하차도(도로)내,승용,남,23세,상해없음,보행자,남,52세,부상신고
2020120500100304,2020년 12월 5일 15시,토요일,울산광역시 울주군 두서면,중상사고,0,1,0,0,차대차 - 기타,안전운전불이행,건조,맑음,단일로 - 기타,승용,여,53세,상해없음,승용,기타불명,미분류,기타불명
2020120500100322,2020년 12월 5일 15시,토요일,울산광역시 동구 방어동,경상사고,0,0,1,0,차대차 - 측면충돌,직진우회전진행방해,건조,맑음,교차로 - 교차로안,자전거,남,45세,경상,승용,남,51세,상해없음
2020120500100442,2020년 12월 5일 18시,토요일,울산광역시 북구 상안동,경상사고,0,0,1,1,차대차 - 측면충돌,교차로운행방법위반,건조,맑음,교차로 - 교차로안,승용,남,76세,부상신고,승용,남,50세,경상
2020120500100545,2020년 12월 5일 22시,토요일,울산광역시 동구 화정동,중상사고,0,1,0,0,차대사람 - 길가장자리구역통행중,안전운전불이행,건조,맑음,교차로 - 교차로안,승용,남,40세,상해없음,보행자,남,8세,중상
2020120600100034,2020년 12월 6일 02시,일요일,울산광역시 남구 삼산동,경상사고,0,0,1,0,차대사람 - 기타,교차로운행방법위반,건조,맑음,교차로 - 교차로부근,승용,남,66세,상해없음,보행자,여,23세,경상
2020120600100045,2020년 12월 6일 05시,일요일,울산광역시 남구 달동,부상신고사고,0,0,0,1,차대사람 - 차도통행중,안전운전불이행,건조,맑음,단일로 - 기타,승용,남,65세,상해없음,보행자,남,19세,부상신고
2020120600100057,2020년 12월 6일 06시,일요일,울산광역시 남구 신정동,중상사고,0,1,1,0,차대차 - 추돌,안전운전불이행,건조,맑음,단일로 - 기타,승용,여,38세,상해없음,승합,남,50세,경상
2020120600100065,2020년 12월 6일 07시,일요일,울산광역시 울주군 온산읍,경상사고,0,0,1,0,차대사람 - 기타,기타,건조,기타,기타 - 기타,승용,남,54세,상해없음,보행자,남,20세,경상
2020120600100072,2020년 12월 6일 08시,일요일,울산광역시 동구 일산동,경상사고,0,0,1,0,차대차 - 기타,안전운전불이행,건조,맑음,교차로 - 교차로부근,승용,남,22세,상해없음,승용,남,21세,상해없음
2020120600100101,2020년 12월 6일 10시,일요일,울산광역시 중구 옥교동,경상사고,0,0,1,0,차대차 - 측면충돌,직진우회전진행방해,건조,맑음,교차로 - 교차로안,승용,남,62세,상해없음,승용,남,63세,상해없음
2020120600100178,2020년 12월 6일 13시,일요일,울산광역시 중구 우정동,경상사고,0,0,4,0,차대차 - 추돌,안전운전불이행,건조,맑음,교차로 - 교차로부근,승용,남,23세,경상,승합,남,52세,경상
2020120600100179,2020년 12월 6일 13시,일요일,울산광역시 남구 무거동,중상사고,0,1,0,0,차대차 - 측면충돌,교차로운행방법위반,건조,맑음,교차로 - 교차로안,승용,여,24세,상해없음,이륜,남,38세,중상
2020120600100180,2020년 12월 6일 13시,일요일,울산광역시 북구 신천동,경상사고,0,0,1,0,차량단독 - 공작물충돌,안전운전불이행,건조,맑음,단일로 - 기타,사륜오토바이(ATV),남,65세,경상,,,,
2020120600100245,2020년 12월 6일 15시,일요일,울산광역시 동구 방어동,경상사고,0,0,1,0,차대차 - 측면충돌,안전운전불이행,건조,맑음,교차로 - 교차로횡단보도내,화물,여,48세,상해없음,자전거,남,58세,경상
2020120600100264,2020년 12월 6일 16시,일요일,울산광역시 울주군 범서읍,중상사고,0,1,0,0,차대사람 - 기타,안전운전불이행,건조,맑음,단일로 - 기타,자전거,남,11세,상해없음,보행자,여,47세,중상
2020120600100370,2020년 12월 6일 20시,일요일,울산광역시 동구 화정동,경상사고,0,0,1,0,차대차 - 정면충돌,신호위반,건조,맑음,교차로 - 교차로안,승용,남,43세,기타불명,승용,여,37세,경상