사고번호,사고일시,요일,시군구,사고내용,사망자수,중상자수,경상자수,부상신고자수,사고유형,법규위반,노면상태,기상상태,도로형태,가해운전자 차종,가해운전자 성별,가해운전자 연령,가해운전자 상해정도,피해운전자 차종,피해운전자 성별,피해운전자 연령,피해운전자 상해정도
2020121900100464,2020년 12월 19일 19시,토요일,울산광역시 동구 화정동,경상사고,0,0,1,0,차대차 - 측면충돌,직진우회전진행방해,건조,맑음,교차로 - 교차로안,승용,여,38세,상해없음,이륜,남,22세,경상
2020121900100574,2020년 12월 19일 22시,토요일,울산광역시 울주군 온양읍,중상사고,0,1,0,0,차대사람 - 횡단중,신호위반,건조,맑음,교차로 - 교차로부근,승용,여,54세,상해없음,보행자,남,31세,중상
2020122000100007,2020년 12월 20일 00시,일요일,울산광역시 중구 우정동,경상사고,0,0,1,1,차대차 - 추돌,안전운전불이행,건조,맑음,교차로 - 교차로부근,승용,남,43세,부상신고,승용,남,40세,경상
2020122000100008,2020년 12월 20일 00시,일요일,울산광역시 남구 신정동,중상사고,0,1,0,0,차대차 - 측면충돌,과속,건조,맑음,교차로 - 교차로안,승용,남,38세,상해없음,승용,남,40세,중상
2020122000100062,2020년 12월 20일 10시,일요일,울산광역시 울주군 범서읍,경상사고,0,0,5,0,차대차 - 추돌,안전운전불이행,건조,맑음,단일로 - 기타,화물,남,54세,상해없음,승용,남,44세,경상
2020122000100100,2020년 12월 20일 12시,일요일,울산광역시 울주군 온산읍,중상사고,0,1,0,0,차대사람 - 횡단중,안전운전불이행,건조,맑음,단일로 - 지하차도(도로)내,이륜,남,36세,상해없음,보행자,여,59세,중상
2020122000100157,2020년 12월 20일 14시,일요일,울산광역시 중구 다운동,경상사고,0,0,1,0,차대차 - 측면충돌,중앙선침범,건조,맑음,단일로 - 기타,승용,남,62세,상해없음,승용,남,41세,경상
2020122000100307,2020년 12월 20일 20시,일요일,울산광역시 중구 다운동,경상사고,0,0,1,0,차대차 - 기타,교차로운행방법위반,건조,맑음,교차로 - 교차로안,승용,남,55세,상해없음,이륜,남,33세,경상
2020122100100077,2020년 12월 21일 07시,월요일,울산광역시 울주군 온산읍,경상사고,0,0,1,1,차대차 - 측면충돌,안전운전불이행,건조,맑음,단일로 - 기타,화물,남,51세,부상신고,화물,남,58세,경상
2020122100100141,2020년 12월 21일 09시,월요일,울산광역시 남구 야음동,경상사고,0,0,1,0,차대사람 - 기타,안전운전불이행,건조,맑음,교차로 - 교차로부근,승용,여,51세,상해없음,보행자,남,15세,경상
2020122100100142,2020년 12월 21일 09시,월요일,울산광역시 남구 상개동,경상사고,0,0,1,0,차대차 - 측면충돌,직진우회전진행방해,건조,맑음,교차로 - 교차로안,화물,남,66세,상해없음,승용,여,60세,경상
2020122100100283,2020년 12월 21일 13시,월요일,울산광역시 북구 화봉동,경상사고,0,0,4,0,차대차 - 추돌,안전운전불이행,건조,맑음,단일로 - 기타,화물,남,28세,경상,승용,남,49세,경상
2020122100100311,2020년 12월 21일 14시,월요일,울산광역시 남구 무거동,부상신고사고,0,0,0,1,차대차 - 기타,안전운전불이행,건조,맑음,단일로 - 기타,원동기,남,27세,부상신고,승용,남,59세,상해없음
2020122100100354,2020년 12월 21일 15시,월요일,울산광역시 남구 옥동,경상사고,0,0,2,0,차대차 - 측면충돌,교차로운행방법위반,건조,맑음,교차로 - 교차로부근,승용,여,69세,상해없음,승용,여,30세,경상
2020122100100433,2020년 12월 21일 17시,월요일,울산광역시 중구 교동,경상사고,0,0,1,0,차대사람 - 길가장자리구역통행중,안전운전불이행,건조,맑음,단일로 - 기타,승용,남,35세,상해없음,보행자,남,18세,경상
2020122100100496,2020년 12월 21일 18시,월요일,울산광역시 동구 전하동,경상사고,0,0,1,0,차대차 - 측면충돌,기타,건조,맑음,교차로 - 교차로안,이륜,남,55세,상해없음,이륜,남,37세,경상
2020122100100497,2020년 12월 21일 18시,월요일,울산광역시 북구 중산동,경상사고,0,0,1,0,차대차 - 추돌,안전거리미확보,건조,맑음,단일로 - 기타,이륜,남,17세,경상,승용,남,47세,상해없음
2020122100100498,2020년 12월 21일 18시,월요일,울산광역시 북구 산하동,경상사고,0,0,1,0,차대사람 - 횡단중,보행자보호의무위반,건조,맑음,교차로 - 교차로횡단보도내,승용,여,40세,상해없음,보행자,남,41세,경상
2020122100100547,2020년 12월 21일 19시,월요일,울산광역시 남구 신정동,중상사고,0,1,0,0,차대사람 - 기타,안전운전불이행,건조,맑음,단일로 - 기타,이륜,남,58세,상해없음,보행자,여,64세,중상
2020122100100585,2020년 12월 21일 20시,월요일,울산광역시 중구 복산동,경상사고,0,0,1,0,차대차 - 측면충돌,직진우회전진행방해,건조,맑음,교차로 - 교차로안,승용,남,31세,상해없음,이륜,남,58세,경상
2020122100100586,2020년 12월 21일 20시,월요일,울산광역시 남구 야음동,경상사고,0,0,1,0,차대차 - 측면충돌,교차로운행방법위반,건조,맑음,교차로 - 교차로안,승용,남,31세,상해없음,이륜,남,28세,경상
2020122200100012,2020년 12월 22일 01시,화요일,울산광역시 남구 달동,경상사고,0,0,1,0,차대차 - 기타,안전운전불이행,건조,맑음,교차로 - 교차로안,승용,남,23세,상해없음,이륜,여,38세,경상
2020122200100126,2020년 12월 22일 09시,화요일,울산광역시 남구 야음동,경상사고,0,0,2,0,차대차 - 추돌,안전운전불이행,건조,맑음,교차로 - 교차로부근,화물,남,46세,상해없음,승용,남,31세,경상
2020122200100187,2020년 12월 22일 11시,화요일,울산광역시 남구 삼산동,경상사고,0,0,1,0,차대사람 - 보도통행중,안전운전불이행,건조,맑음,기타 - 기타,승용,여,57세,상해없음,보행자,남,28세,경상
2020122200100270,2020년 12월 22일 14시,화요일,울산광역시 남구 여천동,경상사고,0,0,1,0,차대차 - 기타,안전운전불이행,건조,맑음,교차로 - 교차로부근,특수,남,62세,상해없음,화물,남,56세,경상
2020122200100271,2020년 12월 22일 14시,화요일,울산광역시 울주군 언양읍,경상사고,0,0,1,0,차대사람 - 기타,안전운전불이행,건조,맑음,단일로 - 기타,자전거,남,17세,상해없음,보행자,여,62세,경상
2020122200100272,2020년 12월 22일 14시,화요일,울산광역시 울주군 삼남면,경상사고,0,0,2,0,차대차 - 측면충돌,신호위반,건조,맑음,교차로 - 교차로안,승용,남,86세,경상,승용,남,58세,경상
2020122200100310,2020년 12월 22일 15시,화요일,울산광역시 북구 신천동,중상사고,0,1,1,1,차대차 - 측면충돌,차로위반,건조,맑음,단일로 - 기타,화물,남,47세,부상신고,승용,남,82세,중상
2020122200100344,2020년 12월 22일 16시,화요일,울산광역시 남구 달동,경상사고,0,0,1,0,차대사람 - 길가장자리구역통행중,안전운전불이행,건조,맑음,단일로 - 기타,승용,여,41세,상해없음,보행자,남,32세,경상
2020122200100378,2020년 12월 22일 17시,화요일,울산광역시 남구 삼산동,경상사고,0,0,1,0,차대차 - 측면충돌,안전운전불이행,건조,맑음,단일로 - 기타,승용,여,34세,상해없음,승용,남,42세,경상
2020122200100379,2020년 12월 22일 17시,화요일,울산광역시 남구 야음동,부상신고사고,0,0,0,1,차대차 - 기타,안전운전불이행,건조,맑음,교차로 - 교차로안,승용,남,42세,부상신고,승용,여,42세,상해없음
2020122200100434,2020년 12월 22일 18시,화요일,울산광역시 동구 서부동,중상사고,0,1,0,0,차대차 - 측면충돌,안전거리미확보,건조,맑음,단일로 - 기타,승용,남,26세,상해없음,이륜,남,35세,중상
2020122200100435,2020년 12월 22일 18시,화요일,울산광역시 동구 동부동,중상사고,0,1,0,0,차대사람 - 횡단중,보행자보호의무위반,건조,맑음,교차로 - 교차로횡단보도내,이륜,남,43세,상해없음,보행자,남,40세,중상
2020122200100436,2020년 12월 22일 18시,화요일,울산광역시 북구 염포동,경상사고,0,0,1,0,차대차 - 정면충돌,신호위반,건조,맑음,교차로 - 교차로부근,이륜,남,34세,경상,승용,남,36세,상해없음
2020122200100490,2020년 12월 22일 19시,화요일,울산광역시 남구 야음동,중상사고,0,1,0,0,차대차 - 기타,중앙선침범,건조,맑음,교차로 - 교차로부근,승용,남,64세,기타불명,이륜,남,37세,중상
2020122200100523,2020년 12월 22일 20시,화요일,울산광역시 중구 다운동,중상사고,0,1,0,0,차대차 - 정면충돌,중앙선침범,건조,맑음,단일로 - 기타,승용,남,31세,상해없음,승용,남,50세,중상
2020122200100524,2020년 12월 22일 20시,화요일,울산광역시 남구 삼산동,경상사고,0,0,2,0,차대차 - 측면충돌,안전운전불이행,건조,맑음,단일로 - 기타,승용,여,47세,상해없음,승용,남,25세,경상
2020122200100557,2020년 12월 22일 21시,화요일,울산광역시 울주군 온산읍,경상사고,0,0,1,0,차대차 - 추돌,기타,건조,맑음,단일로 - 지하차도(도로)내,승용,남,34세,상해없음,화물,남,49세,경상
2020122200100573,2020년 12월 22일 22시,화요일,울산광역시 동구 서부동,경상사고,0,0,1,0,차량단독 - 기타,안전운전불이행,건조,맑음,단일로 - 기타,승합,남,61세,상해없음,,,,
2020122300100009,2020년 12월 23일 00시,수요일,울산광역시 남구 달동,부상신고사고,0,0,0,1,차량단독 - 전도전복 - 전도,안전운전불이행,건조,맑음,단일로 - 기타,이륜,남,29세,부상신고,,,,
2020122300100084,2020년 12월 23일 07시,수요일,울산광역시 동구 서부동,중상사고,0,1,0,0,차대차 - 기타,안전운전불이행,건조,맑음,교차로 - 교차로부근,승합,남,62세,상해없음,이륜,남,42세,중상
2020122300100121,2020년 12월 23일 08시,수요일,울산광역시 남구 신정동,중상사고,0,1,0,0,차대차 - 기타,안전운전불이행,건조,맑음,단일로 - 지하차도(도로)내,승용,여,43세,상해없음,개인형이동수단(PM),남,23세,중상
2020122300100122,2020년 12월 23일 08시,수요일,울산광역시 남구 야음동,경상사고,0,0,2,0,차대차 - 기타,신호위반,건조,맑음,교차로 - 교차로안,승용,남,55세,상해없음,승용,남,60세,경상
2020122300100152,2020년 12월 23일 09시,수요일,울산광역시 중구 서동,경상사고,0,0,1,0,차대차 - 기타,안전거리미확보,건조,맑음,교차로 - 교차로부근,승용,남,80세,상해없음,승용,남,70세,경상
2020122300100192,2020년 12월 23일 11시,수요일,울산광역시 북구 진장동,경상사고,0,0,1,0,차대차 - 추돌,안전운전불이행,건조,맑음,단일로 - 기타,승용,남,75세,상해없음,승용,남,35세,경상
2020122300100226,2020년 12월 23일 12시,수요일,울산광역시 북구 진장동,경상사고,0,0,1,0,차대차 - 측면충돌,안전운전불이행,건조,맑음,단일로 - 기타,이륜,남,55세,경상,이륜,남,24세,상해없음
2020122300100279,2020년 12월 23일 14시,수요일,울산광역시 남구 신정동,경상사고,0,0,2,0,차대차 - 추돌,안전운전불이행,건조,맑음,교차로 - 교차로안,승용,남,54세,경상,승합,남,52세,경상
2020122300100280,2020년 12월 23일 14시,수요일,울산광역시 북구 염포동,경상사고,0,0,1,0,차대차 - 측면충돌,안전운전불이행,건조,맑음,단일로 - 기타,승용,여,55세,상해없음,승용,여,50세,경상
2020122300100312,2020년 12월 23일 15시,수요일,울산광역시 울주군 언양읍,경상사고,0,0,1,0,차대사람 - 기타,안전운전불이행,건조,맑음,단일로 - 기타,승용,여,56세,상해없음,보행자,여,49세,경상
2020122300100396,2020년 12월 23일 17시,수요일,울산광역시 중구 우정동,중상사고,0,1,0,0,차대차 - 기타,교차로운행방법위반,건조,맑음,교차로 - 교차로안,이륜,남,33세,중상,화물,남,59세,상해없음
2020122300100397,2020년 12월 23일 17시,수요일,울산광역시 북구 연암동,경상사고,0,0,1,0,차대사람 - 기타,안전운전불이행,건조,맑음,교차로 - 교차로안,화물,남,61세,상해없음,보행자,남,73세,경상
2020122300100475,2020년 12월 23일 18시,수요일,울산광역시 중구 복산동,중상사고,0,1,0,0,차대차 - 기타,안전운전불이행,건조,맑음,단일로 - 기타,승용,여,48세,상해없음,이륜,남,32세,중상
2020122300100476,2020년 12월 23일 18시,수요일,울산광역시 남구 여천동,경상사고,0,0,1,0,차대차 - 측면충돌,차로위반,건조,맑음,단일로 - 기타,승용,여,31세,상해없음,승용,남,57세,경상
2020122300100521,2020년 12월 23일 19시,수요일,울산광역시 남구 두왕동,경상사고,0,0,1,0,차대차 - 추돌,안전운전불이행,건조,맑음,교차로 - 교차로부근,승용,남,58세,상해없음,승용,남,60세,경상
2020122300100561,2020년 12월 23일 20시,수요일,울산광역시 중구 성안동,경상사고,0,0,1,0,차대차 - 측면충돌,교차로운행방법위반,건조,맑음,교차로 - 교차로안,승용,남,49세,상해없음,원동기,남,19세,경상
2020122300100562,2020년 12월 23일 20시,수요일,울산광역시 북구 염포동,경상사고,0,0,2,1,차대차 - 정면충돌,중앙선침범,건조,맑음,교차로 - 교차로안,승용,남,32세,부상신고,승용,남,40세,경상
2020122400100043,2020년 12월 24일 06시,목요일,울산광역시 남구 삼산동,중상사고,0,1,0,0,차대사람 - 횡단중,안전운전불이행,건조,맑음,교차로 - 교차로횡단보도내,승용,남,46세,상해없음,보행자,여,75세,중상
2020122400100066,2020년 12월 24일 07시,목요일,울산광역시 울주군 웅촌면,중상사고,0,1,0,0,차대사람 - 길가장자리구역통행중,안전운전불이행,건조,맑음,교차로 - 교차로부근,화물,남,46세,상해없음,보행자,남,83세,중상
2020122400100102,2020년 12월 24일 08시,목요일,울산광역시 북구 양정동,경상사고,0,0,2,0,차대차 - 기타,신호위반,건조,맑음,교차로 - 교차로안,승용,남,27세,상해없음,승합,남,42세,경상
2020122400100154,2020년 12월 24일 10시,목요일,울산광역시 울주군 온양읍,중상사고,0,1,0,0,차대차 - 측면충돌,안전거리미확보,건조,맑음,단일로 - 기타,화물,남,47세,상해없음,승용,남,30세,중상
2020122400100252,2020년 12월 24일 13시,목요일,울산광역시 북구 어물동,경상사고,0,0,2,0,차대차 - 추돌,안전운전불이행,건조,맑음,단일로 - 기타,화물,남,35세,경상,승용,남,33세,경상
2020122400100293,2020년 12월 24일 14시,목요일,울산광역시 중구 옥교동,중상사고,0,1,0,0,차대차 - 측면충돌,안전운전불이행,건조,맑음,단일로 - 기타,승용,남,66세,상해없음,승용,남,70세,중상
2020122400100294,2020년 12월 24일 14시,목요일,울산광역시 북구 염포동,경상사고,0,0,1,0,차대차 - 측면충돌,안전운전불이행,건조,맑음,단일로 - 기타,화물,남,38세,상해없음,이륜,남,49세,경상
2020122400100421,2020년 12월 24일 17시,목요일,울산광역시 울주군 범서읍,경상사고,0,0,2,0,차대차 - 측면충돌,신호위반,건조,맑음,교차로 - 교차로안,승용,여,56세,경상,승용,남,55세,경상
2020122400100422,2020년 12월 24일 17시,목요일,울산광역시 울주군 온양읍,경상사고,0,0,2,0,차대차 - 측면충돌,직진우회전진행방해,건조,맑음,교차로 - 교차로안,승용,여,64세,경상,승용,남,24세,경상
2020122400100495,2020년 12월 24일 18시,목요일,울산광역시 남구 삼산동,경상사고,0,0,1,0,차대차 - 측면충돌,신호위반,건조,맑음,단일로 - 기타,승용,남,60세,상해없음,승용,여,51세,경상
2020122400100629,2020년 12월 24일 21시,목요일,울산광역시 남구 야음동,경상사고,0,0,1,0,차대사람 - 기타,기타,건조,맑음,단일로 - 지하차도(도로)내,승용,여,38세,상해없음,보행자,여,64세,경상
2020122400100663,2020년 12월 24일 23시,목요일,울산광역시 울주군 온양읍,중상사고,0,1,0,0,차대사람 - 차도통행중,안전운전불이행,건조,맑음,단일로 - 지하차도(도로)내,승용,남,22세,상해없음,보행자,남,52세,중상
2020122500100056,2020년 12월 25일 08시,금요일,울산광역시 울주군 언양읍,중상사고,0,1,0,0,차대사람 - 차도통행중,안전운전불이행,건조,맑음,교차로 - 교차로안,화물,남,47세,상해없음,보행자,여,86세,중상
2020122500100165,2020년 12월 25일 14시,금요일,울산광역시 남구 신정동,중상사고,0,1,0,0,차대사람 - 기타,안전운전불이행,건조,맑음,단일로 - 기타,승용,여,46세,상해없음,보행자,여,49세,중상
2020122500100198,2020년 12월 25일 15시,금요일,울산광역시 중구 반구동,중상사고,0,1,0,0,차대차 - 측면충돌,신호위반,건조,맑음,교차로 - 교차로안,승용,남,61세,상해없음,이륜,남,55세,중상
2020122500100278,2020년 12월 25일 18시,금요일,울산광역시 중구 옥교동,경상사고,0,0,1,0,차대사람 - 횡단중,안전운전불이행,건조,맑음,교차로 - 교차로부근,승용,여,34세,상해없음,보행자,여,58세,경상
2020122500100279,2020년 12월 25일 18시,금요일,울산광역시 울주군 온양읍,중상사고,0,1,0,0,차대사람 - 횡단중,안전운전불이행,건조,맑음,교차로 - 교차로횡단보도내,승용,여,55세,상해없음,보행자,남,69세,중상
2020122500100308,2020년 12월 25일 19시,금요일,울산광역시 남구 달동,부상신고사고,0,0,0,1,차대차 - 기타,신호위반,건조,맑음,교차로 - 교차로안,승합,남,43세,상해없음,이륜,남,22세,부상신고
2020122500100338,2020년 12월 25일 20시,금요일,울산광역시 동구 일산동,경상사고,0,0,2,0,차대차 - 측면충돌,신호위반,건조,맑음,교차로 - 교차로안,이륜,남,43세,기타불명,승용,여,56세,상해없음
2020122500100383,2020년 12월 25일 22시,금요일,울산광역시 중구 복산동,중상사고,0,1,0,0,차대사람 - 기타,안전운전불이행,건조,맑음,교차로 - 교차로안,승용,남,45세,상해없음,보행자,남,47세,중상
2020122600100093,2020년 12월 26일 10시,토요일,울산광역시 중구 태화동,중상사고,0,1,0,0,차대차 - 측면충돌,직진우회전진행방해,건조,맑음,교차로 - 교차로안,승용,여,62세,상해없음,이륜,남,73세,중상
2020122600100218,2020년 12월 26일 15시,토요일,울산광역시 남구 신정동,중상사고,0,1,1,0,차대차 - 추돌,안전운전불이행,건조,맑음,단일로 - 기타,승용,남,58세,상해없음,승용,여,68세,중상
2020122600100277,2020년 12월 26일 17시,토요일,울산광역시 남구 야음동,중상사고,0,1,0,0,차대사람 - 횡단중,안전운전불이행,건조,맑음,단일로 - 기타,승용,남,73세,상해없음,보행자,여,67세,중상
2020122600100315,2020년 12월 26일 18시,토요일,울산광역시 동구 전하동,경상사고,0,0,1,0,차대차 - 측면충돌,안전거리미확보,기타,기타,단일로 - 기타,승용,남,67세,상해없음,승용,남,62세,경상
2020122600100351,2020년 12월 26일 19시,토요일,울산광역시 울주군 청량읍,부상신고사고,0,0,0,1,차대차 - 추돌,안전운전불이행,건조,맑음,단일로 - 기타,승용,여,42세,상해없음,승용,여,30세,부상신고
2020122600100377,2020년 12월 26일 20시,토요일,울산광역시 울주군 삼남면,경상사고,0,0,2,0,차대차 - 측면충돌,안전운전불이행,건조,맑음,교차로 - 교차로부근,승용,남,61세,상해없음,승용,남,47세,경상
2020122600100378,2020년 12월 26일 20시,토요일,울산광역시 울주군 청량읍,경상사고,0,0,2,0,차대차 - 추돌,안전운전불이행,건조,맑음,단일로 - 기타,승용,남,29세,상해없음,승합,남,52세,경상
2020122700100032,2020년 12월 27일 07시,일요일,울산광역시 울주군 온산읍,부상신고사고,0,0,0,1,차대차 - 측면충돌,안전거리미확보,건조,맑음,단일로 - 기타,이륜,남,50세,부상신고,승용,남,60세,상해없음
2020122700100112,2020년 12월 27일 14시,일요일,울산광역시 동구 동부동,중상사고,0,1,0,0,차대차 - 기타,안전운전불이행,건조,맑음,교차로 - 교차로안,이륜,남,53세,상해없음,이륜,남,27세,중상
2020122700100128,2020년 12월 27일 15시,일요일,울산광역시 동구 화정동,경상사고,0,0,1,0,차대차 - 기타,안전운전불이행,젖음/습기,흐림,단일로 - 기타,승용,여,41세,상해없음,이륜,남,34세,경상
2020122700100266,2020년 12월 27일 20시,일요일,울산광역시 북구 호계동,중상사고,0,1,0,0,차대차 - 측면충돌,교차로운행방법위반,건조,맑음,교차로 - 교차로안,승용,남,62세,상해없음,이륜,남,28세,중상
2020122800100043,2020년 12월 28일 06시,월요일,울산광역시 북구 양정동,경상사고,0,0,1,0,차대차 - 측면충돌,안전거리미확보,건조,맑음,단일로 - 기타,화물,남,60세,상해없음,승용,남,29세,경상
2020122800100268,2020년 12월 28일 13시,월요일,울산광역시 북구 화봉동,경상사고,0,0,1,0,차대차 - 측면충돌,안전운전불이행,건조,맑음,단일로 - 기타,승용,여,51세,상해없음,승용,여,34세,경상
2020122800100304,2020년 12월 28일 14시,월요일,울산광역시 남구 신정동,사망사고,1,0,0,0,차대차 - 측면충돌,안전운전불이행,건조,맑음,교차로 - 교차로횡단보도내,승용,여,53세,상해없음,자전거,남,81세,사망
2020122800100305,2020년 12월 28일 14시,월요일,울산광역시 동구 일산동,중상사고,0,1,1,0,차대차 - 측면충돌,불법유턴,건조,맑음,교차로 - 교차로횡단보도내,원동기,남,87세,경상,이륜,남,54세,중상
2020122800100306,2020년 12월 28일 14시,월요일,울산광역시 북구 중산동,경상사고,0,0,1,0,차대차 - 측면충돌,안전운전불이행,건조,맑음,교차로 - 교차로부근,건설기계,남,57세,상해없음,이륜,남,29세,경상
2020122800100340,2020년 12월 28일 15시,월요일,울산광역시 동구 화정동,경상사고,0,0,1,0,차대차 - 측면충돌,신호위반,건조,맑음,교차로 - 교차로안,승용,남,39세,상해없음,이륜,남,20세,경상
2020122800100472,2020년 12월 28일 18시,월요일,울산광역시 울주군 범서읍,경상사고,0,0,1,0,차대차 - 기타,안전운전불이행,건조,맑음,단일로 - 기타,화물,남,52세,상해없음,승용,남,28세,상해없음
2020122800100566,2020년 12월 28일 23시,월요일,울산광역시 중구 유곡동,경상사고,0,0,1,0,차대차 - 기타,안전운전불이행,건조,맑음,교차로 - 교차로부근,승용,남,48세,상해없음,승용,남,40세,경상
2020122900100001,2020년 12월 29일 00시,화요일,울산광역시 남구 삼산동,중상사고,0,1,0,0,차대차 - 정면충돌,중앙선침범,건조,맑음,단일로 - 기타,승용,남,39세,상해없음,이륜,남,59세,중상
2020122900100120,2020년 12월 29일 11시,화요일,울산광역시 남구 야음동,중상사고,0,1,1,0,차대차 - 측면충돌,안전운전불이행,건조,맑음,단일로 - 기타,승용,남,67세,중상,승용,남,61세,경상
2020122900100289,2020년 12월 29일 17시,화요일,울산광역시 중구 성남동,중상사고,0,1,0,0,차대사람 - 횡단중,보행자보호의무위반,건조,맑음,교차로 - 교차로안,승용,여,56세,상해없음,보행자,여,69세,중상
2020122900100385,2020년 12월 29일 19시,화요일,울산광역시 남구 신정동,중상사고,0,1,0,0,차대사람 - 횡단중,안전운전불이행,젖음/습기,비,단일로 - 기타,승용,남,63세,상해없음,보행자,여,73세,중상
2020122900100386,2020년 12월 29일 19시,화요일,울산광역시 남구 삼산동,중상사고,0,1,0,0,차대사람 - 횡단중,보행자보호의무위반,젖음/습기,비,기타 - 기타,승용,남,27세,상해없음,보행자,여,44세,중상
2020122900100413,2020년 12월 29일 20시,화요일,울산광역시 북구 진장동,경상사고,0,0,2,0,차대차 - 기타,안전운전불이행,젖음/습기,비,단일로 - 기타,화물,남,45세,상해없음,승용,여,62세,경상
2020122900100460,2020년 12월 29일 21시,화요일,울산광역시 울주군 온산읍,중상사고,0,1,3,0,차대차 - 정면충돌,안전운전불이행,젖음/습기,비,단일로 - 기타,승용,남,44세,상해없음,승용,남,49세,경상
2020122900100461,2020년 12월 29일 21시,화요일,울산광역시 북구 진장동,중상사고,0,1,1,0,차대사람 - 횡단중,안전운전불이행,건조,맑음,교차로 - 교차로부근,화물,여,50세,기타불명,보행자,남,47세,중상
2020123000100039,2020년 12월 30일 06시,수요일,울산광역시 북구 달천동,경상사고,0,0,1,0,차대차 - 측면충돌,안전운전불이행,건조,맑음,교차로 - 교차로부근,승용,남,49세,상해없음,승용,남,39세,경상
2020123000100201,2020년 12월 30일 12시,수요일,울산광역시 동구 방어동,중상사고,0,1,0,0,차대사람 - 보도통행중,안전운전불이행,건조,맑음,교차로 - 교차로안,승용,남,26세,상해없음,보행자,여,64세,중상
2020123000100224,2020년 12월 30일 13시,수요일,울산광역시 남구 삼산동,경상사고,0,0,1,0,차대차 - 기타,안전거리미확보,건조,맑음,단일로 - 기타,승용,남,50세,상해없음,승용,남,43세,경상
2020123000100285,2020년 12월 30일 15시,수요일,울산광역시 동구 화정동,경상사고,0,0,1,0,차대차 - 측면충돌,직진우회전진행방해,건조,맑음,교차로 - 교차로안,이륜,남,68세,상해없음,승용,남,74세,기타불명
2020123000100359,2020년 12월 30일 17시,수요일,울산광역시 남구 삼산동,경상사고,0,0,1,0,차량단독 - 기타,안전운전불이행,건조,맑음,단일로 - 지하차도(도로)내,승합,남,57세,상해없음,,,,
2020123000100422,2020년 12월 30일 18시,수요일,울산광역시 울주군 범서읍,부상신고사고,0,0,0,1,차대차 - 측면충돌,직진우회전진행방해,건조,맑음,교차로 - 교차로안,이륜,남,20세,부상신고,승용,여,49세,상해없음
2020123000100451,2020년 12월 30일 19시,수요일,울산광역시 중구 우정동,중상사고,0,2,0,1,차대사람 - 횡단중,과속,건조,맑음,단일로 - 기타,이륜,남,29세,부상신고,보행자,남,66세,중상
2020123000100479,2020년 12월 30일 20시,수요일,울산광역시 북구 화봉동,경상사고,0,0,4,0,차대차 - 기타,신호위반,건조,맑음,교차로 - 교차로부근,이륜,남,41세,경상,승용,여,44세,경상
2020123000100518,2020년 12월 30일 21시,수요일,울산광역시 중구 성안동,부상신고사고,0,0,0,1,차대차 - 추돌,안전운전불이행,건조,맑음,교차로 - 교차로안,승용,여,65세,상해없음,승용,남,27세,부상신고
2020123000100540,2020년 12월 30일 22시,수요일,울산광역시 남구 부곡동,중상사고,0,1,0,0,차대차 - 측면충돌,신호위반,건조,맑음,교차로 - 교차로안,승용,여,58세,상해없음,승용,남,62세,중상
2020123100100079,2020년 12월 31일 09시,목요일,울산광역시 남구 삼산동,중상사고,0,1,0,0,차대차 - 기타,중앙선침범,건조,맑음,단일로 - 지하차도(도로)내,승용,여,30세,상해없음,이륜,남,47세,중상
2020123100100142,2020년 12월 31일 11시,목요일,울산광역시 북구 연암동,경상사고,0,0,1,0,차대차 - 측면충돌,기타,건조,맑음,교차로 - 교차로부근,화물,남,54세,상해없음,승용,남,54세,상해없음
2020123100100177,2020년 12월 31일 12시,목요일,울산광역시 중구 남외동,경상사고,0,0,1,0,차대사람 - 횡단중,안전운전불이행,건조,맑음,교차로 - 교차로안,승용,남,70세,상해없음,보행자,여,67세,경상
2020123100100242,2020년 12월 31일 14시,목요일,울산광역시 북구 매곡동,중상사고,0,2,2,0,차대차 - 측면충돌,중앙선침범,서리/결빙,맑음,단일로 - 기타,승용,여,32세,경상,화물,남,33세,중상
2020123100100373,2020년 12월 31일 17시,목요일,울산광역시 울주군 웅촌면,중상사고,0,1,0,0,차대사람 - 기타,안전운전불이행,건조,맑음,단일로 - 기타,승용,여,57세,상해없음,보행자,여,83세,중상
2020123100100489,2020년 12월 31일 19시,목요일,울산광역시 울주군 언양읍,경상사고,0,0,1,0,차대사람 - 기타,안전운전불이행,건조,맑음,단일로 - 기타,승용,남,43세,상해없음,보행자,여,79세,경상
2020123100100490,2020년 12월 31일 19시,목요일,울산광역시 울주군 온양읍,중상사고,0,1,0,0,차대차 - 측면충돌,중앙선침범,건조,맑음,단일로 - 기타,승용,남,28세,상해없음,승용,남,58세,중상
2020123100100608,2020년 12월 31일 23시,목요일,울산광역시 울주군 언양읍,경상사고,0,0,2,0,차대차 - 추돌,기타,건조,맑음,교차로 - 교차로부근,화물,남,40세,상해없음,승용,여,39세,경상
2020123100100609,2020년 12월 31일 23시,목요일,울산광역시 북구 호계동,부상신고사고,0,0,0,1,차대차 - 추돌,안전운전불이행,건조,맑음,단일로 - 기타,승용,여,46세,부상신고,승용,남,41세,기타불명